url,requested_url,timestamp,LCP_ms,FCP_ms,TBT_ms,CLS,TTI_ms,SpeedIndex_ms,TTFB_ms,noOfRequests,pageSize_kb,javascriptExecution_ms,loadTime_ms,Speed_Score,Performance_Class
https://www.google.com/sorry/index?continue=https://google.com/&q=EgRC-VLJGJuM0csGIin5VDM-ST7IY7MDoHGXXHHaNNw8bHPZaBpf7GvMTXuxGmHlf40Gl6etGTICclJaAUM,https://google.com,2026-01-24 09:55:11,-0.6916308298084891,-0.8631378195070007,0.15648805538318183,-0.04856940587083332,-0.41119739938921573,-0.8379901480160857,-0.10588235294117647,-0.6386554621848739,-0.2663493076210179,-0.02467947431166685,-0.7515760333479713,95.86275604385779,Excellent
https://x.com/,https://x.com,2026-01-24 09:56:21,1.6001965025707094,-1.0122609360523853,1.1840650406504074,-0.12892788551367268,0.25238755884673225,0.4619980530583662,0.29411764705882354,-0.08403361344537816,0.08616398014071726,0.9051605531329234,-0.34497210991589594,73.94586475124295,Unacceptable
https://www.linkedin.com/,https://linkedin.com,2026-01-24 09:57:16,-0.49326791748070664,-0.2611238390685762,0.06015800807101858,-0.09463193702067145,-0.19722373335015395,-0.5136682371448281,-0.07647058823529412,-0.226890756302521,-0.49231411318088336,0.09790677150559035,-0.27799853441912686,90.89837881218149,Excellent
https://x.com/,https://twitter.com,2026-01-24 09:57:38,1.5238092022568697,-0.4934479561491008,1.0292682926829275,-0.12892788551367268,0.21827908658156514,0.3328455952098644,0.35294117647058826,-0.07563025210084033,0.0892052502083875,0.6763471262372528,-0.3023127613652593,76.91125885352109,Good
https://www.reddit.com/,https://reddit.com,2026-01-24 09:58:08,-0.028797610180004523,0.5408578111554899,-0.04000000000000063,1.3473938920950257,0.1500385075347249,-0.22564481984620302,1.7647058823529411,-0.14285714285714285,-0.06478885327569275,0.34538474501827,0.11191538606309993,86.48962057816108,Good
https://www.wikipedia.org/,https://wikipedia.org,2026-01-24 09:58:24,-0.434378934781525,-0.23513284120723862,-0.20910569105691107,-0.12812667390226304,-0.622064118513285,-0.3240126919174733,0.7235294117647059,-0.7142857142857143,-0.6760321212762904,-0.4778271061682806,-0.6944797788547914,87.99533205823714,Good
https://www.ebay.com/,https://ebay.com,2026-01-24 09:59:51,0.05833350368975541,0.6663764563725317,0.30796747967479704,-0.029782200699694998,0.4961033152711298,0.3997305102087435,3.3823529411764706,0.5546218487394958,0.42418928039221954,0.27529473025501283,0.36020987972359503,75.37555341072024,Unacceptable
https://aliexpress.com///_____tmd_____/punish?x5secdata=xf4CzAqJH9-jZwwMXa91JblEd1SnT3z3mBjhKys1e62eJ1CsRm7xcHNNtkBfpX_MU1dth11WdhjhMnRvjaK3RtDDcQdpklSgAkghfQj-0WwBiK46wiPdE06vcInLsQMIpGuWf-bf9FslVsa2EjlWl7_rE4j7FH4oa0zhVvQ14CFBNAc13WXZhjccIpS6tOzj3Kl_20Gq0IBv8L0NG1VEoSkEwp4RjskBla2ROW3MmoN-eVCXY2nWfNWWL__4SEJh3XMqoz-gWXaUDqKclHLUwJ4gpIGe5Ik5G8ZP7uXB9OkJaqWb-eCjEwI2x4ypQC6cCtQKmb4AkjibLzPB5DSIIWNQCgelpxjdIdLx30ZKTsRnPtKNY_47VmAMrOGC4G2FcS34k6MoGVc2BzeVheNvSzSXzaY6xOfaVsNxW6GNtf9NDL4FRq488SR_qAC4ac3Zza_GJD4BF5nLT5rnzAdmnKm6ij1jgqdahKYgrCuFJCu29hmy6v9LUAEENhyuvAVpjWmeYHwi5S4XD8okW27r9bam_0SJo4BHrxwy7P6c5I6zFhLZhsCCUAluVwiSM51I-zB4OpnosCC7QjvCJE9jBWU3HXgUzbhgZLJI_Z-SQz3aRWrBS1_PEd_hB_hqTS6MMbhnoHL5lOLEILzSZmb00BoJg8G20hJu5fKwqtrd_XIJyUyA8FvUaUjC0QgRcV9EbVjYsRojHm6kZQicAlhV0EvQ__bx__aliexpress.com%2f&x5step=1,https://aliexpress.com,2026-01-24 10:00:49,-0.13051514290491154,-0.41811672096596003,0.828943089430895,0.043804325677215074,-0.17419359043594052,-0.16939894554155518,0.9941176470588236,-0.453781512605042,-0.5627103851406211,0.29016857423856013,-0.6107307749292237,85.62866814659823,Good
https://www.bing.com/?toWww=1&redig=C02DBF635D7C46C991D6AC3A591AA0DF,https://bing.com,2026-01-24 10:01:26,-0.07110959000981586,-0.10793716840393837,0.9967479674796724,2.9569075517935004,0.7036416728337747,0.3816211264999789,1.2705882352941176,1.5294117647058822,0.7287389823599355,1.136852106102165,0.4340495280909673,75.79135238613623,Unacceptable
https://duckduckgo.com/,https://duckduckgo.com,2026-01-24 10:01:52,-0.6551201429567622,-1.0209499658814363,0.4464923108108646,-0.1416242804543253,-0.24518923853656208,-0.2998212900662439,1.8823529411764706,0.20168067226890757,-0.01970145645736387,0.08790160520677556,-0.13512975996775192,87.62503563197981,Good
https://www.baidu.com/,https://baidu.com,2026-01-24 10:03:34,0.8957463254098048,-0.06770284749370466,-0.0764227642276432,1.2644643279448928,-0.06311510894930086,0.871385244052417,0.08823529411764706,0.12605042016806722,0.11555005711107678,-0.08068128792535666,0.4308033598908688,64.54616472272312,Unacceptable
https://www.netflix.com/,https://netflix.com,2026-01-24 10:04:23,0.11780016714924213,0.07963366191246715,1.2237213456361424,-0.04760616622945903,0.9450830944439153,-0.02731380420906338,1.7,-0.08403361344537816,0.6130428709162363,0.9786830674015523,-0.019805363385304985,83.45377888704853,Good
https://soundcloud.com/,https://soundcloud.com,2026-01-24 10:05:47,1.7377918224500235,0.4606673879362866,2.160975609756101,1.1596862056030444,1.3331832502341954,0.7276704142377597,1.3764705882352941,0.8067226890756303,1.0936130933123611,1.8667748808734148,0.5968598127847237,67.84591693682498,Unacceptable
https://www.twitch.tv/,https://twitch.tv,2026-01-24 10:06:21,1.3114999836959191,-0.0050221932575054504,1.8175542846785855,-0.11038690876175017,0.5593912951393092,0.4925032383654624,0.35294117647058826,1.2773109243697478,0.37419188459435465,1.8324671949641733,0.2840263697775333,73.24545301997978,Unacceptable
https://www.disneyplus.com/en-tw,https://hulu.com,2026-01-24 10:08:01,2.5764720730635253,0.9381723181503016,2.261788617886183,-0.14354319237352134,1.6185096024279926,0.6545394512774706,0.047058823529411764,1.3529411764705883,0.8791229293598707,1.5404407725551168,0.7748544763618357,69.52503423640238,Unacceptable
https://www.disneyplus.com/en-tw,https://disneyplus.com,2026-01-24 10:08:47,2.3783616910920133,0.5094505999352474,3.6660162601626065,-0.14354319237352134,1.9178341525823766,0.6836193776865684,0.029411764705882353,1.3781512605042017,0.8971353844955592,2.4472019407396446,0.9017593644344364,68.8573470417121,Unacceptable
https://github.com/,https://github.com,2026-01-24 10:09:36,0.33270183190722197,1.5012994647063946,4.40943089430895,-0.093789643646654,1.767166549132074,0.368941643769996,3.0470588235294116,0.37815126050420167,0.8634169554844325,0.2243043947677323,1.1142819387846354,76.08247857865153,Unacceptable
https://about.gitlab.com/,https://gitlab.com,2026-01-24 10:10:10,0.19224973012361307,0.9522935951435642,0.9837398373983747,0.2748585437226244,0.3885113130423792,-0.19857994636773602,-0.052941176470588235,0.36134453781512604,0.31160753462408225,0.7590088687728725,0.3220246906329628,86.0753400834706,Good
https://bitbucket.org/,https://bitbucket.org,2026-01-24 10:10:57,0.13444440921093903,0.36184814188875597,1.4288726148139181,0.8615808231850093,0.846984718891698,0.2433239254704352,0.12941176470588237,0.23529411764705882,0.8402837013015056,0.6226036751640938,0.9416584021965025,78.96671359200381,Good
https://stackoverflow.com/questions,https://stackoverflow.com,2026-01-24 10:11:23,0.7219011005939517,-0.29748847597474953,0.3177235772357719,-0.02895005202551458,-0.1391318013442952,-0.3778767612048327,0.08235294117647059,-0.18487394957983194,-0.32260281140217567,-0.01000757034664624,-0.13388575143054315,88.81982633448649,Excellent
https://medium.com/,https://medium.com,2026-01-24 10:11:43,-0.3456466509874084,-0.74492511631062,0.7424390243902443,-0.14272368530935955,-0.1096263991190467,-0.719638982784903,-0.08823529411764706,-0.5126050420168067,-0.1599423612386311,0.5565442870086897,-0.44815007121014533,94.05116142036265,Excellent
https://www.quora.com/,https://quora.com,2026-01-24 10:12:03,-0.15048921395809287,-0.3547240263367199,-0.2149593495934966,0.6998795421460796,-0.4783399998396858,-0.14195516418454351,0.4823529411764706,-0.5546218487394958,-0.2228240214342604,-0.2316689549195359,-0.4492979760835354,85.20858773034188,Good
https://wordpress.com/,https://wordpress.com,2026-01-24 10:12:23,-0.18254396619884206,-0.40441619540709456,-0.21756097560975662,-0.13917800234951497,-0.12910732524937657,-0.755866299304832,0.16470588235294117,-0.19327731092436976,0.1278388797591623,-0.2259660726344579,-0.43999193797042413,94.60569091487977,Excellent
https://www.tumblr.com/,https://tumblr.com,2026-01-24 11:00:06,3.9215294307740596,-0.07880971579589423,1.5027642276422766,0.7397954406031976,1.2111017224994018,0.2488815900667832,-0.011764705882352941,3.2857142857142856,1.7120750316833186,0.9125010728063327,1.60700542318314,78.83910730335089,Good
https://www.blogger.com/about/?bpli=1,https://blogger.com,2026-01-24 11:00:26,0.03779759696816509,1.1153323960399395,-0.3326829268292689,-0.14354319237352134,-0.4246209533526127,-0.38015173807142877,-0.052941176470588235,-0.31092436974789917,-0.2187569489592123,-0.4833540121514989,-0.4897576185512106,88.85464927731135,Excellent
https://www.pinterest.com/,https://pinterest.com,2026-01-24 11:01:06,2.2413340023419956,2.200642529100213,0.44194773913374547,-0.14354319237352134,0.7154024200323058,1.26150701456951,1.9058823529411764,1.5378151260504203,2.29105986646637,0.849064981653506,0.6596048270734697,55.588806754214964,Unacceptable
https://www.paypal.com/us/home,https://paypal.com,2026-01-24 11:02:39,0.9110325251453102,0.7335561398334867,0.3782113821138218,-0.14354319237352134,0.2073745402181876,-0.022434548321238812,-0.029411764705882353,-0.008403361344537815,-0.037194576880803715,0.8836159572040945,0.1495987004649015,83.37909239185625,Good
https://stripe.com/,https://stripe.com,2026-01-24 11:03:20,-0.2076190730979515,0.21920124577663191,0.5063406074457273,-0.0689780091431383,-0.154423121659478,-0.4791549984742425,1.188235294117647,1.4873949579831933,-0.36454654954852167,0.1505227241420098,0.6588093023007485,90.37008661080853,Excellent
https://www.shopify.com/,https://shopify.com,2026-01-24 11:04:48,-0.20845487727362924,0.5203047652602375,0.3248773673210643,-0.14354319237352134,0.03984643856598505,-0.6413828328584477,0.052941176470588235,0.9495798319327731,0.5691970043667781,0.23483797078167964,3.148059707070694,92.85329893894752,Excellent
https://www.alibaba.com/,https://alibaba.com,2026-01-24 11:08:07,0.58583950016638,0.10047859698240433,2.918517408899395,0.8128480058847403,1.9215965937761776,1.3630233865528982,0.8529411764705882,3.2436974789915967,1.298220566818112,2.4919417518440814,1.423746414465737,53.257948667740656,Unacceptable
https://www.ebay.co.uk/,https://ebay.co.uk,2026-01-24 11:08:38,-0.1546426229152175,0.29251010623385243,-0.042601626016260205,-0.061476286948297314,0.029447484039008685,0.6230010119977484,2.864705882352941,0.16806722689075632,0.43789018972758953,0.041777062546832715,0.1948475088462088,70.24916990825193,Unacceptable
https://www.bestbuy.com/,https://bestbuy.com,2026-01-24 11:08:54,-0.6609730318351102,-0.7457689924365811,0.24032520325203247,-0.1432988938818188,-0.42927510964779964,-0.6404884078446975,-0.1,-0.23529411764705882,-0.5186244255270396,-0.029859235786848414,-0.6078903777541375,92.8396080256146,Excellent
https://www.homedepot.com/,https://homedepot.com,2026-01-24 11:10:12,-0.6486467937434122,-0.8653477218813561,-0.3326829268292689,-0.14354319237352134,-0.7114163834944592,-0.919393630226054,-0.10588235294117647,-0.7310924369747899,-0.7050546365714436,-0.4858758583352292,-0.9032062584841514,97.1087945633544,Excellent
https://www.ikea.com/,https://ikea.com,2026-01-24 11:12:18,-0.2531902490918981,-0.2894019796515893,-0.3326829268292689,-0.14354319237352134,-0.5465062652086978,-0.6994803058024064,0.3058823529411765,0.008403361344537815,0.3529032678869846,-0.29463769917235755,-0.34185407993422245,93.74259368664468,Excellent
https://www.craigslist.org/about/sites,https://craigslist.org,2026-01-24 11:13:14,0.39072954877361976,0.9807620434837632,-0.24162601626016314,-0.14354319237352134,-0.2779839927397409,1.680376777021815,-0.08823529411764706,-0.4369747899159664,-0.4324041864072147,-0.3266889457793443,1.3699870927440398,47.76187941359684,Unacceptable
https://www.airbnb.com/,https://airbnb.com,2026-01-24 11:14:14,1.047053341993794,-0.6692827923024629,0.5076422764227647,-0.13145564854819267,0.08361807866300405,0.9360074815735696,1.4176470588235295,0.3697478991596639,0.06896433721413064,0.41826970579983636,1.748010854374919,63.06241129508004,Unacceptable
https://www.booking.com/,https://booking.com,2026-01-24 11:15:00,-0.156666589540336,-0.0006827775434036985,2.36520325203252,-0.14354319237352134,1.000187795862938,0.40261815959238323,-0.0058823529411764705,1.26890756302521,0.7660021377043229,1.6068405738846856,0.9069115886336059,75.3092517808919,Unacceptable
https://www.expedia.com/,https://expedia.com,2026-01-24 11:15:52,-0.41365922674961947,-0.08099175277459685,1.985303691983649,0.08059297782717327,1.1233661327614186,0.2512871934905642,2.0647058823529414,0.865546218487395,0.5895761693534892,1.5074957009614505,1.2228950961770761,78.78387364907799,Good
https://www.uber.com/,https://uber.com,2026-01-26 09:54:23,0.20326113419745712,1.8575299079234568,4.479660163033964,1.571714549195727,0.9630786472808173,0.6463160520593806,0.047058823529411764,0.35294117647058826,-0.14444663989825202,3.687383869464043,0.4382246983746469,69.71384689973247,Unacceptable
https://www.lyft.com/,https://lyft.com,2026-01-26 09:54:55,0.8145646845697997,0.5792921045739908,2.2891056910569128,-0.0848096134755638,0.6539640571341799,0.002884371082807249,1.988235294117647,0.3949579831932773,0.07663855474378518,1.116215278637551,0.2509346748692924,82.99153711789269,Good
https://www.google.com/maps,https://maps.google.com,2026-01-26 09:55:22,0.37027183697106514,1.2605507892824852,0.4295958487039922,-0.12857671244350802,0.09712448329832825,-0.2968223262499336,-0.052941176470588235,2.3949579831932772,0.7413604310888761,0.8928652908621295,-0.035176610503863615,87.57913066167326,Good
https://news.google.com/home?hl=en-US&gl=US&ceid=US:en,https://news.google.com,2026-01-26 09:55:51,-0.01016220182550125,-0.007684388788588272,-0.07186991869918737,-0.14201258152620663,-0.1769106009295249,-0.3942686955694368,0.6529411764705882,0.226890756302521,-0.30312844410865486,-0.029031281710892403,0.108792016988992,89.07073675100496,Excellent
https://www.forbes.com/,https://forbes.com,2026-01-26 10:39:37,-0.15893502034073184,0.23811686235142257,1.9684436576521103,-0.1144693887170078,2.8019853659758844,0.37922878188196285,0.3176470588235294,2.1092436974789917,3.870072283206332,2.4104878029430736,2.7392507384632223,75.846281612719,Unacceptable
https://www.politico.com/,https://politico.com,2026-01-26 10:40:24,0.6481009542397724,0.629545550617996,1.023414634146341,1.0538706320690931,1.4304482802657563,0.1468353516808342,-0.023529411764705882,4.0,1.330630666577875,1.3311938910259487,0.9964054560185587,80.78808756174476,Good
https://www.vice.com/en/,https://vice.com,2026-01-26 10:42:31,-0.06603986550370572,0.15344341026028543,0.13756097560975475,1.1279195134768234,1.1514586876766826,0.2850489283187473,0.2411764705882353,1.781512605042017,0.7323173819507643,0.2449349717079634,0.35835721464886794,78.00869018753201,Good
https://www.msn.com/en-xl,https://msn.com,2026-01-26 10:44:57,1.2981030052419236,-0.19438493913437294,0.7560975609756088,2.669260478637455,0.7709012301516097,0.4355581077707809,0.03529411764705882,1.6554621848739495,0.7167088688858484,0.740125553802462,0.22238120853026785,74.55293688232337,Unacceptable
https://www.economist.com/,https://economist.com,2026-01-26 10:47:29,1.7173792682042541,0.7511383087679895,1.4559349593495947,1.352157989652397,1.9106245506408086,1.48104881191081,1.388235294117647,2.6470588235294117,1.6611774922197322,2.8503006622430243,2.390127484179602,50.548035855351394,Unacceptable
https://time.com/,https://time.com,2026-01-26 10:48:13,-0.434376959113832,-0.9471416187835959,0.9921951219512223,-0.07772537632498115,0.8349563590489553,-0.42946630472441455,0.5529411764705883,1.773109243697479,0.303185113737245,0.8272318999839109,0.8525275930970876,89.60950457285519,Excellent
https://www.nbcnews.com/,https://nbcnews.com,2026-01-26 10:49:17,-0.23574645047664552,0.4041781736796122,1.4227642276422776,3.31387967966508,2.0564392147391843,0.9777335142049146,0.13529411764705881,2.9495798319327733,1.528712372273467,2.1440053504488623,1.924462520238497,62.10436424636187,Unacceptable
https://www.telegraph.co.uk/,https://telegraph.co.uk,2026-01-26 10:52:31,-0.29927756038635006,-0.13701108520241254,0.9941463414634115,1.5109291997917795,2.015405900982727,0.7288071603116658,-0.011764705882352941,3.857142857142857,1.1528038359589463,1.9982859138903701,2.010443264801633,67.81981677458646,Unacceptable
https://www.sky.com/,https://sky.com,2026-01-26 10:56:12,2.2501157187789933,-0.05385644044190076,0.8725203252032521,0.6197391243110968,0.57291641523028,1.0389478453358851,1.2941176470588236,0.23529411764705882,0.1866833080088079,0.643085201138267,0.5094161568945702,60.698857765613255,Unacceptable
https://www.rt.com/,https://rt.com,2026-01-26 10:57:38,3.91546395982647,1.8293312607146848,1.8084552845528459,-0.14322980948932035,1.1947313143063292,1.3841931726918069,3.3058823529411763,0.17647058823529413,0.8126675236008812,0.834810420393433,1.397317906915593,52.77188158076004,Unacceptable
https://www.engadget.com/,https://engadget.com,2026-01-26 11:07:04,-0.15278544580095518,-0.634545539799545,0.8504065040650423,-0.10561354855456596,0.5284784940344902,0.31418126294449905,1.4470588235294117,0.36134453781512604,0.3806177276970962,0.7106788526248883,0.43229296668005884,77.33979967840881,Good
https://arstechnica.com/,https://arstechnica.com,2026-01-26 11:08:10,-0.35700549167370454,-0.21935957096316186,3.429918699186988,-0.07082400722051532,2.1392940504831865,0.7057577620584532,0.8941176470588236,3.3529411764705883,0.9382712382265938,3.165468929965502,1.9858887786959531,68.34904053679556,Unacceptable
https://www.cnet.com/,https://cnet.com,2026-01-26 11:08:55,4.408563897713989,0.5094397382492526,1.205528455284554,0.5886250625249209,1.4711514363390625,0.9950451162809192,2.488235294117647,1.504201680672269,0.9472042333033855,1.5294489850230113,0.9377555256269763,61.70688266875699,Unacceptable
https://www.zdnet.com/,https://zdnet.com,2026-01-26 11:09:26,0.5847630625087099,1.188257495096284,0.9343089430894298,0.39309735152411646,1.350968661146667,0.8520304508086884,1.8352941176470587,1.0168067226890756,0.9198982328452376,0.8055709481396327,0.23987741443770672,64.99055881859925,Unacceptable
https://gizmodo.com/,https://gizmodo.com,2026-01-26 11:10:04,0.06924763401711002,0.12032476484984904,0.30146341463414694,-0.14354319237352134,0.3040628667936252,0.005312313303880427,3.429411764705882,0.31092436974789917,0.062064057075897815,0.7463227083233649,0.551691090789932,82.95437274299819,Good
https://mashable.com/,https://mashable.com,2026-01-26 11:10:37,-0.31696707002931,-0.35035431120499216,0.14081300813008205,0.3342927384559364,0.7561464514483285,-0.1100309880874372,0.011764705882352941,2.3529411764705883,0.6606064841142643,0.5792885028094906,0.28989403236290867,84.71992616402726,Good
https://thenextweb.com/,https://thenextweb.com,2026-01-26 11:11:03,0.23840484439652318,0.0818221238857571,-0.23967479674796802,0.2408395740497476,-0.33337815555436345,0.0925713328013777,1.4058823529411764,-0.35294117647058826,-0.4001884607358524,-0.11403552846140032,0.004177839829896514,81.61870384388477,Good
https://hackernoon.com/,https://hackernoon.com,2026-01-26 11:11:30,0.29335270696703536,0.027550526379784678,-0.14276422764227686,0.3002248992618938,-0.2731092067022694,-0.2982707163658312,-0.01764705882352941,0.13445378151260504,-0.16260200105386347,-0.08355604833193919,-0.0020795765031881444,87.60130108763872,Good
https://venturebeat.com/,https://venturebeat.com,2026-01-26 11:12:12,-0.5716059134482104,-1.162042302446133,1.0839024390243874,-0.12555052217163493,0.8862631953712103,1.2223377012550087,-0.041176470588235294,1.4621848739495797,0.3507659742135395,1.475172316139017,0.6257870155941543,56.488150464958395,Unacceptable
https://stackexchange.com/,https://stackexchange.com,2026-01-26 11:12:45,-0.3890458681919142,-0.47602201538682015,-0.3326829268292689,-0.14354319237352134,-0.5950612938757639,-0.7742626823466058,-0.01764705882352941,-0.16806722689075632,-0.6306055279853858,-0.4819043713042259,-0.3337546767112793,94.8872833144572,Excellent
https://stackoverflow.blog/,https://stackoverflow.blog,2026-01-26 11:13:00,-0.2332343267024019,-0.6757620930939838,-0.30601626016260236,-0.05501647372893842,-0.5055978506012258,-0.7683299670461723,0.12352941176470589,-0.09243697478991597,-0.3327954053250698,-0.3415945231943723,-0.5685412665128119,94.79647157534167,Excellent
https://www.mozilla.org/,https://mozilla.org,2026-01-26 11:13:15,-0.45156273335261354,-0.015798783648383087,0.01176286842262202,2.4547280516621415,-0.40816624859664463,-0.6035919671365346,-0.09411764705882353,-0.4789915966386555,-0.5556006737662943,-0.21167785470463663,-0.6580564902675018,92.2748362848172,Excellent
https://www.firefox.com/,https://mozilla.org/firefox,2026-01-26 11:13:29,-0.30410347555400025,0.4327322519211103,-0.15277155526321556,-0.05176144068882374,-0.43142963653225597,-0.6019054419611061,-0.09411764705882353,-0.5042016806722689,-0.5473165048719112,-0.2817890250888827,-0.6782863115013394,92.24902073890156,Excellent
https://workspace.google.com/intl/en-US/products/drive/,https://drive.google.com,2026-01-26 11:14:39,0.6618182125613955,1.3553977243026651,-0.07772357723577243,0.3385233314624123,-0.12968306523478668,-0.4738337095581442,-0.011764705882352941,0.12605042016806722,0.1197854958739651,-0.2140867106399063,-0.1375750643026945,90.28863394093716,Excellent
https://accounts.google.com/v3/signin/identifier?continue=https%3A%2F%2Fdocs.google.com%2F&dsh=S756334534%3A1769405380933504&emr=1&followup=https%3A%2F%2Fdocs.google.com%2F&ifkv=AXbMIuDidPw38YqB2KqdHAxGdJ6VuPpieAwTr2TxXbfDlH-pzHtikeH_ZNfDKitBp2TNqRqS9RKLTw&osid=1&passive=1209600&flowName=GlifWebSignIn&flowEntry=ServiceLogin,https://docs.google.com,2026-01-26 11:14:57,-0.15790661200916886,1.0371380113624287,0.15902449238796892,0.034175694764050295,-0.27623737303461954,-0.5376878413737062,1.0176470588235293,-0.5882352941176471,-0.5040507491581172,0.02659357720154822,-0.5020054965956612,91.26604554190502,Excellent
https://accounts.google.com/v3/signin/identifier?continue=https%3A%2F%2Fdocs.google.com%2Fpresentation%2F%3Fusp%3Ddirect_url&dsh=S588530859%3A1769405398550590&followup=https%3A%2F%2Fdocs.google.com%2Fpresentation%2F%3Fusp%3Ddirect_url&ifkv=AXbMIuC76sp7rZ7rqQ-_UgzTZTCR7UNq6Tnpsux1nggOdKI7CvRkWRu6vwRJyKEZ6K2zsIJZZ56LGw&ltmpl=slides&osid=1&passive=1209600&service=wise&flowName=GlifWebSignIn&flowEntry=ServiceLogin,https://slides.google.com,2026-01-26 11:15:12,0.2660984323814851,1.7079068123774144,0.0022764227642273487,0.04279673791871814,-0.23716258002456098,-0.40310794421336305,0.9588235294117647,-0.5798319327731093,-0.503373998810896,-0.11356721994225137,-0.6229839920661087,89.2060386323831,Excellent
https://accounts.google.com/v3/signin/identifier?continue=https%3A%2F%2Fdocs.google.com%2Fspreadsheets%2F%3Fusp%3Ddirect_url&dsh=S-399054888%3A1769405413159792&followup=https%3A%2F%2Fdocs.google.com%2Fspreadsheets%2F%3Fusp%3Ddirect_url&ifkv=AXbMIuAKrxOTNOlmJ5Q1g3PtTd2wU7TqFk5pEhfNr8hfvSSqsXUNiY0ttPEQTXuGaVYjiDP9lrI_&ltmpl=sheets&osid=1&passive=1209600&service=wise&flowName=GlifWebSignIn&flowEntry=ServiceLogin,https://sheets.google.com,2026-01-26 11:15:25,0.20168944131942562,1.583090589376263,-0.12195121951219524,0.04279673791871814,-0.2901797092638409,-0.42815048410194995,1.0058823529411764,-0.5798319327731093,-0.5034648892296976,-0.19521637752782856,-0.7063058685969266,89.58936338066258,Excellent
https://www.dropbox.com/,https://dropbox.com,2026-01-26 11:15:57,-0.12074160640414075,0.2142219146889527,0.11089430894308984,-0.09440357285098527,-0.08346435455353333,0.05392280917743555,3.988235294117647,1.0168067226890756,-0.06952501064095472,0.16172174059794756,0.2570479357066489,82.21029461923872,Good
https://www.box.com/,https://box.com,2026-01-26 11:17:01,1.3171566512477948,1.392292938829922,-0.08617886178861828,-0.14354319237352134,0.1686943900576152,-0.13550124369798305,0.011764705882352941,1.4369747899159664,-0.0893330990806174,0.06269997170435711,1.9926373915329998,85.10979793278408,Good
https://www.scribd.com/,https://scribd.com,2026-01-26 11:17:37,0.30172426755016224,2.578458957537381,1.2699186991869906,-0.12507569970992174,0.6332666349263456,-0.22844445659875803,0.2823529411764706,0.6554621848739496,0.18737785316693908,1.0969646251572451,0.42477018544002787,86.53247446032405,Good
https://www.academia.edu/,https://academia.edu,2026-01-26 11:18:06,0.837652042052218,1.573138803551743,0.06915421023838181,-0.14354319237352134,0.07828413748714914,-0.14926619615163317,-0.07058823529411765,0.9327731092436975,0.5448120905610779,-0.00905508659260086,0.0669815841354207,85.32049728508018,Good
https://www.slideshare.net/,https://slideshare.net,2026-01-26 11:18:29,0.7227316630928353,0.27283843747756276,-0.00487804878048866,0.008586492780162092,-0.13022745987767226,-0.32566757615976544,0.023529411764705882,-0.04201680672268908,-0.1055351375309604,0.10956688433717174,-0.20339539583363916,88.02066327817053,Excellent
https://www.udemy.com/,https://udemy.com,2026-01-26 11:21:01,4.239557529137222,-0.08534453174031309,2.3602193797349083,0.956039011874965,1.6654258520008405,1.3183255727008665,-0.03529411764705882,1.0924369747899159,2.203064252750376,2.680950877850086,0.7669739759287015,54.28422904822726,Unacceptable
https://www.futurelearn.com/,https://futurelearn.com,2026-01-26 11:22:00,-0.36381917788485657,0.0005962932802267236,0.106991869918699,-0.07566989277731256,0.11677985691633055,0.4475302679696137,3.176470588235294,0.2689075630252101,-0.16621544273386882,-0.020322858816760204,0.38513810229968054,74.27805110905535,Unacceptable
https://www.udacity.com/,https://udacity.com,2026-01-26 11:22:48,0.7774598670475722,-0.4630545825530628,2.119331337692857,0.6383333141397797,1.2626814695400548,-0.05906608734044852,0.029411764705882353,2.302521008403361,1.2464543668157986,1.377308817494522,1.1114095070549432,83.93980929741375,Good
https://web.mit.edu/,https://mit.edu,2026-01-26 11:23:06,-0.013418416369238725,0.5710565563450799,-0.30991869918699216,-0.06110212143161568,-0.42798116210471826,-0.4843891193868598,-0.10588235294117647,-0.5462184873949579,-0.3870643770402863,-0.3759300960585383,-0.5335061419584591,90.45020500495782,Excellent
https://www.stanford.edu/,https://stanford.edu,2026-01-26 11:23:29,-0.006154966894660468,0.5950271182058695,-0.23967479674796832,-0.10746981579824041,-0.12927444416315034,-0.2846760161017988,0.17058823529411765,-0.04201680672268908,0.4980552667130746,-0.181736881291242,-0.16753805104439323,87.39320777602457,Good
https://www.harvard.edu/,https://harvard.edu,2026-01-26 11:23:51,1.0232303018974604,-0.26219573239069743,0.008130081300812721,-0.06445551163324864,0.0013542706341890109,-0.4724950418291206,-0.0058823529411764705,-0.15966386554621848,0.17013303879727337,-0.040373098608512334,-0.31972888088618256,90.26814302937063,Excellent
https://www.ox.ac.uk/,https://ox.ac.uk,2026-01-26 11:24:11,-0.09245996385944363,0.1888677482771868,-0.2585365853658542,-0.12272486474467464,-0.23373732230422628,-0.22199908042733005,-0.07058823529411765,-0.2689075630252101,-0.35816204516035555,-0.2993073216959776,-0.39055194202813437,86.43381545011698,Good
https://www.cam.ac.uk/,https://cam.ac.uk,2026-01-26 11:24:31,-0.32818614920902933,0.26922331030775476,-0.10569958952887265,2.8283406881132165,-0.20252934360012229,-0.46058095492989815,-0.07058823529411765,-0.19327731092436976,-0.22815589431552294,-0.17417134274005128,-0.4360623659387259,90.08577477191982,Excellent
https://www.w3schools.com/,https://w3schools.com,2026-01-26 11:24:53,-0.15796491864149678,-0.3263025842940537,-0.030894308943089758,-0.14354319237352134,-0.25210166801556666,-0.1915389867838653,0.24705882352941178,-0.42016806722689076,-0.3626159494479536,-0.22665314950701293,-0.2676513732813129,85.96756451149824,Good
https://www.tutorialspoint.com/,https://tutorialspoint.com,2026-01-26 11:25:59,0.2967528835698394,0.2691626589942545,2.0230894308943124,-0.09415082371228599,1.3430049984770627,0.21349589626873738,-0.08823529411764706,2.6050420168067228,0.5990720279876786,1.5021207308016784,2.065836348808247,79.65157753769078,Good
https://www.geeksforgeeks.org/,https://geeksforgeeks.org,2026-01-26 11:26:19,4.45497418391419,-0.015865881247697312,0.28780487804878047,-0.06364470247019591,1.4200941018715583,-0.20853655083752912,-0.08235294117647059,-0.226890756302521,1.8945881941969616,-0.02274373499122809,-0.4192602420477556,86.22774526757262,Good
https://www.nytimes.com/section/technology,https://nytimes.com/section/technology,2026-01-26 11:27:44,-0.32920509980815743,0.1671426410754739,3.109258368945839,0.06659670098443306,2.645916506233166,1.7378988394168904,0.07058823529411765,2.991596638655462,1.4539432308573519,2.5212394020555964,1.2407116476305773,47.0281402712479,Unacceptable
http://www.xtremesystems.org/forums/forum.php,https://xtremesystems.org,2026-01-26 11:29:46,-0.3961861744227596,-0.05930083264754246,-0.3326829268292689,-0.1423922369583082,-0.6050574940606749,-0.3031050319772469,2.523529411764706,-0.4789915966386555,-0.5848274187374294,-0.48032491187361503,-0.40728465771745787,87.67529968454997,Good
https://www.pcmag.com/,https://pcmag.com,2026-01-26 11:33:23,0.01876119733570275,1.045628068086848,0.14991869918699055,0.2563826269799729,0.6365429169264847,0.3040956387205853,1.9352941176470588,0.8319327731092437,0.1624725095837034,0.540153488838365,0.19715399677785758,77.57136980173135,Good
https://www.ign.com/,https://ign.com,2026-01-26 11:35:46,-0.06411128310036344,0.17552217870669312,2.332032520325206,-0.14340556218197004,1.1254895522144568,0.6185802658210313,0.047058823529411764,2.0168067226890756,0.6889730553026449,1.594509250896251,0.5283379004819864,70.35067207753687,Unacceptable
https://kotaku.com/,https://kotaku.com,2026-01-26 11:38:08,-0.21359598544191155,0.850389902024041,0.08227642276422803,-0.14354319237352134,0.12362162580712142,-0.044464101232573924,2.152941176470588,0.29411764705882354,0.2540881353714232,0.3765734192604108,0.32237707073363125,83.7162975180941,Good
https://www.espn.com/,https://espn.com,2026-01-26 11:40:47,0.5398877516957151,0.91757278638857,3.373323100593659,5.412901658915092,1.5072518858682218,0.4265280038303783,0.6529411764705882,1.1932773109243697,1.3993372528001333,2.6888794276250483,2.7978793124850676,74.76027182130872,Unacceptable
https://www.skysports.com/,https://skysports.com,2026-01-26 11:42:20,-0.2602372589923621,-0.4348323074011743,-0.3222764227642283,-0.014895158112288504,-0.46562615555623904,0.10824873947699586,1.1176470588235294,-0.37815126050420167,-0.515535520119395,-0.24377573983971132,-0.15579738678120794,81.37873066247656,Good
https://www.nba.com/,https://nba.com,2026-01-26 11:43:41,1.0533565909934297,0.6149632387235503,1.3772357723577209,2.9630620205389353,0.9011078752056896,0.5090519011927317,-0.058823529411764705,2.403361344537815,1.4978000480596778,2.041326063172124,2.8530321373321357,72.86548884456982,Unacceptable
https://www.nhl.com/,https://nhl.com,2026-01-26 11:47:58,1.9495411059530932,0.33730340422878174,1.1697560975609778,3.418471013105093,0.5587799808010304,0.2649759277772453,-0.041176470588235294,0.9747899159663865,0.8322390779386025,1.7322669618196203,2.619078445950365,78.46957462142036,Good
https://www.espncricinfo.com/,https://espncricinfo.com,2026-01-26 11:56:19,-0.039501204356673925,0.6744348067534934,2.7830082264789944,0.43621016959612496,1.5533498404199315,1.6078502386886124,1.9588235294117646,2.310924369747899,0.3852285000870235,2.364147376787125,1.6862268767243598,48.68701244635641,Unacceptable
https://www.cricbuzz.com/,https://cricbuzz.com,2026-01-26 11:56:59,-0.49263337536305085,-0.3892438920189207,0.32032520325203073,4.2452031360624805,0.5638789322412865,-0.17566698009823237,0.28823529411764703,3.100840336134454,-0.07499458798202806,0.33518292760618584,0.7131559241902262,85.72461259869193,Good
https://www.cbssports.com/,https://cbssports.com,2026-01-26 11:57:43,-0.03010973194063542,0.5224916503400545,0.6129952236560982,-0.11710058840914955,0.3323974760102324,-0.5544116281015067,0.0,1.226890756302521,0.4955858944914178,0.5939070369124623,0.8493775285608074,91.52203560386496,Excellent
https://www.sportingnews.com/us,https://sportingnews.com,2026-01-26 12:00:08,-0.018274125662572804,0.7021367453416394,-0.0647154471544719,-0.07913794187410378,0.03551045066758075,-0.2512468186629565,0.8823529411764706,1.3865546218487395,0.022620626745559733,0.11495147068828665,0.3895054799109972,86.8815089327587,Good
https://www.goal.com/en-in,https://goal.com,2026-01-26 12:01:08,-0.09521107895289252,0.13799978196024587,0.22036889609890883,-0.06446133118147268,-0.24076241524131714,0.024990603535246805,0.11176470588235295,-0.1092436974789916,-0.2891157149328783,-0.04787517029674009,1.7484753554167094,82.65315826223592,Good
https://www.rottentomatoes.com/,https://rottentomatoes.com,2026-01-26 12:02:00,1.549459970725993,1.0282761676699812,2.4751219512195197,0.09996865814205692,1.561686574533515,1.1555908105239072,1.5294117647058822,2.865546218487395,1.1310021811647264,2.4004321516396265,1.2820842749045305,58.020686813214255,Unacceptable
https://www.imdb.com/,https://imdb.com,2026-01-26 12:02:12,-0.7069069366635627,-0.8038734121040336,-0.3326829268292689,-0.14354319237352134,-0.7357115612839025,-0.6588690584981195,-0.10588235294117647,-0.7647058823529411,-0.7273594738649323,-0.4858758583352292,-0.8273858068236271,93.1209596104092,Excellent
https://www.boxofficemojo.com/,https://boxofficemojo.com,2026-01-26 12:02:31,-0.3204509627153322,0.49206364067172526,-0.3326829268292689,0.8464456395158001,-0.5745547888445875,0.0792588122018859,2.9823529411764707,-0.29411764705882354,-0.4452202829908779,-0.3962380497786941,-0.3956027234710508,81.82247784725938,Good
https://variety.com/,https://variety.com,2026-01-26 12:03:21,-0.4518548174822715,-0.48765770742159914,1.0930081300813048,4.982587016416653,1.409663748009951,0.8336897147157073,0.6588235294117647,2.8151260504201683,0.8905159886033818,1.636806549395602,1.2023929812290857,65.41166974089671,Unacceptable
https://www.billboard.com/,https://billboard.com,2026-01-26 12:04:55,0.6039298142541267,0.23615313929592946,2.6982113821138167,-0.09481777919575775,2.4177477067261814,1.154377194927336,1.9,3.2016806722689077,1.7720955600509507,3.271823525579414,1.5904916102836257,58.04855193163675,Unacceptable
https://pitchfork.com/,https://pitchfork.com,2026-01-26 12:06:12,1.351145718968213,-0.5021268009840724,4.216245465072267,1.6877368142665943,3.0292800819980266,0.8896619280849775,0.18823529411764706,3.9159663865546217,3.402629155935312,4.418029781825418,2.6087846757368944,64.12652446235013,Unacceptable
https://www.rollingstone.com/,https://rollingstone.com,2026-01-26 12:06:56,0.17682772715247191,0.00026019493898772785,0.8738211382113821,5.8769103119450286,1.5133074163964393,0.874155728179774,0.5411764705882353,2.302521008403361,0.9257935168165412,1.362411413842167,0.911941013706785,64.48255325586774,Unacceptable
https://www.nytimes.com/section/arts,https://nytimes.com/section/arts,2026-01-26 12:07:44,-0.1340994882829699,0.29941670228555173,2.3099052055870164,0.06659670098443306,2.4490722186163034,1.4896710228647425,0.058823529411764705,2.7563025210084033,1.2549487882452406,2.082667993059972,1.0603357488277356,50.35006630883776,Unacceptable
https://deviantart.com/,https://deviantart.com,2026-01-26 13:07:18,-0.8519099590426041,-1.2901248925654156,-0.3326829268292689,-0.14354319237352134,-0.7961795593376276,-1.0046189237403316,-0.10588235294117647,-0.773109243697479,-0.7273904094592835,-0.4858758583352292,-0.8920208598341409,98.41333333333333,Excellent
https://www.behance.net/,https://behance.net,2026-01-26 13:07:58,2.7762380187868896,1.266067635379704,0.736585365853659,-0.14354319237352134,0.7971963215379598,0.22991792843705405,0.06470588235294118,1.0924369747899159,1.1916857715634952,0.8749070535003957,0.7026539293718156,79.27452085483252,Good
https://dribbble.com/,https://dribbble.com,2026-01-26 13:08:32,-0.046623756697559596,0.10785334573234046,-0.15837398373983785,-0.08783783111043196,-0.0943982569240473,-0.34878442181802,0.7941176470588235,0.5966386554621849,0.24616205282581255,-0.08411907633597057,0.3300973983937339,88.37451153327522,Excellent
https://www.adobe.com/,https://adobe.com,2026-01-26 13:09:33,-0.10498139317962453,-0.5500090453050472,0.23702938949014848,0.007195999662675883,0.7999594424683852,-0.11987457943807292,-0.1,2.277310924369748,0.8689842674023498,0.30658100883944417,1.8037029275578589,84.8706014626765,Good
https://www.canva.com/,https://canva.com,2026-01-26 13:09:54,0.0537158480549312,0.0014899285647563322,0.0881300813008134,-0.059536007092294264,0.07413895197889747,-0.5447804393273566,0.03529411764705882,0.3697478991596639,0.07982081446712652,0.12727269667575103,-0.29277714227747004,91.37461153949657,Excellent
https://flickr.com/,https://flickr.com,2026-01-26 13:11:07,0.526222778075508,1.2813280629832837,-0.2507317073170737,2.374531084533894,0.13696696522971577,-0.30028604007601384,-0.09411764705882353,0.865546218487395,0.1592472685478565,-0.061152726514797084,2.3993374186288943,87.6321495342158,Good
https://www.pexels.com/,https://pexels.com,2026-01-26 13:11:44,0.4872626970774318,0.062294789781092756,0.3222764227642277,0.07090699822602378,0.11032919220154609,-0.4560460002909144,-0.052941176470588235,-0.058823529411764705,-0.13600231770567944,0.19697181326029217,-0.14425960803052895,90.01635847656075,Excellent
https://www.istockphoto.com/,https://istockphoto.com,2026-01-26 13:12:50,2.6128696810744856,-0.3501679023138019,0.20260162601626067,0.43290466875416617,0.9592822322583499,-0.2885493981980025,0.24705882352941178,0.4117647058823529,1.2125443013794879,0.23240122789147225,-0.2152695374076838,87.45249741771521,Good
https://stock.adobe.com/,https://stock.adobe.com,2026-01-26 13:13:30,0.43379058762659717,-0.15689161973808288,1.6627642276422803,0.051654321496562024,1.2950483417632361,-0.20008454287330704,0.25882352941176473,1.5546218487394958,2.65355549561594,1.285167914327419,0.6178104114972016,86.09837085747861,Good
https://www.indeed.com/,https://indeed.com,2026-01-26 13:13:50,-0.38233369292892194,0.1306406287320915,-0.22016260162601678,0.0017809765907502173,-0.08621453223292778,-0.7195632123598197,1.0235294117647058,0.24369747899159663,-0.27158043449589797,0.01915401075714888,-0.39104313853209666,94.05000160673146,Excellent
https://www.linkedin.com/jobs,https://linkedin.com/jobs,2026-01-26 13:14:15,-0.4155910026965474,-0.26114124201703803,0.5557674435562563,0.17439301680113506,-0.14067335306463194,-0.6380206970655973,-0.07647058823529412,-0.08403361344537816,-0.4524794707768482,0.39723572963212506,-0.13490017899307394,92.80183491564118,Excellent
https://www.glassdoor.com/index.htm,https://glassdoor.com,2026-01-26 13:14:50,0.804088117332363,0.5639072114170054,4.262125127960237,0.39495766653969155,1.2030884400730049,-0.03916412050123194,1.0235294117647058,0.12605042016806722,0.21462581516488843,1.9205625664268333,0.38316797719139695,83.63517101140721,Good
https://www.monster.com/,https://monster.com,2026-01-26 13:15:20,-0.6353764278560445,-0.5640038201800037,0.6169105691056914,0.08645264270230582,1.0609480439998376,0.4851132435395098,1.7529411764705882,0.04201680672268908,0.8597055054612617,0.3883417142447757,0.1637045826765136,73.4151303721402,Unacceptable
https://www.ziprecruiter.com/,https://ziprecruiter.com,2026-01-26 13:15:40,0.6324430822069274,-0.4370051859194032,-0.21170731707317125,3.8077096845069907,-0.17124765569151,-0.1619393281987507,0.1411764705882353,-0.3949579831932773,-0.07662650902563076,-0.16513116124405586,-0.41046675680834394,85.51448420387862,Good
https://www.chegg.com/,https://chegg.com,2026-01-26 13:16:22,-0.21225277291638434,-0.2770303432594965,0.6623562291315975,-0.142616756636999,-0.22714564670323795,0.29168620434189213,-0.10588235294117647,-0.47058823529411764,-0.6024467454351691,0.26056272509400313,-0.41768520977961565,77.85629557188085,Good
https://www.coursehero.com/,https://coursehero.com,2026-01-26 13:17:40,-0.13516968797113613,0.19275699190388904,4.368495233097331,0.9652475697417168,3.0991100015362076,0.9563732825089867,0.1588235294117647,0.31092436974789917,3.46186726015555,2.24130678270845,2.645789925399531,62.59480404247244,Unacceptable
https://data.gov/,https://data.gov,2026-01-26 13:18:28,0.39812711580477095,0.8589962346709035,-0.27089430894309,2.0310100110764386,-0.2706742605429286,-0.1698659509345438,0.052941176470588235,-0.5546218487394958,-0.21018997945452197,-0.27447783479911997,-0.3629167995878221,85.63581657185816,Good
https://www.npmjs.com/,https://npmjs.com,2026-01-26 13:19:02,-0.43925097809658475,-0.8414619236591172,-0.21365853658536638,-0.022892507336865688,-0.5281028720521262,-0.7980974360036848,-0.07058823529411765,-0.6302521008403361,-0.6300648395000452,-0.10702340172288415,-0.4046845197019185,95.25212054688454,Excellent
https://pypi.org/,https://pypi.org,2026-01-26 13:19:14,-0.4518569776575702,-0.673627479837592,-0.3300813008130088,0.5386017197548251,-0.6234138506126985,-0.8809277826512062,-0.1,-0.5546218487394958,-0.5672149361977321,-0.4550833711770518,-0.7975242628381815,96.52,Excellent
https://kubernetes.io/,https://kubernetes.io,2026-01-26 13:20:06,-0.3050358897756059,-0.04432034233315999,-0.24836233259542195,0.09544667292232445,-0.4890155254361202,-0.7546665586356243,0.08823529411764706,-0.47058823529411764,-0.08691902765594225,-0.30581844486472415,-0.6428080422749339,94.58732655199682,Excellent
https://cloud.google.com/,https://cloud.google.com,2026-01-26 13:21:35,0.35475347534086216,1.1498710905359233,0.7014634146341456,0.6186222239506686,1.9756407326555274,0.604869764462677,0.5588235294117647,0.5714285714285714,3.347903815761836,0.8881985531959242,0.474658665146805,70.66547088620555,Unacceptable
https://www.digitalocean.com/,https://digitalocean.com,2026-01-26 13:23:34,-0.4939272316535359,-0.09836150268796291,1.69138211382114,-0.14354319237352134,0.2404465702276095,-0.2971926441146266,-0.041176470588235294,0.453781512605042,1.9205535609777866,0.8197817557290251,1.7910813130430023,87.58479909638069,Good
https://www.heroku.com/,https://heroku.com,2026-01-26 13:24:06,-0.1184646698544922,0.15131313285373768,0.4829268292682929,-0.12424059623905963,0.535329226273119,0.1322873606326093,0.01764705882352941,0.31932773109243695,0.22670821800641858,0.5276889815996548,0.22675392523401905,81.01077284172607,Good
https://www.netlify.com/,https://netlify.com,2026-01-26 13:24:37,0.0006410651228231621,-0.4369919006376917,0.9219512195121976,0.04903362834562283,0.35659937204578424,-0.34271820424338867,0.3588235294117647,0.1092436974789916,0.5683956903431873,1.2680943665706546,0.1851036651534789,88.2816562823642,Excellent
https://vercel.com/,https://vercel.com,2026-01-26 13:25:11,-0.30620662035719376,-0.9362901099082492,1.0747967479674805,-0.06371462282505688,-0.1342169485012667,-0.584344308288551,0.0,1.4705882352941178,0.16722865189044886,0.3914934209624753,0.34145898709407885,91.98021345439754,Excellent
https://docs.stripe.com/,https://stripe.com/docs,2026-01-26 13:26:00,-0.10941680427135177,0.47260869273808254,-0.19089430894308992,-0.14354319237352134,-0.24163913410557677,-0.49812748225638587,1.388235294117647,-0.40336134453781514,-0.37741274536905445,-0.34001217890635427,1.1878439543454204,90.66049735198663,Excellent
https://developer.mozilla.org/en-US/,https://developer.mozilla.org,2026-01-26 13:26:15,0.13909706730498467,-0.356782617261144,-0.32357723577235836,0.9786369781487766,-0.3811429004046346,-0.5080297190748609,-0.052941176470588235,-0.13445378151260504,-0.49879635214589335,-0.4041401550274278,-0.58468134294192,90.81207033351059,Excellent
https://security.googleblog.com/,https://security.googleblog.com,2026-01-26 13:26:35,-0.13517842359830556,0.15821455591616485,-0.3255284552845535,0.6485825450874604,-0.49621413057353886,-0.48429065335069343,0.2411764705882353,-0.21008403361344538,0.2606826185283267,-0.4089833498050665,-0.4297729150510351,90.44869779088548,Excellent
https://snyk.io/,https://snyk.io,2026-01-26 13:27:08,0.19649607793124363,-0.4977795341439452,0.36390243902439035,-0.13728163799380008,0.6514906820848738,-0.10594449000921098,0.0058823529411764705,1.361344537815126,1.157238576604026,0.35810937023322176,0.32913636175554684,84.65737436799739,Good
https://owasp.org/,https://owasp.org,2026-01-26 13:27:22,1.3123982955438769,-0.8254887625646372,0.2773983739837401,0.3167496670096681,0.10690287658617406,-0.8382547215568057,-0.052941176470588235,-0.31092436974789917,1.7544209325562294,-0.06311827602844523,-0.6693913835056748,95.86680585615116,Excellent
https://www.shodan.io/,https://shodan.io,2026-01-26 13:27:32,-0.3284209303528124,-0.3992499367804138,-0.3326829268292689,-0.13810086641676556,-0.5778783608618081,-0.8258779629937207,-0.1,-0.5042016806722689,-0.5969957842039707,-0.4858758583352292,-0.8658165941662407,95.67735550958815,Excellent
https://haveibeenpwned.com/,https://haveibeenpwned.com,2026-01-26 13:27:49,-0.27727394761438323,0.3763610858392891,-0.3326829268292689,-0.08794137828948495,-0.5565494561125217,-0.5633583848198174,-0.08823529411764706,-0.05042016806722689,-0.45938933273634025,-0.4547318993829037,-0.5311889758419416,91.65898310528543,Excellent
https://letsencrypt.org/,https://letsencrypt.org,2026-01-26 13:28:13,-0.437442837861908,-0.8055817567053372,-0.3099186991869925,-0.07191632197929938,-0.568335391387025,-0.6479671813457625,0.3411764705882353,-0.5714285714285714,-0.46053969882008766,-0.3916915145044607,-0.17155838764747572,92.95408519057028,Excellent
https://certbot.eff.org/,https://certbot.eff.org,2026-01-26 13:28:32,-0.25441049472858135,0.5398594312967062,-0.3326829268292689,-0.06355649338108639,-0.5470151222626644,-0.6374594766435929,-0.029411764705882353,-0.31092436974789917,-0.3770026434191607,-0.4573114427147842,-0.43542167484660116,92.79324434623604,Excellent
https://www.reddit.com/r/webdev/,https://reddit.com/r/webdev,2026-01-26 13:29:01,0.14204632451307106,0.6454168315248003,0.09073170731707297,1.3416582400933867,0.32396869793815924,-0.01711016177528692,1.8705882352941177,-0.07563025210084033,0.031369650854174876,0.33864764135258807,0.11999343291630575,83.29759230673909,Good
https://dev.to/,https://dev.to,2026-01-26 13:30:46,-0.511436257255015,-0.5628993458380149,-0.20065789436965273,-0.14317210059778296,-0.32815365059965657,-0.4367720453624243,0.2,0.01680672268907563,-0.24403105577776635,-0.27417732881917145,0.11303125638188388,89.72133313351715,Excellent
https://hashnode.com/,https://hashnode.com,2026-01-26 13:31:46,4.451183324989577,0.1968638035093196,2.7014634146341514,-0.001852359650673673,2.4605373140534366,-0.05979952928851915,-0.052941176470588235,0.42016806722689076,2.79371262790277,0.9189593069226221,1.75085659064244,83.951036052023,Good
https://medium.com/tag/programming,https://medium.com/tag/programming,2026-01-26 13:32:23,-0.18079701992135372,-0.566416466582215,4.279375429507329,4.638347771203515,0.9229041671572898,1.173313580548495,-0.047058823529411764,0.226890756302521,0.1283754617496775,3.460773512008594,0.46277918448032607,57.6137646486466,Unacceptable
https://stackoverflow.com/tags/python,https://stackoverflow.com/tags/python,2026-01-26 13:32:46,0.702160686736877,-0.4066041476288029,0.43219512195121923,1.8611102462190572,-0.1481134760066114,-0.41771859314107784,0.06470588235294118,-0.226890756302521,-0.3185803628375633,0.04633369482199413,-0.1644253601551541,89.42968301299837,Excellent
https://www.python.org/,https://python.org,2026-01-26 13:33:01,-0.1029434550580017,-0.0028609286654177656,-0.3326829268292689,2.425586008280513,-0.4838515515333418,-0.6848323000394506,-0.08823529411764706,-0.48739495798319327,-0.5639469876157014,-0.44342037348806296,-0.671601767773505,93.51837748705542,Excellent
http://scikit-learn.org/stable/,https://scikit-learn.org,2026-01-26 13:33:32,0.12354286349078238,1.3753252458770706,-0.30601626016260225,-0.01064099550032343,-0.2858494995255126,-0.184151940157581,-0.09411764705882353,-0.18487394957983194,-0.25255887669845484,-0.43279111637009804,-0.4775257577840631,85.85449140465097,Good
https://www.tensorflow.org/,https://tensorflow.org,2026-01-26 13:34:05,1.0280471742527366,1.735598005578717,0.9785365853658533,2.4166556293477344,1.3221438179597735,0.39400956070492155,-0.0058823529411764705,0.5546218487394958,2.4490515057797886,0.9501075931610587,0.2910686326984706,75.50690878870279,Unacceptable
https://pytorch.org/,https://pytorch.org,2026-01-26 13:34:27,0.13399134778305566,0.45301942118460814,0.10569105691056745,-0.009756245123742489,0.09342299484449915,-0.13678588189876592,-0.011764705882352941,0.40336134453781514,-0.0994306960898846,0.24474793678604312,-0.22991466795516763,85.12946181740345,Good
https://keras.io/,https://keras.io,2026-01-26 13:34:44,0.2259330974820983,-0.23252055777621375,-0.23186991869918752,-0.03807274523540573,-0.3332084184440588,-0.773374544544739,-0.10588235294117647,-0.46218487394957986,0.9874892213066031,-0.2837824615574708,-0.6004583610854909,94.87368863912265,Excellent
https://opencv.org/,https://opencv.org,2026-01-26 13:35:10,-0.20197000531979367,-0.2416164923804382,0.2825898247079955,6.244473657365186,-0.36045051985669074,-0.5228091454759615,-0.0058823529411764705,0.19327731092436976,-0.33352033854490876,-0.21535268223223467,-0.0586686172151028,91.03829818140947,Excellent
https://huggingface.co/,https://huggingface.co,2026-01-26 13:36:03,-0.4479342476544932,-0.2301740313704889,0.1999999999999999,-0.11749342052499921,-0.0695569018758533,-0.7672951919276698,-0.07647058823529412,-0.2857142857142857,0.1167045296896496,0.08496770522334662,1.3475842608894126,94.78063233085648,Excellent
https://openai.com/,https://openai.com,2026-01-26 13:36:56,0.4965127460468006,-0.4066107705472828,-0.013983739837396909,-0.14208976466506396,0.4088797609669309,-0.0964451531892167,-0.041176470588235294,0.3697478991596639,0.8107106419334309,0.1698358828661317,1.430916815605099,84.51196855406852,Good
https://www.anthropic.com/,https://anthropic.com,2026-01-26 13:37:16,0.47773627410459263,0.7830038959502598,0.0139837398373975,-0.06824105893721838,-0.027375968611723023,-0.23121583745651977,0.12352941176470589,-0.33613445378151263,-0.24324917916301558,0.0351135227450582,-0.38458817577894017,86.57489583109613,Good
https://stability.ai/,https://stability.ai,2026-01-26 13:37:58,1.4613629516419235,0.9850169586392804,0.651382113821138,-0.14354319237352134,0.37257504333803315,0.9114781661654061,0.9117647058823529,0.2184873949579832,2.9390425748379596,0.49133881664591533,0.7920249976307777,63.62561457015524,Unacceptable
https://www.intel.com/content/www/us/en/homepage.html,https://intel.com,2026-01-26 13:39:45,0.2051477184786125,-0.10402883459288523,0.8692631832158924,-0.1398369260068707,-0.03755506131564355,-0.22154135685986032,0.047058823529411764,0.3865546218487395,-0.331262040157276,0.6526235013466274,0.02379366543378112,86.42680910123772,Good
https://www.arm.com/,https://arm.com,2026-01-26 13:40:43,0.37772121583596835,0.45204728093843516,-0.0035772357723574686,-0.14354319237352134,-0.048199869271227956,0.21999201856240672,-0.023529411764705882,0.3445378151260504,1.4020984599207131,0.02164220027112906,0.5695556940753425,79.50242387032566,Good
https://www.qualcomm.com/,https://qualcomm.com,2026-01-26 13:41:30,2.690845307825813,3.4872198954766587,3.280476888454422,-0.14354319237352134,1.7794573017705437,2.171477741826196,-0.1,1.453781512605042,1.3409144246858924,2.9683620092166794,1.018883035167267,41.49750039590096,Unacceptable
https://www.sap.com/index.html,https://sap.com,2026-01-26 13:43:24,1.1324779886361296,1.3833607097707432,0.039999999999999154,-0.14352927303365481,0.5510000744956767,0.39397722142176334,-0.07058823529411765,2.0756302521008405,0.11240940986863254,0.16723133743672344,1.5695623679408854,75.50765131208288,Unacceptable
https://www.salesforce.com/?bc=SM,https://salesforce.com,2026-01-26 13:44:14,0.6566765381549419,0.17566760466071593,0.35609756097560835,0.864093867362733,0.17419464523000455,0.4578292713691276,1.2411764705882353,0.8067226890756303,0.12974675725502996,0.6845377172267374,1.1821097690709044,74.04158171119005,Unacceptable
https://www.zoom.com/,https://zoom.us,2026-01-26 13:45:19,0.08161269375827161,1.1456943458244322,0.04065040650406508,0.14141397599943847,0.06713335612346007,-0.42441004835443624,-0.011764705882352941,0.10084033613445378,2.0451739069759833,-9.135381790385961e-05,0.3967773238066127,89.532108741247,Excellent
https://trello.com/,https://trello.com,2026-01-26 13:46:15,-0.3992468173620835,0.08813780005565201,0.8556097560975605,0.001758200209995577,0.15317111294355862,-0.6312483869902418,-0.058823529411764705,0.04201680672268908,0.5098608918033747,0.5337111214378277,-0.26088674316696286,92.69817154657177,Excellent
https://asana.com/,https://asana.com,2026-01-26 13:47:20,3.6655128059066007,1.481478931345046,0.7528410342311787,3.0307579553840127,1.900067130040711,0.025881375555324125,0.4647058823529412,3.957983193277311,1.4904839168787956,1.4373763568145306,2.057042863568836,82.6395232650715,Good
https://www.notion.com/,https://notion.so,2026-01-26 13:47:53,0.37938976534636043,0.12973266161497934,1.4071546276593112,0.12729489691915022,0.8192122589185032,-0.19487999332386197,1.6529411764705881,0.680672268907563,2.519439564749876,0.9835435713236479,0.2925849349498325,86.01870511052063,Good
https://evernote.com/,https://evernote.com,2026-01-26 13:48:31,1.3206016137134182,-1.0231019602938982,2.2129824193633203,-0.14354319237352134,0.7937017603047917,0.7207842644760697,0.8058823529411765,0.7983193277310925,0.8608038559438878,1.0144625113981853,0.5523211036971881,68.0040257969341,Unacceptable
https://www.todoist.com/,https://todoist.com,2026-01-26 13:49:08,-0.018466247823783356,0.07529253170381786,0.2988617886178862,0.12070691133606391,0.035341704486114824,-0.11709881263614685,0.43529411764705883,0.1092436974789916,0.005674491432859391,0.35889020497151997,0.473526777550718,84.82811295650403,Good
https://www.zoominfo.com/,https://zoominfo.com,2026-01-26 13:50:29,0.16668184054978752,-0.001763571050252174,0.7409763258791692,0.9113560276528417,1.1085200973857623,0.22530976051283177,1.4588235294117646,1.1176470588235294,1.8451087642797368,0.56672062151368,0.16216158496298005,79.38032630532442,Good
https://www.crunchbase.com/,https://crunchbase.com,2026-01-26 13:50:56,-0.2306016321347372,0.2674087295168108,-0.3326829268292689,-0.049246190742741155,-0.537086541234728,-0.37036734740646543,1.8058823529411765,-0.4957983193277311,-0.564123019360549,-0.440955262833347,-0.05798521338350296,88.70488016022493,Excellent
https://wellfound.com/,https://angel.co,2026-01-26 13:52:57,1.2111643656553677,0.34462351787736845,-0.15186991869918745,-0.14354319237352134,0.0644306202562253,-0.0032952218995501025,-0.08235294117647059,-0.09243697478991597,-0.22190006009855176,0.940222629254226,1.7606538252595128,83.0861277997872,Good
https://www.producthunt.com/,https://producthunt.com,2026-01-26 13:53:20,-0.2867750097873386,-0.6823027869893179,0.39512195121951377,-0.14354319237352134,-0.19645917928525733,-0.6776300879407918,0.047058823529411764,0.025210084033613446,-0.4314126047900483,0.17107829478962877,-0.24579846794742594,93.40813363191705,Excellent
https://techmeme.com/,https://techmeme.com,2026-01-26 13:53:45,-0.7169406279442554,-0.8711671437750285,-0.3326829268292689,1.301631365539168,-0.739477313841266,-0.4574086242341649,3.0647058823529414,-0.44537815126050423,-0.5804118417348682,-0.46072759469484215,-0.18290395907051737,90.0372160845498,Excellent
https://slashdot.org/,https://slashdot.org,2026-01-26 13:54:17,-0.10611518526278824,0.25926310676631303,-0.11089430894308984,4.886402016136925,0.6377330832986063,-0.0888022355520403,-0.01764705882352941,2.26890756302521,-0.12786926782087005,0.1476397899727627,0.2764875712601993,84.39497884406204,Good
https://betanews.com/,https://betanews.com,2026-01-26 13:54:36,-0.3837026821862956,-0.2324091268875878,-0.04260162601626036,0.07500105201738391,-0.1667633389215212,-0.6872460967302736,-0.07647058823529412,-0.1092436974789916,-0.2521616417656805,-0.1282174874767129,-0.4513642048556376,93.55532533711472,Excellent
https://arstechnica.com/civis/,https://arstechnica.com/civis,2026-01-26 13:56:55,0.1538885111310272,0.14312500342663093,2.1330081300813095,-0.138513695822446,1.9701076912131157,1.007013999760458,-0.06470588235294118,3.80672268907563,0.714851364393172,2.623703767455482,2.848776880661941,61.43207213032564,Unacceptable
https://www.ft.com/,https://ft.com,2026-01-26 13:59:00,-0.025904555043908793,0.3097437867304051,-0.2507317073170737,-0.1028490031804988,-0.04491082900879334,0.2845414508805869,-0.023529411764705882,0.7983193277310925,-0.059091776121293814,-0.08859397098458391,0.028321215818129193,78.02034208039746,Good
https://www.investopedia.com/,https://investopedia.com,2026-01-26 14:25:07,-0.17284713379933497,0.14259009627903996,0.9648780487804932,-0.1358060247358776,1.2364961270807202,-0.0973058852440856,0.17647058823529413,3.7563025210084033,0.1876935057358493,1.1323065324470685,2.2342313241883573,84.52514373117661,Good
https://finance.yahoo.com/,https://yahoo.com/finance,2026-01-26 14:26:12,-0.048562148282757,1.3343430342918563,3.08876363956196,0.1763185117931751,1.335945376616559,0.5217676705416413,3.2470588235294118,2.4705882352941178,0.47818886604689165,1.907823516924847,1.9096145041785069,72.57352949620483,Unacceptable
https://www.morningstar.com/,https://morningstar.com,2026-01-26 14:27:04,0.12750777693726076,0.2641574798058057,1.373333333333334,-0.1343425630941724,1.072848672165381,0.16532668787075502,0.08823529411764706,0.8907563025210085,0.5229447318496522,1.0595436972957484,0.5907091783003267,80.50504171967413,Good
https://www.sec.gov/,https://sec.gov,2026-01-26 14:29:17,-0.12236131530813482,-0.402272759716288,-0.21495934959349644,2.664291874950447,-0.289718692556914,-0.5082865677472869,0.06470588235294118,-0.3697478991596639,-0.401458462702179,-0.2709837916690596,0.05116719234480919,90.81600190167985,Excellent
https://www.irs.gov/,https://irs.gov,2026-01-26 14:30:03,0.2809553738600774,-0.44342834491957867,0.16747967479674786,0.23287658642068776,-0.1084127463499667,0.018488734344867114,0.6764705882352942,-0.3445378151260504,-0.284950360348343,0.06034881291723766,0.9061747938776626,82.75268200790376,Good
https://venmo.com/,https://venmo.com,2026-01-26 14:33:31,-0.26574719871622227,-0.49235707101532594,1.7648745278886524,0.42085412600094785,0.8307808689502341,0.182113306132481,1.8470588235294119,-0.025210084033613446,1.4643118565250937,1.39530503881215,0.364235555419112,80.24808989896154,Good
https://www.bankofamerica.com/,https://bankofamerica.com,2026-01-26 14:44:02,2.712351010095999,0.11436455399887424,2.4706962452512164,3.145146138678486,1.3252434450930497,0.6709238482935168,-0.029411764705882353,0.9243697478991597,0.9996480049518852,2.1175497655933087,1.534671398882261,69.14884167227976,Unacceptable
https://www.ally.com/,https://ally.com,2026-01-26 14:44:38,2.408419684101399,-0.24814068783233015,1.0773983739837418,1.4431854805076614,0.6590724237868957,1.5186483633094674,-0.047058823529411764,0.5042016806722689,0.10982834098772562,1.5262506397772337,0.48107091516048633,49.82485251695538,Unacceptable
https://www.capitalone.com/,https://capitalone.com,2026-01-26 14:45:29,1.9291542416609606,1.1563309644052815,3.8585379994562294,-0.14354319237352134,1.749743000612111,1.534497068433782,0.07647058823529412,1.7478991596638656,0.9802220942973038,2.6806441213457686,1.2720094074808692,49.62268981935622,Unacceptable
https://www.chime.com/,https://chime.com,2026-01-26 14:46:16,0.03836740076501335,0.39439396790184916,1.5678048780487854,-0.14316737019712522,1.1436788506733224,0.40270169835067415,1.2823529411764707,1.3529411764705883,0.4500232393386326,1.323072055804679,1.0015203065706872,75.3073336962865,Unacceptable
https://robinhood.com/us/en/,https://robinhood.com,2026-01-26 14:46:40,1.167135178568312,-0.16123519587010132,0.8783739837398383,0.09540803907031484,0.07581153379049621,0.42901060329113827,0.8470588235294118,-0.17647058823529413,1.6609697035815685,0.15736320186477049,-0.15415828540385573,74.7032703060306,Unacceptable
https://www.fidelity.com/,https://fidelity.com,2026-01-26 14:48:05,0.7432295608219788,0.4893166690108251,0.07186991869918677,-0.14354319237352134,0.1079583187992584,0.4464345202318544,-0.09411764705882353,0.33613445378151263,-0.23823679157916697,0.13351937458214638,-0.19891055818876624,74.30320993245884,Unacceptable
https://www.coinbase.com/,https://coinbase.com,2026-01-26 14:49:22,0.28286815805766213,1.2127677724880372,0.1629855333700215,0.10265664035030438,0.012446842834792539,-0.251786981085626,-0.0058823529411764705,0.5882352941176471,-0.07528176885348238,0.3227943882792039,0.4473598855298582,86.88977716855351,Good
https://www.binance.com/en,https://binance.com,2026-01-26 14:49:57,-0.2740441056275176,0.3190532265495454,0.7645528455284573,-0.12822076417980696,0.2301030202650288,-0.6083923143519253,-0.01764705882352941,0.46218487394957986,0.22608184066238857,0.6083318047595808,0.3824471997127567,92.34831492940279,Excellent
https://www.kraken.com/,https://kraken.com,2026-01-26 14:50:48,0.32170825333776254,1.8205821230647647,4.451707317073176,-0.033827666014093025,1.567853732517666,0.015346805401312865,0.3176470588235294,1.3361344537815125,0.8515968207790828,2.4813091290591562,1.2417848052098863,82.80077533736467,Good
https://www.kucoin.com/,https://kucoin.com,2026-01-26 14:51:14,-0.20004267611087254,-0.08751947833055242,0.7788617886178861,0.03979446070110643,0.31534497013000706,0.2963056834194095,-0.052941176470588235,0.9747899159663865,2.3943965235509874,0.5581391323454737,-0.07918141034796196,77.75023041260889,Good
https://coinmarketcap.com/,https://coinmarketcap.com,2026-01-26 14:52:00,-0.44731495096610163,-0.2893965073247428,2.777560975609759,0.11399788041790074,0.7436068293720957,-0.04724120199582859,0.058823529411764705,2.5294117647058822,0.9617883127925322,1.6236280399485339,0.9785141572709763,83.75880644313753,Good
https://www.coingecko.com/,https://coingecko.com,2026-01-26 14:52:44,-0.312677085085559,0.34447036501882333,0.945365853658537,1.7122463793850031,0.9969868500069693,0.7595396564107441,0.12941176470588237,2.092436974789916,0.4242196684539273,0.6970945399024997,0.8893780090791268,67.114185893079,Unacceptable
https://opensea.io/,https://opensea.io,2026-01-26 14:53:22,1.4027575719672234,-0.5889676238644049,1.360324120304502,1.1371850557811487,1.3636617461438683,0.40497723101338606,1.2294117647058824,1.9243697478991597,3.2162016825541246,0.7601849289759306,0.6294709893738714,75.25508652073944,Unacceptable
https://metamask.io/,https://metamask.io,2026-01-26 14:55:12,0.04077361888559209,-0.8494523744403404,1.7973983739837402,-0.14354319237352134,0.9432624308873976,1.2236418188254596,0.6058823529411764,0.8151260504201681,0.7198095462453257,1.3286287719810987,0.8944127732447398,56.45820738360699,Unacceptable
https://etherscan.io/,https://etherscan.io,2026-01-26 14:55:32,0.6960014752894222,1.9294120454482053,0.15772357723577224,-0.11816518414470194,0.159780413932901,-0.3586661761376309,-0.07647058823529412,-0.3025210084033613,0.26493037677569115,-0.12656398337264255,-0.3430446975470875,88.52577099034215,Excellent
https://polygonscan.com/,https://polygonscan.com,2026-01-26 14:55:53,0.7043794072994093,2.1051708944256,0.10569105691056863,-0.11957642628791809,0.11467286380851667,-0.3234027473904885,-0.07647058823529412,-0.2689075630252101,0.30142671265302085,-0.16331610512516467,-0.35053544423251215,87.98599567170004,Good
https://ethplorer.io/,https://ethplorer.io,2026-01-26 14:56:33,-0.49612689422669964,-0.9360161641169242,1.1930065719937608,5.159931096386753,0.65334552088582,0.6620294317187424,-0.08823529411764706,0.29411764705882354,0.5323518901956136,0.9865784413163456,0.6909399605708022,69.3530611729646,Unacceptable
https://www.blockchain.com/,https://blockchain.com,2026-01-26 14:57:02,-0.24885216030986362,0.7321622475677501,0.6591869918699197,0.280200797237882,0.28336262706473425,-0.029086628069006817,1.6176470588235294,0.01680672268907563,-0.09019272533072854,0.3590719509881946,0.08453652005963758,83.48091540206977,Good
https://www.gov.uk/,https://gov.uk,2026-01-26 14:57:15,-0.6234007318113469,-0.5238446577311842,-0.3274796747967486,5.417360859492796,-0.6792927595284178,-0.8454268234496506,-0.08823529411764706,-0.6386554621848739,-0.6718801812415179,-0.44944443656450855,-0.7526919036667552,95.9765888160642,Excellent
https://www.usa.gov/,https://usa.gov,2026-01-26 14:57:33,-0.26022864665561496,-0.5521606523952528,-0.12715447154471587,0.426445942983232,-0.2814260161273664,-0.3326561799914813,-0.07647058823529412,-0.453781512605042,-0.4001145438289957,-0.2308001320303065,-0.4697787346617885,88.12763744359208,Excellent
https://www.canada.ca/,https://canada.ca,2026-01-26 14:57:52,0.1619334730517159,0.5861015942555116,-0.14536585365853702,-0.14354319237352134,-0.37339469821653726,0.1887922861351649,-0.10588235294117647,-0.5042016806722689,-0.514225000737458,-0.19470143048058516,-0.4813538870595082,80.14585512806039,Good
https://my.gov.au/en/services?redirectFrom=australia.gov.au,https://australia.gov.au,2026-01-26 14:58:07,-0.12224740475511452,0.7251988888404487,-0.21821138211382166,3.036393480785271,-0.3366913079081933,-0.3869800271549374,-0.09411764705882353,-0.08403361344537816,-0.08378111807671494,-0.2508893173970593,-0.6236353613431022,88.95916951390717,Excellent
https://european-union.europa.eu/index_en,https://europa.eu,2026-01-26 14:58:42,0.17973904647355893,-0.2922218908494549,-0.3326829268292689,0.33408046852297035,-0.36105705244382985,0.2850076564508319,-0.07058823529411765,-0.16806722689075632,-0.1388158141937024,-0.4344739498578113,0.451572429460578,78.00963780677012,Good
https://www.un.org/,https://un.org,2026-01-26 14:59:00,-0.314758272025067,0.31800908346636303,-0.24943089430894363,-0.14354319237352134,-0.4962760062234091,0.19961967205709324,-0.10588235294117647,-0.5714285714285714,0.7458814081252886,-0.4057450973651383,-0.5228973652913609,79.97018141193811,Good
https://www.worldbank.org/ext/en/home,https://worldbank.org,2026-01-26 14:59:23,-0.4599232701800667,-0.24531413603848698,-0.29691056910569197,-0.03217006837670721,-0.1583397218882391,-0.47254377461109776,-0.1,0.44537815126050423,4.407928929715356,-0.3262432353098843,-0.24636441174546955,90.2688889793209,Excellent
https://www.who.int/,https://who.int,2026-01-26 15:03:00,1.8918297091489475,1.4603239857519057,0.16338769985371393,-0.11729218734400067,0.3775236446536397,0.08254246137999027,-0.07058823529411765,0.25210084033613445,0.7163620069562654,0.13524644255010815,0.2945710773354191,81.77221521414648,Good
https://cdc.gov/,https://cdc.gov,2026-01-26 15:03:55,1.0069414443609692,-0.8898453951381674,-0.3209756097560982,0.9596960342279632,-0.011079700192760474,0.0874014462522406,-0.09411764705882353,-0.36134453781512604,0.4201676531265722,-0.2565234439139239,1.5153599015471355,81.69783900624842,Good
https://www.nih.gov/,https://nih.gov,2026-01-26 15:04:18,0.08568913477715254,-0.38005373083198435,-0.11479674796748009,4.485548821225196,-0.11150253709830062,-0.0763834261425263,-0.047058823529411764,-0.29411764705882354,-0.22138702201170202,-0.19856088888226353,-0.24910870525673692,84.20488482756005,Good
https://health.gov/,https://health.gov,2026-01-26 15:04:46,0.9237660732997988,-0.740912806501313,0.6494308943089441,-0.13379486502124627,-0.0530018576233697,-0.084971163777115,1.1705882352941177,-0.2689075630252101,0.08884250983214634,0.10986306303100905,0.028171721229966605,84.33633684407732,Good
https://www.oecd.org/,https://oecd.org,2026-01-26 15:05:13,0.16473104648526585,0.08831782449935198,-0.05235772357723642,0.3761516068557348,-0.061426381980112126,-0.44013131088491847,0.6588235294117647,-0.05042016806722689,-0.05887303683026235,-0.02344379372211731,-0.02724805823882039,89.77275322175672,Excellent
https://www.unesco.org/en,https://unesco.org,2026-01-26 15:05:49,-0.12038036465525154,0.9024862364540474,0.7847154471544733,0.6334828761670472,-0.004416728876221204,1.4232239544268226,3.7529411764705882,-0.36134453781512604,-0.0894384991144686,0.3496476026474318,0.41447641522655765,51.875718612649216,Unacceptable
https://www.uspto.gov/,https://uspto.gov,2026-01-26 15:06:37,1.1773005103466319,0.3174245886597386,0.7359349593495941,-0.10428116107737669,0.8036666133619227,-0.08647647373725272,0.24705882352941178,0.10084033613445378,0.9248999435425403,0.938706155877016,0.022784576963684827,84.35937853889419,Good
https://mohp.gov.np/,https://mohp.gov.np,2026-01-26 15:07:17,1.2265981692050776,2.1202915963079443,-0.3287804878048787,-0.010401376239416784,0.31672394734791065,0.7460426996419205,-0.03529411764705882,0.025210084033613446,0.6538855209167393,-0.2820650097808674,-0.2942186972347506,67.42408162923232,Unacceptable
https://www.ntc.net.np/,https://ntc.net.np,2026-01-26 15:07:56,-0.33856626794047945,-0.517324426460048,0.9304065040650403,0.8455389908436426,0.6926970212117723,0.6431231640465551,2.347058823529412,0.6218487394957983,1.0395718951767918,0.6956001837654157,0.6004797174552284,69.78715693533066,Unacceptable
https://kathmandupost.com/,https://kathmandupost.com,2026-01-26 15:09:23,0.6224078407633241,-0.49885195910321684,-0.22926829268292795,0.8081397737411337,-0.14496300499847964,-0.3874319632430834,2.511764705882353,-0.15966386554621848,0.5707725295481124,-0.21262745360127464,-0.06264090198627585,88.96608727416623,Excellent
https://ekantipur.com/,https://ekantipur.com,2026-01-26 15:09:55,-0.05891209541110542,-0.32411943588298986,-0.25268292682926885,2.3509478171185334,0.005429896627259396,-0.6031334847301102,0.011764705882352941,-0.2184873949579832,1.779684910020881,-0.2598150662158906,0.2713620425232016,92.2678183204328,Excellent
https://nagariknews.nagariknetwork.com/,https://nagariknews.com,2026-01-26 15:12:19,0.5816276049150528,0.34665126852935935,-0.047804878048780836,1.6381381277533944,0.048956804465649366,-0.3743447383779707,-0.03529411764705882,0.04201680672268908,1.35285884930129,-0.09861885047567653,-0.04294498999587566,88.7657618599145,Excellent
https://www.daraz.com.np/,https://daraz.com.np,2026-01-26 15:14:46,0.5259721401125447,1.2138834316121494,0.7795121951219517,-0.12325253252731548,0.8078053404419624,1.2483036914957,1.1294117647058823,1.084033613445378,0.5494488707515659,1.1438892349382157,1.0688889749076003,55.89196053870954,Unacceptable
https://hamrobazaar.com/,https://hamrobazar.com,2026-01-26 15:15:53,-0.16928493243591353,0.07464533908439148,0.48487804878048774,-0.047540409987948604,0.31336670598917765,0.34770846407097966,2.264705882352941,0.40336134453781514,3.1826483346349783,1.3874168770407895,1.0384668262165453,76.5700012081158,Unacceptable
https://esewa.com.np/,https://esewa.com.np,2026-01-26 15:17:11,0.9320594931092577,1.1187994982046416,-0.08032520325203289,-0.14192872304063692,-0.04282899861576231,1.405504273907972,-0.10588235294117647,0.29411764705882354,1.2660658910364868,0.018784749008990843,0.975214598146534,52.28256984088128,Unacceptable
https://thehimalayantimes.com/,https://thehimalayantimes.com,2026-01-26 22:37:00,-0.35928634344170773,-0.9840469517392778,-0.2195121951219518,-0.14307600796265402,-0.5732030688663377,-0.5638426099948892,2.4235294117647057,0.1092436974789916,-0.3054757165508373,-0.3288521080254077,-0.2700432866919116,91.66639511278031,Excellent
https://www.setopati.com/category/technology,https://setopati.com/category/technology,2026-01-26 22:37:40,-0.6719508509114724,-0.6866520730642361,-0.3326829268292689,-0.14354319237352134,-0.7211344546102365,-0.6575247859738145,-0.10588235294117647,-0.7226890756302521,-0.7108691594778482,-0.39245167443133944,-0.818672407970731,93.10038290655686,Excellent
https://www.bossnepal.com/,https://bossnepal.com,2026-01-26 22:37:51,0.2292278675564548,-0.145098876810063,-0.3326829268292689,-0.11806140264127947,-0.3453321292495106,-0.6066308468772283,-0.023529411764705882,-0.5966386554621849,-0.40826210332885476,-0.4526105675692491,-0.7947479347723077,92.3213522459312,Excellent
https://risingnepal.com.np/,https://risingnepal.com.np,2026-01-26 22:38:31,-0.7040056851197267,-1.309701203507548,-0.3326829268292689,-0.14354319237352134,-0.7345017046214154,-0.7404794174196611,-0.10588235294117647,-0.7563025210084033,-0.7244408511093798,-0.4858758583352292,-0.8484538655696611,94.37016478008354,Excellent
https://nepalnews.com.np/,https://nepalnews.com.np,2026-01-26 22:38:45,-0.8499679542785992,-1.316174079018704,-0.3326829268292689,-0.12989290386165123,-0.7953697200779795,-0.8479385580415407,-0.10588235294117647,-0.7226890756302521,-0.7229025581477956,-0.48424879875739446,-0.6953393727367253,96.01503579606162,Excellent
https://www.gov.uk/,https://gov.uk/government,2026-01-26 22:39:16,-0.5272714959930984,-0.23296207566946459,-0.3326829268292689,5.417360859492796,-0.6604100074576229,-0.7925147487036974,-0.08235294117647059,-0.6302521008403361,-0.6717263245687274,-0.48352277630983814,-0.8118276914698656,95.16666666666667,Excellent
https://asiafoundation.org/,https://asiafoundation.org,2026-01-26 22:39:30,-0.17672083384552972,-0.8624672679618841,-0.3326829268292689,-0.11529579514916061,-0.5135377908232166,-0.337395242264517,1.1647058823529413,-0.15966386554621848,-0.46828920208820735,-0.4445363324952009,-0.611280701449964,88.20017800301514,Excellent
https://example.org/,https://example.org,2026-01-26 22:40:04,-0.8661513273119743,-1.3378817343964442,-0.3326829268292689,-0.14354319237352134,-0.802118380575047,-1.0142006318528696,-0.10588235294117647,-0.773109243697479,-0.727532767946563,-0.4858758583352292,-0.9064417484993813,98.56,Excellent
https://example.net/,https://example.net,2026-01-26 22:40:13,-0.8726246765253244,-1.3595893897741844,-0.3326829268292689,-0.14354319237352134,-0.8048178447738741,-1.0185559537222049,-0.1,-0.773109243697479,-0.727532767946563,-0.4858758583352292,-0.9358120959808648,98.62666666666667,Excellent
https://news.ycombinator.com/,https://news.ycombinator.com,2026-01-26 22:41:05,-0.8596779780986242,-1.3378817343964442,-0.3326829268292689,-0.14354319237352134,-0.79941891637622,-0.7483773225013931,-0.1,-0.7310924369747899,-0.7244069040854901,-0.4858758583352292,-0.8218278115994453,94.49105756854905,Excellent
https://news.ycombinator.com/,https://hackernews.com,2026-01-26 22:41:41,-0.7010809223715477,-0.7843365222640674,-0.3326829268292689,-0.14354319237352134,-0.7332820435049581,-0.8740604476696404,-0.1,-0.7226890756302521,-0.7242880895018761,-0.4851031973595849,-0.8342198451396239,96.41488209004075,Excellent
https://www.producthunt.com/upcoming,https://producthunt.com/upcoming,2026-01-26 22:41:59,-0.03420269788030453,-0.6877432417959499,0.06822556196265943,-0.14354319237352134,-0.4288708362047334,-0.3104719864241908,-0.08823529411764706,-0.42016806722689076,-0.49477089215174236,-0.031374747544927035,-0.4821013600003204,87.78806524153919,Good
https://wellfound.com/jobs,https://angel.co/jobs,2026-01-26 22:42:57,-0.2097337832622629,0.17084589105955278,0.47902439024390264,-0.11098260767354842,0.2920501100815784,-0.38282723534194263,-0.047058823529411764,0.4369747899159664,-0.050936824930749094,0.06957218285860084,1.6607807621821402,88.89560296341128,Excellent
https://stackoverflow.com/jobs,https://stackoverflow.com/jobs,2026-01-26 22:44:12,0.16102473689838964,-0.3848406157403952,-0.15317073170731751,-0.14354319237352134,-0.37377365208280244,-0.6087534044682336,0.01764705882352941,-0.453781512605042,-0.45718113358557705,-0.2505142859340833,-0.6269509377448474,92.35384211548518,Excellent
https://www.indeed.com/worldwide,https://indeed.com/worldwide,2026-01-26 22:44:52,-0.18605794196203196,0.11442414775314999,-0.23707317073170786,-0.14184667087899874,-0.03802117030842111,-0.5791058707611899,-0.047058823529411764,0.5882352941176471,-0.28708354752696275,-0.1660245054212474,-0.3810857311419919,91.90002898606937,Excellent
https://www.glassdoor.com/Job/index.htm,https://glassdoor.com/Job,2026-01-26 22:45:27,0.3003356105148085,0.47946186555404574,3.717940916420802,0.009533329926015823,1.3831644288548057,-0.03812177993844758,3.3117647058823527,0.31092436974789917,0.40091914304844684,1.8944738392715912,0.4281338136736826,83.61921596309229,Good
https://www.monster.com/jobs,https://monster.com/jobs,2026-01-26 22:45:52,-0.46804035069094535,-0.0028609286654177656,0.24943089430894425,-0.0208169135211059,0.5692857483633267,0.5155925774143958,2.476470588235294,-0.21008403361344538,0.26924821920140857,0.11526928581267944,-0.07786799360910639,72.71531220050329,Unacceptable
https://remoteok.com/,https://remoteok.io,2026-01-26 22:46:19,-0.16484927626527604,0.25176478783662015,-0.20689633880562974,1.2970743037358927,-0.45067330060701344,-0.2839900852353286,-0.09411764705882353,-0.36134453781512604,-0.564516969097463,-0.0539098111836782,-0.0316047576652683,87.38270827086669,Good
https://weworkremotely.com/,https://weworkremotely.com,2026-01-26 22:47:01,1.0028754020411013,2.8853903483881473,2.24532732463836,0.6857677134299445,1.0320927422701143,0.06191265285160802,0.07058823529411765,1.1092436974789917,0.725422850905287,1.2942585808280478,0.7841818708446844,82.08799453191449,Good
https://www.flexjobs.com/,https://flexjobs.com,2026-01-26 22:47:24,-0.44732212435634605,-0.17216887406794373,0.14861788617886224,0.0415156931867801,0.05941940804749375,-0.6752848714160402,0.1,0.14285714285714285,-0.2018767913300396,0.03167813838228125,-0.2148904618448434,93.37223553459903,Excellent
https://remote.co/,https://remote.co,2026-01-26 22:47:44,0.08699303472369242,-0.8344828692768335,0.05365853658536562,-0.14354319237352134,-0.3007214470266568,-0.6747156467373968,0.11764705882352941,-0.25210084033613445,-0.41353155748877163,-0.12255547400490997,-0.37324794344833295,93.36352244448811,Excellent
https://www.ietf.org/,https://ietf.org,2026-01-26 22:48:35,-0.11109907034214525,-0.14625166506891674,-0.3326829268292689,0.46513835966040806,-0.48725254084402947,-0.7751175797779887,-0.08235294117647059,-0.6386554621848739,-0.452071558957528,-0.45798698015770906,-0.7369469200777905,94.90036918131207,Excellent
https://www.iana.org/,https://iana.org,2026-01-26 22:48:53,-0.2934222065504335,0.08175427717529839,-0.3326829268292689,0.8566213736048777,-0.563283473610196,0.12815696858577721,-0.1,-0.6470588235294118,-0.10767489510130072,-0.48498924549198824,-0.453232887207668,81.07399652026233,Good
https://en.wikipedia.org/wiki/List_of_most_popular_websites,https://wikipedia.org/wiki/List_of_most_popular_websites,2026-01-26 22:49:17,-0.4654510110056053,-0.18954676491398406,-0.3326829268292689,1.6810578929327147,-0.6339417609881239,-0.17904636587611913,1.076470588235294,-0.3025210084033613,-0.3712335657221569,-0.417649461457222,-0.12973727660903564,85.77634066654811,Good
https://archive.org/,https://archive.org,2026-01-26 22:49:35,-0.4515333101969027,-1.1685620224500701,-0.3229268292682933,0.011530817025301374,-0.6183912684461473,-0.416344502045145,-0.10588235294117647,0.025210084033613446,-0.5907525432377974,-0.34453467370219176,-0.4894639684673201,89.40864987794876,Excellent
https://web.archive.org/,https://web.archive.org,2026-01-26 22:50:18,0.15871171465533787,1.6210640682740516,-0.18569105691056959,1.7152153580654268,-0.3654091689874414,0.07146849590269384,0.8058823529411765,-0.2605042016806723,0.6737563018440694,-0.27427926044757023,-0.2250721111171917,81.94172378028738,Good
https://archive.org/details/texts,https://archive.org/details/texts,2026-01-26 22:50:43,0.12351149719802768,-0.9466953676239459,0.028988035580577436,1.7100072461876605,-0.3307783219027708,0.06329654256817163,-0.10588235294117647,0.5714285714285714,-0.3023293202156375,0.11409370641911834,-0.1273240068286992,82.06681140993052,Good
https://opensource.org/,https://opensource.org,2026-01-26 22:51:05,-0.20099516186725613,0.40529589978073655,-0.29365853658536645,-0.14354319237352134,-0.4357778634874063,-0.6644576706644673,0.0058823529411764705,-0.025210084033613446,-0.38885699891472186,-0.4422736426685784,-0.29712850261148366,93.20650418222291,Excellent
https://www.gnu.org/,https://gnu.org,2026-01-26 22:51:23,0.4417512322463811,-0.7821657567262934,-0.3326829268292689,0.3528593843272884,-0.2567073392858289,-0.005779007691783012,0.7,-0.5630252100840336,-0.5250899647464263,-0.48434688390924974,-0.43806986469404996,83.12414696908168,Good
https://www.fsf.org/,https://fsf.org,2026-01-26 22:51:43,-0.21727358886161846,0.05658187508681021,-0.3326829268292689,2.25527841373151,-0.528289230427474,0.4921360608005775,0.9647058823529412,-0.47058823529411764,-0.5244375796018357,-0.48187648434928665,-0.37510060852306026,73.25388356945236,Unacceptable
https://network.creativecommons.org/chapter/,https://creativecommons.net,2026-01-26 22:52:18,-0.33483452393093716,0.4438299706375084,-0.3326829268292689,1.8221363664548977,-0.5805529062446325,0.2947429750045582,2.6470588235294117,-0.44537815126050423,-0.5924920544458248,-0.3864843468839081,-0.3602899661101108,77.78611084720669,Good
https://creativecommons.org/licenses/,https://creativecommons.org/licenses,2026-01-26 22:52:36,-0.6130433730699868,-0.48911240912679976,-0.3326829268292689,0.29312102134845214,-0.6965693304009107,-0.49419812564379595,1.0235294117647058,-0.6134453781512605,-0.6920250022568611,-0.48350450554625723,-0.4831318048401542,90.60035091152483,Excellent
https://opensource.com/,https://opensource.com,2026-01-26 22:53:26,-0.36101738928406857,-0.0676892892457927,-0.30666666666666725,-0.13414203760421864,-0.5583201276291768,-0.6493119373560496,-0.1,-0.10084033613445378,0.009617000231537866,-0.41680035176027863,1.305010337817726,92.97466929511535,Excellent
https://opensource.org/licenses,https://opensource.org/licenses,2026-01-26 22:53:45,-0.20651704247160274,0.4812197862581902,-0.3086178861788624,-0.14354319237352134,-0.47812868743182857,-0.6492246592025627,-0.052941176470588235,-0.17647058823529413,-0.5090179652988868,-0.44215392108616675,-0.4537454400813678,92.97333333333333,Excellent
https://creativecommons.org/about/,https://creativecommons.org/about,2026-01-26 22:53:57,-0.27008772833324274,-0.46415721617735667,-0.2507317073170737,0.4390295032556096,-0.5535527165523644,-0.6520702023170492,-0.058823529411764705,-0.5378151260504201,-0.6478155740321967,-0.39469224701783756,-0.7683461226843354,93.01688990159406,Excellent
https://creativecommons.org/mission/contact/,https://creativecommons.org/contact,2026-01-26 22:54:18,-0.2751473658353062,-0.5086520245884142,0.41268292682926844,0.5426799005632774,-0.10063665356530946,-0.37564988594736964,-0.09411764705882353,-0.24369747899159663,-0.05232263005115118,0.1025643737900125,-0.372174785869024,88.78573968028469,Excellent
https://www.mozilla.org/en-US/blog/,https://mozilla.org/blog,2026-01-26 22:54:32,-0.4097432077772141,0.19263204509047152,-0.079552049667713,-0.03399273728568172,-0.4488026766970316,-0.4053257502095759,-0.10588235294117647,-0.5126050420168067,-0.5687151756406013,-0.2635014331731187,-0.6535823308074977,89.23998646391348,Excellent
https://www.chromium.org/chromium-projects/,https://chromium.org,2026-01-26 22:54:43,-0.5058594097101732,-0.7765436745571317,-0.3326829268292689,-0.09034699644273592,-0.6518723331832269,-0.9015764038758838,-0.1,-0.6386554621848739,-0.6775923155436099,-0.4541996431912184,-0.8113204776886,96.83606728265111,Excellent
https://getbootstrap.com/,https://getbootstrap.com,2026-01-26 22:54:57,-0.6609461572487773,-1.0231207314192103,-0.3326829268292689,0.33891772373223106,-0.7165453654722306,-0.8708486200601429,-0.08823529411764706,-0.6302521008403361,-0.6735657604841722,-0.48478730547346266,-0.6799841428954699,96.36571882563524,Excellent
https://jquery.com/,https://jquery.com,2026-01-26 22:55:09,-0.6935124973498945,-0.7589566521678442,-0.3326829268292689,0.15011070121777428,-0.730125919570639,-0.7898496372275302,-0.1,-0.6134453781512605,-0.6744960184452797,-0.48492722105772684,-0.817439077618391,95.12587195533612,Excellent
https://react.dev/,https://reactjs.org,2026-01-26 22:55:28,-0.051139496854109595,-0.6453964587640943,-0.16943089430894342,-0.14354319237352134,-0.3849077782301717,-0.8579507407270288,-0.07058823529411765,-0.2605042016806723,-0.43026798779905634,-0.27845316830666755,-0.4429391169941978,96.16829171278243,Excellent
https://angular.dev/,https://angular.io,2026-01-26 22:55:39,-0.05619638128996551,1.3782119383320348,-0.3326829268292689,-0.027899533518456494,-0.4643574615533833,-0.46925637296583295,-0.06470588235294118,-0.6470588235294118,-0.49459540793953816,-0.3927661238887574,-0.7818166528962573,90.21856890740443,Excellent
https://vuejs.org/,https://vuejs.org,2026-01-26 22:55:53,-0.6381045043617251,-0.6909161078100856,-0.3307317073170739,-0.14354319237352134,-0.6484571773463468,-0.811171814362063,0.1,-0.21008403361344538,-0.5708010012455683,-0.4504022092238014,-0.6499303915823869,95.45224932038089,Excellent
https://svelte.dev/,https://svelte.dev,2026-01-26 22:56:06,-0.6421658357321253,-1.0231207314192103,-0.3326829268292689,-0.14354319237352134,-0.707606648718197,-0.9413299796716151,-0.07058823529411765,-0.06722689075630252,2.1657482605059024,-0.4265386687488913,-0.6995892903144859,97.44457302938862,Excellent
https://webpack.js.org/,https://webpack.js.org,2026-01-26 22:56:31,-0.5012232742757514,-0.20099328508657766,-0.3326829268292689,-0.07676782361252296,-0.6499390091474518,-0.7145549038439967,-0.09411764705882353,-0.6134453781512605,-0.6096180542318764,-0.3495947135949609,-0.12668865482900898,93.97333971022755,Excellent
https://rollupjs.org/,https://rollupjs.org,2026-01-26 22:56:43,-0.7075542715848977,-1.1099513529301714,-0.3287804878048787,-0.14354319237352134,-0.7081770264558669,-0.8812241216940854,-0.09411764705882353,-0.5714285714285714,-0.6095071788715913,-0.4536640213325576,-0.7924094122860526,96.52453604504664,Excellent
https://babeljs.io/,https://babeljs.io,2026-01-26 22:57:02,-0.15165466507163877,-0.839886580610034,0.08270623739837363,-0.14318767829650078,-0.4054040263041403,-0.540294063507757,-0.1,0.2184873949579832,-0.31037312227957553,-0.12673659400752552,-0.38326408085521585,91.30593883739101,Excellent
https://emberjs.com/,https://emberjs.com,2026-01-26 22:57:20,-0.09903001448355273,-1.159859844300253,0.025040650406503794,-0.021604677728274287,-0.36911228770189525,-0.7644314213699545,0.27058823529411763,-0.5042016806722689,-0.4093968647322658,-0.24231359794367166,-0.4850592172089628,94.73679675614838,Excellent
https://backbonejs.org/,https://backbonejs.org,2026-01-26 22:57:45,-0.7632250748197082,-1.0296330280325323,-0.3326829268292689,-0.14354319237352134,-0.7580091355662135,-0.7581387963451808,0.011764705882352941,-0.6386554621848739,-0.6585658299523763,-0.457922551675608,-0.5443284823229324,94.64047589914387,Excellent
https://gruntjs.com/,https://gruntjs.com,2026-01-26 22:57:59,-0.7852344621450985,-1.1967819744411325,-0.3326829268292689,-0.13203441132925595,-0.7678351852499439,-0.5352342259988598,-0.10588235294117647,-0.5798319327731093,-0.6842801530162101,-0.48535850724014934,-0.6765617846450371,91.228488189491,Excellent
https://gulpjs.com/,https://gulpjs.com,2026-01-26 22:58:19,-0.13359554232038534,-0.38178293742424685,-0.07121951219512232,-0.13113341782897264,-0.4898581841184647,-0.4734129969338717,-0.1,-0.4117647058823529,-0.5243929556913999,-0.18214989671008402,-0.40976199660700674,90.28219411648186,Excellent
https://circleci.com/,https://circleci.com,2026-01-26 22:59:10,-0.3364994676522569,-0.1261567005888865,0.7827642276422766,-0.09315953185041533,0.44501785004117284,1.3887553601959086,-0.01764705882352941,0.8823529411764706,-0.18295625330530058,0.6472480503773023,1.3219299217422527,52.667131859821545,Unacceptable
https://www.travis-ci.com/,https://travis-ci.org,2026-01-26 22:59:35,-0.39874564918034033,0.14267383449284085,0.0029268292682929817,0.2417741274226226,-0.29005369562414274,-0.5344687654910378,-0.07647058823529412,-0.226890756302521,-0.42640514499999005,-0.1280020847902866,-0.09629320160012596,91.21677132859014,Excellent
https://github.com/features/actions,https://github.com/features/actions,2026-01-26 23:00:06,0.6708678080877607,1.1356646510762418,0.30314289874169065,0.09091103746373431,0.0629998722297386,-0.1559371591755262,1.9705882352941178,0.17647058823529413,0.00024707410532652757,-0.08607789451566934,0.18376355295245128,85.4226093405383,Good
https://gitlab.com/explore/projects,https://gitlab.com/explore/projects,2026-01-26 23:00:30,-0.2019856980222577,-0.9341193443704753,0.1258536585365852,-0.13624597065511798,-0.17354814187817627,-0.46837435793598825,-0.07647058823529412,-0.4789915966386555,-0.13421024336388726,-0.08254250176276982,-0.17791190764437906,90.20506795299653,Excellent
https://bitbucket.org/product/,https://bitbucket.org/product,2026-01-26 23:01:13,0.23727172103953056,0.6560390276487956,1.2061788617886184,0.8615808231850093,0.8697388958838705,0.5141880884450932,0.12352941176470589,0.24369747899159663,0.8431311448134183,0.5765666398455062,0.8455280429156249,72.74755985088227,Unacceptable
https://app.readthedocs.org/welcome/,https://readthedocs.org,2026-01-26 23:01:27,-0.42890038957222126,-0.845817076635714,-0.20910569105691107,0.05883004126618353,-0.5931357878634912,-0.7963534214969813,-0.10588235294117647,-0.6302521008403361,-0.6287107912729594,-0.21768605106534059,-0.6440734071818801,95.2254250150115,Excellent
https://pypi.org/project/requests/,https://pypi.org/project/requests,2026-01-26 23:01:46,0.10705586124922917,0.15096125395368007,-0.09073170731707356,0.4596135779266688,-0.2800211140433334,-0.6674499490660358,-0.08235294117647059,-0.37815126050420167,-0.23025321810600108,-0.31617556376724865,-0.44001329434016156,93.25230681926239,Excellent
https://www.npmjs.com/package/express,https://npmjs.com/package/express,2026-01-26 23:02:39,-0.4214560866004737,-0.8403902606235842,0.10178861788617867,-0.022892507336865688,0.06519602334882144,-0.7624829190939086,-0.058823529411764705,-0.6302521008403361,-0.6295731551862874,0.9574255147847747,1.4116693873791861,94.70697114150185,Excellent
https://rubygems.org/,https://rubygems.org,2026-01-26 23:02:52,-0.4284224139979323,0.03731296127018704,-0.3326829268292689,-0.1430477508701473,-0.6195801779633581,-0.7170329537701859,-0.10588235294117647,-0.19327731092436976,-0.570008995276915,-0.4803109683961454,-0.7908770927573876,94.0112710809434,Excellent
https://packagist.org/,https://packagist.org,2026-01-26 23:03:07,-0.8201905478971889,-1.1837573812144884,-0.31577235772357787,2.5195443419396324,-0.7241038652289462,-0.6324473630391801,-0.1,-0.6554621848739496,-0.6356811555895452,-0.40954878185693827,-0.6431123705436931,92.7165242054553,Excellent
https://maven.apache.org/,https://maven.apache.org,2026-01-26 23:03:20,-0.7654746584084652,-1.0199733936954691,-0.3326829268292689,-0.14354319237352134,-0.7601350031293033,-0.8919508489647832,-0.10588235294117647,-0.6638655462184874,-0.6712343664886479,-0.48394540792003815,-0.7405614856558608,96.68872945550726,Excellent
https://gradle.org/,https://gradle.org,2026-01-26 23:04:13,-0.46478323557426,-0.0788864308969804,0.08133336836918258,0.03013799003250875,-0.11439605581518619,-0.7475108518293241,-0.09411764705882353,-0.2689075630252101,0.07403421572553448,0.0751678446100397,1.396388904832012,94.47779455075053,Excellent
https://docs.python.org/3/,https://docs.python.org,2026-01-26 23:04:23,-0.7065612792356175,-0.9297778132949271,-0.3326829268292689,-0.14354319237352134,-0.7355674179940777,-0.9119675812465549,-0.10588235294117647,-0.6050420168067226,-0.7168326112632529,-0.4858758583352292,-0.8753308568842925,96.99512444968214,Excellent
https://www.php.net/,https://php.net,2026-01-26 23:05:08,-0.5445101500979111,-0.4164554472866738,-0.14731707317073214,-0.08886082867810978,-0.5621765052623077,-0.09609917429345988,-0.1,-0.40336134453781514,-0.4797025200395236,-0.28957765927958756,-0.33485452975276,84.5066726745884,Good
https://laravel.com/,https://laravel.com,2026-01-26 23:05:35,-0.2884049100204811,0.07854277900110823,-0.21951219512195158,-0.14354319237352134,-0.5061221311736647,-0.5906898304460372,0.2235294117647059,-0.44537815126050423,3.1708840482592535,-0.24195202914859906,0.0006006478988669111,92.0773440048346,Excellent
https://www.djangoproject.com/,https://djangoProject.com,2026-01-26 23:06:04,-0.40645571269024505,-0.334693559769966,-0.3326829268292689,-0.1024576213587279,-0.6104198002682792,-0.7378879354039999,-0.1,-0.6554621848739496,-0.6375611089206004,-0.4838886723910238,-0.7751961782776354,94.33049711075991,Excellent
https://flask.palletsprojects.com/,https://flask.palletsprojects.com,2026-01-26 23:06:43,-0.5677570831202481,-1.3375022171310853,0.2676422764227643,0.05883004126618353,-0.22663352714408,-0.8793869013427708,-0.1,-0.3865546218487395,-0.627452013725822,0.5329293250803974,0.5926579470388726,96.49641381655725,Excellent
https://fastapi.tiangolo.com/,https://fastapi.tiangolo.com,2026-01-26 23:07:02,0.7199533079708712,1.1589482497192884,-0.3326829268292689,1.1763519032686922,-0.12935599008952128,-0.5132484081049892,-0.08235294117647059,0.0,0.2230219544848433,-0.34176376816228005,-0.41000759485898786,90.89195251270338,Excellent
https://spring.io/,https://spring.io,2026-01-26 23:07:24,-0.2314380080301897,-0.7024999017264817,0.4614559967450999,0.049244836954408455,-0.22860162365701567,-0.7116272191493708,0.0,-0.18487394957983194,-0.2727792572185848,0.21005319917464188,-0.2924461185465389,93.92852580542389,Excellent
https://dotnet.microsoft.com/en-us/,https://dotnet.microsoft.com,2026-01-26 23:07:53,-0.09448436033344947,0.18474455170112591,-0.22173796972367266,-0.12279620943239763,-0.30621236962355375,-0.07296421161718755,1.5058823529411764,-0.35294117647058826,-0.3949510372355734,-0.2306126162988183,0.07643177774426009,84.15254710330882,Good
https://go.dev/,https://golang.org,2026-01-26 23:08:11,-0.25622367346884534,0.27979905027856583,-0.27024390243902496,0.24434005803419145,-0.4214360503081683,-0.6698249105802445,-0.08823529411764706,-0.20168067226890757,-0.48977657314512535,-0.3370970304960669,-0.4682197196709518,93.28866022145952,Excellent
https://rust-lang.org/,https://rust-lang.org,2026-01-26 23:08:26,-0.8237508899645314,-1.1956965916722455,-0.3326829268292689,-0.08033327475312767,-0.7844368900727301,-0.9314025575137763,-0.1,-0.5966386554621849,-0.6888378147397294,-0.4835569137891603,-0.7625425292081724,97.29261453729285,Excellent
https://crates.io/,https://crates.io,2026-01-26 23:08:46,-0.2555883778486767,0.41661173656435685,0.017913741463414384,-0.07348181209773423,-0.4566735774923497,-0.278820592559459,-0.10588235294117647,-0.6638655462184874,-0.5032606595537157,-0.16449649261440516,-0.4001089174856612,87.30357913749897,Good
https://deno.com/,https://deno.land,2026-01-26 23:09:25,-0.09225391579684503,-0.44568996147248613,0.2003095219209597,-0.13912651336563137,-0.18252676311478894,0.1866932406864966,1.7117647058823529,0.07563025210084033,0.033056872694759244,-0.07251569903340437,0.6754459143262532,80.17798509857528,Good
https://www.cloudflare.com/,https://cloudflare.com,2026-01-26 23:10:50,0.5452894836081367,-0.0896826005534641,0.8003240859632151,1.3443564682039,0.7096520020107963,1.9625339146251461,0.1,1.3529411764705883,2.577116105871186,4.352345905942593,3.0432212880293545,44.162743229452914,Unacceptable
https://www.fastly.com/,https://fastly.com,2026-01-26 23:12:02,0.4840260327496934,0.4985896247608744,0.8857906675376916,-0.14354319237352134,0.6397698899732212,-0.23781474637471167,0.09411764705882353,0.7394957983193278,0.06194496872596204,0.9530616871463437,2.4051143166428854,86.67590495841463,Good
https://www.akamai.com/,https://akamai.com,2026-01-26 23:13:00,0.24989687311118597,-0.19495580069960486,0.01203252032520356,-0.14345324021861128,0.36813615246988063,-0.6137795821656012,-0.07058823529411765,0.7394957983193278,0.03685209521236772,0.33838271528068176,1.7049083611522293,92.43077753454503,Excellent
https://stackpath.com/,https://stackpath.com,2026-01-26 23:13:12,-0.8700353368399844,-1.3509063276230884,-0.3326829268292689,-0.14354319237352134,-0.8037380590943433,-0.8725726529694416,-0.10588235294117647,-0.773109243697479,-0.727551384056438,-0.4858758583352292,-0.8352609681643265,96.39210850032171,Excellent
https://domains.atom.com/lpd/name/stackpathcdn.com,https://stackpathcdn.com,2026-01-26 23:13:30,-0.47871173860689287,-0.5140680896390614,-0.16357723577235805,-0.08225712096956057,-0.4217092669621629,-0.5303451865683777,0.041176470588235294,-0.2773109243697479,-0.5471057048042088,-0.2712203499764746,-0.47277396551747153,91.15365193816203,Excellent
https://www.jsdelivr.com/,https://jsdelivr.com,2026-01-26 23:13:52,-0.4009128108444166,-0.08166337789654837,-0.28585365853658595,-0.07794268841518255,-0.5529312955482009,-0.7621588896417343,-0.09411764705882353,-0.17647058823529413,-0.5345532451883345,-0.2633182447277443,-0.2676780687434846,94.70201124091899,Excellent
https://cdnjs.com/,https://cdnjs.com,2026-01-26 23:14:06,-0.2826688343773401,-1.1096770689582385,-0.23252032520325258,0.1644481344200196,-0.44677142429387895,-0.8794342332765801,-0.08823529411764706,-0.5714285714285714,-0.570631813658763,-0.34619635156891687,-0.7236525799162029,96.49713832380347,Excellent
https://unpkg.com/,https://unpkg.com,2026-01-26 23:14:18,-0.6057944416006728,-1.2432418102283997,-0.21040650406504116,-0.14354319237352134,-0.6012247635068558,-0.9952125226227959,-0.1,-0.6890756302521008,-0.6466816339277507,-0.36465943897697084,-0.770289552330447,98.26935008097009,Excellent
https://www.google.com/amp,https://google.com/amp,2026-01-26 23:14:28,-0.7010809223715477,-0.8538010194728363,-0.3326829268292689,-0.14354319237352134,-0.7332820435049581,-0.91707695416669,-0.10588235294117647,-0.7478991596638656,-0.7239113870432285,-0.4858758583352292,-0.9024320900811674,97.07333333333334,Excellent
https://amp.dev/,https://amp.dev,2026-01-26 23:14:41,-0.5793796797659466,-0.41964027492890243,-0.3326829268292689,-0.14354319237352134,-0.6819912740263959,-0.8299689845304051,0.11176470588235295,-0.47058823529411764,-0.5082735946702077,-0.39315942611531474,-0.7386447514719211,95.73997654594199,Excellent
https://schema.org/,https://schema.org,2026-01-26 23:14:53,-0.5855983675678901,-0.3970786408803651,-0.30666666666666725,4.576716586802525,-0.5713926109684653,-0.8254423243973951,-0.10588235294117647,-0.5546218487394958,-0.6049492433817505,-0.4311905013184988,-0.7847317973654249,95.67068721411891,Excellent
https://microformats.org/,https://microformats.org,2026-01-26 23:15:11,-0.6680668413834624,-0.7604581013485531,-0.3326829268292689,-0.14354319237352134,-0.7195147760909403,-0.33567911261541983,0.07647058823529412,-0.5546218487394958,-0.6943197115652788,-0.4656082926187785,-0.5025447449315328,88.17390930308765,Excellent
https://pagespeed.web.dev/,https://pagespeed.web.dev,2026-01-26 23:16:20,-0.5987931968628968,-0.46520608278118736,-0.28194926477683513,-0.14354319237352134,-0.6096846190938092,-0.8391110938913493,-0.07647058823529412,-0.6470588235294118,-0.6113310101066998,-0.34903889773444824,-0.8047213594397156,95.87991429926566,Excellent
https://web.dev/,https://web.dev,2026-01-26 23:16:44,0.023312792507348697,0.17888334843598566,0.44455284552845603,1.911587892870751,0.15936805052781888,-0.46053482278110985,-0.08823529411764706,0.05042016806722689,0.28854518591847333,0.3813468966507048,-0.13884576830207512,90.08506862971537,Excellent
https://web.dev/,https://developers.google.com/web/fundamentals,2026-01-26 23:17:10,-0.2390631944358725,0.5913223591058133,0.356747343763015,2.799707925927726,0.2107793455953624,-0.4079974035723704,-0.09411764705882353,0.04201680672268908,0.28817368501993806,0.4198962845681043,-0.07812960913839072,89.28088131153436,Excellent
https://developer.apple.com/,https://developer.apple.com,2026-01-26 23:17:25,2.342040542824318,2.022463318077749,-0.3326829268292689,-0.1392012858539969,0.5400552190817455,-0.08463668518178477,-0.07647058823529412,-0.2857142857142857,0.8735044231397971,-0.48002729075107375,-0.6146176342214469,84.33121699904841,Good
https://developer.android.com/,https://developer.android.com,2026-01-26 23:19:55,-0.05151462820509103,1.046584337522259,0.16422290245865392,0.07031454103071016,0.24700589569614773,-0.1602214892284363,-0.029411764705882353,0.12605042016806722,0.35687561721472744,0.18119020081251982,0.03009913359877521,85.4881893394675,Good
https://developer.apple.com/documentation,https://developer.apple.com/documentation,2026-01-26 23:20:18,3.0772184482288893,-0.2750509221589434,-0.020487804878049097,0.8144072730375798,0.9189788565636393,0.2537456388770452,-0.10588235294117647,-0.33613445378151263,3.256250136455401,-0.1538470414945868,-0.19416944410704345,78.7274267213827,Good
https://developers.google.com/maps,https://developers.google.com/maps,2026-01-26 23:21:26,-0.4064073193412754,0.20381857530215947,2.089753226352968,2.0218776361772686,3.223359367375766,1.2922836207230213,0.041176470588235294,1.2436974789915967,3.122085201417754,2.574249618537691,2.1667665521876263,54.88216308752753,Unacceptable
https://developer.x.com/en,https://developers.twitter.com,2026-01-26 23:22:16,1.0109387727410646,0.629616309609954,0.1304065040650399,-0.14354319237352134,-0.01874026383949045,0.7665085121040011,0.8176470588235294,-0.4957983193277311,-0.2297530470362708,-0.06038198877742946,-0.21652956322219563,66.95417807041214,Unacceptable
https://developer.microsoft.com/en-us/windows/,https://developers.microsoft.com/en-us/windows,2026-01-26 23:22:49,0.9573183725304718,3.1770404777694012,-0.3326829268292689,-0.14298804888953964,-0.04170966321139486,0.08013865651354236,-0.1,-0.47058823529411764,1.1358809707835897,-0.2887742264915965,0.3076144801525912,81.80901011991259,Good
https://stackoverflow.blog/engineering,https://stackoverflow.blog/engineering,2026-01-26 23:23:08,-0.4065666415077214,-0.7626046789547198,-0.22731707317073233,-0.020718826310162013,-0.5728097021352353,-0.5759090562869836,1.6294117647058823,-0.13445378151260504,-0.40132240084029835,-0.2703279674184197,-0.3992866972507679,91.8510955268806,Excellent
https://engineering.fb.com/,https://engineering.fb.com,2026-01-26 23:23:21,1.239376601273023,-0.9752233203577593,-0.3326829268292689,-0.14354319237352134,0.08177584851735153,-0.9099096829790886,-0.023529411764705882,-0.48739495798319327,0.3978165493247177,-0.48253807831474194,-0.7455215025273929,96.9636243167535,Excellent
https://blog.x.com/engineering/en_us,https://engineering.twitter.com,2026-01-26 23:23:37,0.25595594125014987,0.14579921923669922,-0.3326829268292689,-0.07064518312323673,-0.3330136804150284,-0.04966729035342027,0.788235294117647,-0.48739495798319327,0.0697399172034825,-0.4019866089727227,-0.5451880762048663,83.79594244104808,Good
https://medium.com/tag/performance,https://medium.com/tag/performance,2026-01-26 23:24:03,0.07316681627607412,-0.5697214705951594,2.021138211382115,0.29560926179422686,0.42244012808029996,0.16941605869847112,-0.041176470588235294,0.10084033613445378,0.042507012353226174,1.7621194662725441,-0.03167416586691511,80.44244595062955,Good
https://www.perfplanet.com/,https://perfplanet.com,2026-01-26 23:24:16,-0.7185589652475929,-0.8429471917839662,-0.3326829268292689,-0.06693435372103618,-0.740570596841791,-0.6195609121286864,-0.10588235294117647,-0.7310924369747899,-0.7145866323600963,-0.4858758583352292,-0.7663653193911832,92.51927202682415,Excellent
https://workspace.google.com/intl/en-US/products/calendar/,https://calendar.google.com,2026-01-26 23:24:38,0.5809672732950442,0.8311551930696921,-0.1213008130081305,0.019042676420306198,-0.1729226958537052,-0.4754410025736418,-0.047058823529411764,0.0,-0.09603571993458901,-0.2514297473513999,-0.24698374646785667,90.31323668464118,Excellent
https://accounts.google.com/v3/signin/identifier?continue=https%3A%2F%2Fdrive.google.com%2Fdrive&dsh=S-399054888%3A1769449182496446&followup=https%3A%2F%2Fdrive.google.com%2Fdrive&ifkv=AXbMIuAMPjBBwX7mfjfHTbEr8_bi_V1idus0yqmLFLwSavsVcm22zIPNpkMrX3Lf8lU94v3cYueAcw&osid=1&passive=1209600&service=wise&flowName=GlifWebSignIn&flowEntry=ServiceLogin,https://drive.google.com/drive,2026-01-26 23:24:53,-0.15143134143491457,0.9503138329211971,0.05886178861788594,0.04279673791871814,-0.3170527015384297,-0.36407763039586344,0.9470588235294117,-0.5966386554621849,-0.504066901371097,-0.05012535907459563,-0.5918837786358886,88.60860381602963,Excellent
https://accounts.google.com/v3/signin/identifier?continue=https%3A%2F%2Fmail.google.com%2Fmail%2Fu%2F0%2F&dsh=S19172394%3A1769449198176358&emr=1&followup=https%3A%2F%2Fmail.google.com%2Fmail%2Fu%2F0%2F&ifkv=AXbMIuDM1fcMki1woUWQtCf2LGKb7YlP9nLEZqrR6HOcpJnsS8fHPZIK2brtHaOOs0z5rl7oz2Hj&osid=1&passive=1209600&service=mail&flowName=GlifWebSignIn&flowEntry=ServiceLogin,https://mail.google.com,2026-01-26 23:25:08,-0.1074125667883076,1.119633544853576,-0.12845528455284597,-0.05380175061276098,-0.3337353902889212,-0.2738734993091699,0.8823529411764706,-0.5714285714285714,-0.5043529871772646,-0.2111946410888788,-0.6369136842273866,87.22785425961841,Good
https://proton.me/,https://proton.me,2026-01-26 23:34:29,-0.5236814784165947,-1.1099513529301714,-0.24552845528455325,-0.12900536621410183,-0.4843914443731072,-0.20992784717264495,0.6,0.7478991596638656,-0.23915911031694542,-0.233058975380386,0.19888920181902867,86.2490417622498,Good
https://proton.me/mail,https://protonmail.com,2026-01-26 23:34:55,-0.5157160867066607,-0.6106752792421453,-0.302113821138212,-0.09865593118020863,-0.4846613907929899,0.07190932927498286,2.0352941176470587,0.6050420168067226,-0.3656547556187287,-0.3198489488661419,-0.032752662538658404,81.9349759686749,Good
https://www.icloud.com/,https://icloud.com,2026-01-26 23:35:08,0.2733805595902191,-0.8133775622046553,0.21626016260162595,-0.14354319237352134,-0.3269199275439115,-0.6386814935965421,-0.09411764705882353,-0.5882352941176471,0.18059474501439018,-0.22194121574141645,-0.6728938281426232,92.81194969094015,Excellent
https://sendgrid.com/en-us,https://sendgrid.com,2026-01-26 23:37:24,1.9924947680898422,0.30285994345928435,0.07121951219512172,-0.09211905822190093,0.4150079094538553,0.46003289368789557,0.9294117647058824,0.6722689075630253,0.16852685178790966,0.18524871437531645,1.5522316738989121,73.9909856270227,Unacceptable
https://postmarkapp.com/,https://postmarkapp.com,2026-01-26 23:38:18,-0.7199045571534477,-0.9453939340339307,-0.1213008130081305,-0.13084364892984493,0.005229821409788172,-0.6110554202213594,-0.023529411764705882,-0.04201680672268908,-0.3360165398660913,0.27457111185529737,1.5022043777888414,92.38907894102398,Excellent
https://www.mailgun.com/,https://mailgun.com,2026-01-26 23:38:32,-0.5450730026054039,-0.6193583413932413,-0.3326829268292689,-0.14354319237352134,-0.6671180825406368,-0.7329613168370617,-0.041176470588235294,-0.5546218487394958,-0.6606836862169813,-0.4638475679810624,-0.671414899538302,94.25508563770477,Excellent
https://www.twilio.com/en-us,https://twilio.com,2026-01-26 23:39:44,2.812462325701142,1.5096690591146638,1.8211457044876753,-0.14354319237352134,1.5057637943378155,0.89568214222486,0.047058823529411764,1.6974789915966386,0.7467544489251626,1.8018723205384297,2.3288507203103084,63.98829784396243,Unacceptable
https://plaid.com/,https://plaid.com,2026-01-26 23:40:26,0.4341373224719311,-1.0773799629837066,1.9721329230534013,0.3341269569432274,1.2927034077928394,0.3211781942244588,0.06470588235294118,1.1008403361344539,0.6542077438773702,1.4722797657784161,0.8157572635015636,77.17914722860428,Good
https://squareup.com/us/en,https://squareup.com,2026-01-26 23:41:53,-0.16378933966119413,-0.578109493494476,4.256176644684258,-0.13848187436284703,2.0220096222037314,1.849707442306156,0.5058823529411764,3.1176470588235294,4.3152464365720045,3.5134000424555074,3.193126986309232,45.601933612874916,Unacceptable
https://quickbooks.intuit.com/,https://quickbooks.intuit.com,2026-01-26 23:43:22,-0.44828708376630144,-0.40117340824782993,1.4930081300812985,-0.047957171218568684,1.343026557381562,2.78560555071412,0.11764705882352941,2.7394957983193278,1.473869860114307,1.9773279056343747,3.330320305502869,33.66381723114995,Unacceptable
https://www.freshbooks.com/,https://freshbooks.com,2026-01-26 23:44:02,-0.12495284238339192,-0.3197926971804257,2.3196747967479703,-0.14354319237352134,0.7131988527945107,-0.07158233832047661,0.5764705882352941,0.6302521008403361,0.41570964234414876,1.6808169723854156,0.6528882487910292,84.13139484655002,Good
https://www.xero.com/us/,https://xero.com,2026-01-26 23:45:07,-0.1561613441591427,0.039113416749915225,2.440977086393711,1.2286834676807583,1.289888491651272,-0.04577655263919971,-0.03529411764705882,1.3361344537815125,0.5677257841540083,2.4222181139715624,2.0431932577940737,83.73638713788952,Good
https://www.zoho.com/,https://zoho.com,2026-01-26 23:45:34,0.842009331418095,-0.15095935170019203,-0.2611382113821144,-0.07604383952995587,-0.07993729518331599,0.09651899732076308,-0.10588235294117647,0.12605042016806722,-0.06600109054814246,-0.244652255682026,-0.04045163382902365,81.55827716532431,Good
https://basecamp.com/,https://basecamp.com,2026-01-26 23:45:52,-0.30620662035719376,-0.8060441776418077,-0.3326829268292689,0.2701326440818662,-0.5686147273765101,-0.6582211703646454,-0.08235294117647059,0.16806722689075632,0.055979874342627176,-0.4769808813287448,-0.49197868100390957,93.11104242322364,Excellent
https://jira.atlassian.com/,https://jira.atlassian.com,2026-01-26 23:47:34,-0.10006526613768083,-0.7721403899909575,-0.31580720182057037,0.026796050738644175,-0.48265131226124386,-0.603051026117563,-0.1,-0.3949579831932773,-0.38175851195958443,-0.349151407173341,-0.5812643237839216,92.26655613109263,Excellent
https://confluence.atlassian.com/alldoc/atlassian-documentation-32243719.html,https://confluence.atlassian.com,2026-01-26 23:47:53,0.35494662013888445,1.6111027642048712,-0.29691056910569164,-0.07356914843671157,-0.2929059028043859,-0.3827278644795443,-0.08235294117647059,0.08403361344537816,-0.34405240270670023,-0.17411604963974053,-0.4311877745461438,88.89408189921474,Excellent
https://github.com/trending,https://github.com/trending,2026-01-26 23:48:22,-0.01390012064216761,0.43908900798225975,-0.02699186991869951,1.9127169073148105,-0.3098184050368197,0.2358179888142783,1.9823529411764707,0.2605042016806723,-0.38183106003483264,-0.2985928386780514,0.12169126431043618,79.13905301676607,Good
https://gitlab.com/explore,https://gitlab.com/explore,2026-01-26 23:48:50,0.6540518089395354,-0.9319485788327012,0.8510569105691063,-0.1362273076839712,-0.034039832082796026,-0.2276385538886049,-0.07647058823529412,-0.4957983193277311,-0.1372005928957229,0.16766118119044068,0.051033715033950065,86.52013855290885,Good
https://stackoverflow.com/explore,https://stackoverflow.com/explore,2026-01-26 23:49:05,0.194062143246335,-0.40868533208659813,-0.11544715447154513,-0.14354319237352134,-0.3599966577141911,-0.6704968474113584,-0.023529411764705882,-0.453781512605042,-0.4570546535449556,-0.23093379709018752,-0.6376344617060269,93.29894552070601,Excellent
https://www.reddit.com/r/learnprogramming/,https://reddit.com/r/learnprogramming,2026-01-26 23:49:43,-0.06846536597168354,0.6567723225713021,0.6747967479674803,1.7042621520752248,0.43974094436399785,-0.15673473510130206,2.0176470588235293,-0.16806722689075632,-0.1219258009769488,0.8384886135879959,0.5908746901657922,85.43481779033381,Good
https://www.reddit.com/r/dataisbeautiful/,https://reddit.com/r/dataisbeautiful,2026-01-26 23:50:19,0.2696483340287297,0.6098359870777822,0.09268292682926868,2.538261031056419,0.31560777782788024,0.826231868910035,1.7882352941176471,-0.058823529411764705,0.06083484629150323,0.42457071518740025,0.49537968288460477,65.58290497974738,Unacceptable
https://www.reddit.com/r/MachineLearning/,https://reddit.com/r/machinelearning,2026-01-26 23:51:00,0.08089307002719448,1.1549467557979378,1.0553169822144621,1.2059423536729095,0.5207972707324283,0.4442197071623615,1.8705882352941177,-0.09243697478991597,-0.062047904862918016,1.065468713601208,0.6849281424896988,74.35406296091323,Unacceptable
https://www.reddit.com/r/javascript/,https://reddit.com/r/javascript,2026-01-26 23:51:31,0.4215473672948124,0.9817285644657678,0.3960802250671859,2.884217877272182,0.4487146871828063,-0.004711115298855093,1.8705882352941177,-0.1092436974789916,-0.10739483215421038,0.7176616499797738,0.20341675220337674,83.10780080034121,Good
https://www.reddit.com/r/Python/,https://reddit.com/r/python,2026-01-26 23:52:08,0.13449470351829007,1.15708685743797,0.5474452615759576,2.5973667076199116,0.46062306332713293,0.4262293300132062,1.8529411764705883,-0.09243697478991597,-0.0591498145814924,0.7846062085497012,0.532160690664997,74.76712949626668,Unacceptable
https://www.reddit.com/r/linux/,https://reddit.com/r/linux,2026-01-26 23:52:43,0.4092085950346396,0.9969548379550094,0.5891712884314892,3.0996360006192503,0.3879562359965405,0.05683970217794522,1.8764705882352941,-0.13445378151260504,-0.08137471210904715,0.7388470811613772,0.45127877937668776,82.16564590228936,Good
https://www.reddit.com/r/technology/,https://reddit.com/r/technology,2026-01-26 23:53:21,0.4232832736925273,1.019966296097101,0.7002216651623733,1.269229976279972,0.44582372718075386,0.042116222164590204,1.8352941176470587,-0.008403361344537815,-0.07118403455040487,0.7054764931000173,0.494322542582599,82.39101738198059,Good
https://www.reddit.com/r/gadgets/,https://reddit.com/r/gadgets,2026-01-26 23:53:51,2.0757239239152225,1.0246739613833113,0.2201626016260162,2.676494457436446,0.5580408138791185,0.36737923351266266,1.8411764705882352,-0.14285714285714285,0.906034706314783,0.45237160521398606,0.19393452403993097,76.11835216742884,Unacceptable
https://www.reddit.com/r/gaming/,https://reddit.com/r/gaming,2026-01-26 23:54:28,0.15128772197000123,1.023018100284087,0.8121637664907823,2.7604039898489225,0.6823183289231296,0.21472480424002852,1.776470588235294,0.13445378151260504,0.3382666252640733,0.9681999763922511,0.5020108356880955,79.62336129998988,Good
https://www.reddit.com/r/science/,https://reddit.com/r/science,2026-01-26 23:55:00,0.06865603095885302,1.0209421873410693,0.32358047447757565,2.4149508225583673,0.338371881273767,0.022581259603998344,1.9176470588235295,-0.06722689075630252,-0.0919054074392302,0.5715840102931847,0.25845745610932336,82.69003795415509,Good
https://www.nature.com/,https://nature.com,2026-01-26 23:55:22,0.04529242701099819,0.9328711431677429,0.24032520325203247,1.9334732529320218,0.18098242158453823,-0.07607893654702719,0.0058823529411764705,-0.17647058823529413,-0.2425929612899212,0.08287426036463043,-0.2916612719586861,84.20022402246329,Good
https://www.sciencedirect.com/,https://sciencedirect.com,2026-01-26 23:55:40,-0.254418516481409,-0.1548102617299403,-0.18699186991869998,-0.14354319237352134,-0.32672706711199,-0.3034188380487509,-0.0058823529411764705,-0.5042016806722689,-0.23703440989429814,-0.17690041784755414,-0.4961965640270639,87.68010309642045,Good
https://link.springer.com/brands/springer,https://springer.com,2026-01-26 23:55:59,0.34815000584098393,1.1783700576062737,-0.07726418140128598,-0.1389643378489011,0.09219848747444512,-0.2857797591139281,0.058823529411764705,-0.44537815126050423,-0.27016780027597015,-0.23815363356204597,-0.3985552415872588,87.4101027081749,Good
https://arxiv.org/,https://arxiv.org,2026-01-26 23:57:01,-0.7981811605717987,-1.1099513529301714,-0.3326829268292689,0.016413547260758367,-0.7737740064873634,-0.8630819452596374,0.17647058823529413,-0.6890756302521008,-0.6901275278812177,-0.48479980652222854,-0.7869475207256894,96.24683477169673,Excellent
https://www.biorxiv.org/,https://biorxiv.org,2026-01-26 23:57:15,-0.420554562720116,-0.8501586635597819,-0.2741463414634152,-0.022892507336865688,-0.6102253952445228,-0.70507422732221,-0.10588235294117647,-0.6302521008403361,-0.6291312963430774,-0.3065733158863555,-0.6917354853435239,93.82821952843284,Excellent
https://www.medrxiv.org/,https://medrxiv.org,2026-01-26 23:57:32,-0.16955997738775305,-0.15504019064110497,-0.3274796747967486,0.8807812323005221,-0.511631439679753,-0.47522428261542127,-0.09411764705882353,-0.5378151260504201,-0.5414280650586499,-0.3554653984192411,-0.5184819358481348,90.30991936444117,Excellent
https://www.who.int/news-room,https://who.int/news-room,2026-01-26 23:58:08,2.564582140870523,1.3973800620202064,0.7365853658536625,-0.10140282590699332,1.1482463177908722,0.2374417520288004,-0.07647058823529412,0.47058823529411764,2.720038278007099,0.5107615999515325,0.46328639826159146,79.10177073859612,Good
https://www.cdc.gov/coronavirus/,https://cdc.gov/coronavirus,2026-01-26 23:58:56,0.6966982921815333,-0.4315521618463765,-0.19089430894309023,2.598558706283935,-0.15039135999773104,-0.2656399017663421,-0.09411764705882353,-0.4789915966386555,-0.20097254116949276,-0.3443187902061964,1.195751150240726,87.10182304554905,Good
https://www.nih.gov/research,https://nih.gov/research,2026-01-26 23:59:18,0.16344027422739904,-0.23077964934459255,-0.045203252032520666,-0.13559584740637196,-0.15667291376691767,0.014910942366794966,0.08235294117647059,-0.37815126050420167,-0.43180929219017916,-0.17053449916831884,-0.291586524664605,82.8074470682967,Good
https://clinicaltrials.gov/,https://clinicaltrials.gov,2026-01-26 23:59:39,0.3651454681835034,-0.10906019275242061,0.11739837398373937,2.667450193046079,-0.12841156685335856,-0.1461326427644348,0.047058823529411764,0.08403361344537816,-0.2205388939471019,0.14036514121016125,-0.3055375731956204,85.2725321597889,Good
https://pubmed.ncbi.nlm.nih.gov/,https://pubmed.ncbi.nlm.nih.gov,2026-01-26 23:59:53,-0.6771137952479752,-0.834215410434079,-0.22471544715447236,-0.14089115033578936,-0.20346266307998825,-0.7657378724961106,0.0,-0.42857142857142855,-0.49838679772864297,-0.22605357997581904,-0.6315532354232766,94.75679452998847,Excellent
https://www.nih.gov/news-events,https://nih.gov/news-events,2026-01-27 00:00:14,0.3340504284488954,-0.5036243820489622,-0.21626016260162684,3.520916596707084,-0.22431378074750866,-0.17703463773945718,-0.047058823529411764,-0.31932773109243695,-0.37237380245200175,-0.28920935915056223,-0.3234288719432027,85.7455472572125,Good
https://medicalxpress.com/,https://medicalxpress.com,2026-01-27 00:00:40,0.40720681857092317,0.7552587191515903,0.1746341463414624,0.2982932340363992,-0.018715747921857987,-0.19465657126508562,0.888235294117647,1.6050420168067228,-0.09512791081186019,0.19570247600099136,-0.05613788740121014,86.01528520164472,Good
https://www.mayoclinic.org/,https://mayoclinic.org,2026-01-27 00:02:44,0.4745134643629838,-0.2459701958506038,0.6032520325203252,-0.07961818905714149,0.1458723014892308,0.39977418949293714,0.058823529411764705,0.008403361344537815,0.04785695381172036,0.4154536041605397,-0.0707029315621784,75.37455051620397,Unacceptable
https://www.healthline.com/,https://healthline.com,2026-01-27 00:03:13,1.0778315953544457,1.4776105748652317,0.5024390243902445,5.399488100869651,0.869638220457629,0.27961287090806103,-0.058823529411764705,0.6554621848739496,0.9168550464133156,0.5626871100484134,0.10751063480474259,78.13350432466754,Good
https://www.medicalnewstoday.com/,https://medicalnewstoday.com,2026-01-27 00:05:36,0.12815670112045183,1.5622663534822274,0.5616260162601623,2.2062633525058195,0.562273020206831,-0.08875359440789878,0.47058823529411764,0.5630252100840336,0.3025874818569925,0.6106291128750936,0.4059285282391273,84.39423429680697,Good
https://www.fitness.com/en,https://fitness.com,2026-01-27 00:05:56,0.3773790565725731,2.8321588636674613,-0.3326829268292689,-0.14290311598150127,-0.2835513079803772,0.6697303165341589,2.652941176470588,-0.5462184873949579,1.1706763965042504,-0.4808037982032614,-0.3602152188160295,69.17624565745388,Unacceptable
https://www.menshealth.com/,https://menshealth.com,2026-01-27 00:06:42,0.9638845454275379,0.02537592929580644,2.0426016260162614,0.5233010761348096,1.4600645456601664,0.578649227496374,0.08235294117647059,1.9915966386554622,0.9760214238572703,1.8933218195468715,0.9778521098091141,71.26750531105287,Unacceptable
https://www.womenshealthmag.com/,https://womenshealthmag.com,2026-01-27 00:07:25,0.716592680714716,0.08614866710923598,1.1027642276422784,0.08403964667873849,1.1745559975342226,0.2755435572825252,0.08823529411764706,1.680672268907563,0.8789077490310212,1.2959909377012573,0.8258481482025277,78.22693745653747,Good
https://www.shape.com/,https://shape.com,2026-01-27 00:08:08,-0.21945377735660868,0.13390777840033138,1.4910569105691058,-0.14354319237352134,1.446401608327458,-0.07299169476298178,0.25882352941176473,3.73109243697479,0.38455695129991435,1.8134314633607378,0.8684754621985582,84.1529677862743,Good
https://shop.bodybuilding.com/,https://bodybuilding.com,2026-01-27 00:09:03,0.3022941947210807,-0.35017900613112657,1.3427642276422764,1.3501176186481159,1.3885156258216105,0.8181319390908893,0.12352941176470589,1.8319327731092436,1.937099449928174,1.0405002727392212,1.4714191708122495,65.76888273436927,Unacceptable
https://smokefree.gov/,https://smokefree.gov,2026-01-27 00:09:46,-0.35063096797678545,-0.35213099058870695,0.32878048780487756,0.1971035514193865,0.0351534079164486,-0.32659755922139,-0.10588235294117647,0.0,-0.26898430846729804,0.044414303026862445,-0.23124944106376075,88.03489847654048,Excellent
https://alcohol.org/,https://alcohol.org,2026-01-27 00:10:10,-0.6857379139959139,-1.188091332907296,0.1856910569105693,-0.014006647744933095,0.010140440044897801,-0.4174323000522065,0.8764705882352941,0.21008403361344538,-0.08786242640049097,0.10227252238228515,-0.18240742347412078,89.42530074080416,Excellent
https://psychcentral.com/,https://psychcentral.com,2026-01-27 00:10:55,1.1444858167959093,-0.022376467946791257,0.20715447154471595,0.6202207731384648,0.5881073423824928,0.27419944177862415,-0.058823529411764705,1.218487394957983,0.2589767805778673,0.48577584994509904,0.003932241577915261,78.25779890706228,Good
https://www.goodreads.com/,https://goodreads.com,2026-01-27 00:11:25,0.9520881034765938,1.5286701732558179,-0.09658536585365837,-0.14354319237352134,0.7639320365983862,1.2430029766470627,-0.10588235294117647,1.8571428571428572,0.13139893700643782,0.11167715753076413,0.1619159867109988,56.01366715437802,Unacceptable
https://bookmeter.com/,https://bookmeter.com,2026-01-27 00:11:54,0.47774204184628705,0.027570542018069143,0.28650406504065085,-0.13906711871663982,0.0403421235092418,-0.42152312390221813,0.1411764705882353,0.453781512605042,0.44309804646512585,0.08428351320820007,0.07533726379521373,89.48791875117922,Excellent
https://books.google.com/,https://books.google.com,2026-01-27 00:13:49,-0.1679941641438289,-0.08914558758462132,-0.3326829268292689,1.0677554157131401,-0.510978476792272,-0.7485171044854063,1.4529411764705882,-0.6890756302521008,-0.6247830658556522,-0.4283686299643875,-0.7582125252438964,94.49319720350917,Excellent
http://ww38.projectgutenberg.org/,https://projectgutenberg.org,2026-01-27 00:14:27,-0.5309760631136873,-0.8933584418004186,-0.3326829268292689,-0.14354319237352134,-0.6623462786514097,0.5200020028523595,-0.10588235294117647,-0.5966386554621849,-0.6768200207501184,-0.4211266762524054,-0.39721512938623127,72.6140699600845,Unacceptable
https://gutenberg.org/,https://gutenberg.org,2026-01-27 00:14:42,-0.7463943668649982,-1.1099513529301714,-0.3326829268292689,-0.14354319237352134,-0.7521782928967472,-0.3670211236628601,-0.08235294117647059,-0.48739495798319327,-0.5714613256134881,-0.4853012909015671,-0.6513132165228893,88.65365970176062,Excellent
https://www.overdrive.com/,https://overdrive.com,2026-01-27 00:15:05,0.14226690369777426,-0.4852854650556454,-0.11544715447154542,0.006072529506456556,-0.37901513844127277,0.04665992836499998,-0.1,-0.08403361344537816,0.3199453617175168,-0.21698551152488443,-0.23509892670894347,82.32146712696346,Good
https://www.everand.com/books,https://scribd.com/books,2026-01-27 00:15:39,0.5628476054073325,2.264549805060527,1.309693638879409,-0.138434055942191,0.5252943943361731,0.4845123841980894,1.9470588235294117,0.226890756302521,0.22011893640962724,1.085468949197892,0.38075470741106077,73.4289263523099,Unacceptable
https://www.audible.com/,https://audible.com,2026-01-27 00:16:26,1.56069468122649,1.3520968015221242,1.4746271063180183,-0.14354319237352134,1.3852816948138051,0.8058200357463379,1.9588235294117646,2.9495798319327733,1.2694874225249866,1.0432673318025876,1.062006884759694,66.05156915144525,Unacceptable
https://librivox.org/,https://libriVox.org,2026-01-27 00:16:42,-0.7899043170280924,-1.134578634191571,-0.3326829268292689,-0.14354319237352134,-0.7703224635396341,-0.671371188161859,-0.09411764705882353,-0.6302521008403361,-0.6911045998833345,-0.48290205115765594,-0.6104264466604644,93.31232900535203,Excellent
https://nea.org.np/,https://nea.org.np,2026-01-27 10:51:16,2.6517423869603474,1.3932328251579051,0.00292682926829239,0.06557063566212383,1.0592607365386364,1.4163274412996052,2.8,0.0,2.5852382051031273,0.022253309231950076,0.0014175290413258712,52.03406541993741,Unacceptable
https://nta.gov.np/,https://nta.gov.np,2026-01-27 10:51:55,2.0795851036865987,-0.00026019493898772785,0.4504065040650396,3.559765939838408,1.4233456795024118,0.8922240421419771,2.088235294117647,-0.05042016806722689,2.6277943585110974,0.6694912626083216,0.6415533555528562,64.0676972588996,Unacceptable
https://tourism.gov.np/,https://tourism.gov.np,2026-01-27 10:52:46,2.8257209282029576,2.4231047393935325,-0.1544715447154476,-0.04417158619089988,0.8679332865654515,1.4599822181802926,1.1470588235294117,0.12605042016806722,1.8036331665434833,0.02284374338135635,0.13438228702693975,51.03173360175313,Unacceptable
https://immigration.gov.np/,https://immigration.gov.np,2026-01-27 10:53:12,0.444624704427447,0.5724038146402314,-0.3229268292682933,1.5705825792523704,-0.24905256342305437,0.16271442676091644,0.6941176470588235,0.29411764705882354,1.418186064048589,-0.3059602836872601,-0.034995081361094874,80.54502745342255,Good
https://ird.gov.np/,https://ird.gov.np,2026-01-27 11:02:37,1.8978594480857818,2.4436757174029764,-0.017235772357723337,-0.03780221716449202,0.8632874689029109,1.3846568604699594,0.7764705882352941,0.3949579831932773,3.9465127680163734,0.1831922918533307,0.7492962408784941,52.76123511668542,Unacceptable
https://customs.gov.np/,https://customs.gov.np,2026-01-27 11:03:07,1.7417927449914725,2.076808134883042,-0.19284552845528505,-0.03000973653493156,0.7003295692274231,1.0898532879861924,0.6882352941176471,0.01680672268907563,3.8310143158569354,-0.06754749376810568,0.10459015124314097,59.53004764830096,Unacceptable
https://dri.gov.np/,https://dri.gov.np,2026-01-27 11:03:39,1.6616809175948728,1.9824907525687854,-0.22276422764227696,-0.026998591840369315,0.7121929047449271,1.2444664095149296,-0.058823529411764705,0.04201680672268908,2.661537426491176,0.06755422510205714,0.24784334034979058,55.98006612759351,Unacceptable
https://dolma.gov.np/,https://dolma.gov.np,2026-01-27 11:04:23,3.656564238258778,0.09484674911206517,-0.05365853658536621,-0.10115929183175079,1.112887998731201,2.5384974298054255,3.0941176470588236,0.18487394957983194,2.3000435083126747,-0.2136458082661252,0.8777868394041036,36.8158756441064,Unacceptable
https://mopit.gov.np/,https://mopit.gov.np,2026-01-27 11:06:33,1.6637767560389678,2.2397415228522504,-0.2591869918699193,-0.040500874845453304,0.37712662596189217,0.7753138089717236,-0.047058823529411764,0.04201680672268908,0.9758976814798658,-0.1958866260655028,-0.03552365151209783,66.75200479523545,Unacceptable
https://dhm.gov.np/,https://dhm.gov.np,2026-01-27 11:09:41,2.5073160766348983,-0.06267918805454849,-0.2917073170731713,0.5670752816374752,1.5710396760533296,1.9741327679151877,-0.07647058823529412,0.2773109243697479,2.729558501843919,-0.21587195656558666,1.2325321580211186,44.01479073416834,Unacceptable
https://nepsestock.com/,https://nepsestock.com,2026-01-27 11:12:09,-0.7064531874225853,-1.1099341528155324,0.3814360733399829,-0.033881883789163174,-0.033636407591329374,0.4620293016141358,-0.07647058823529412,0.18487394957983194,-0.09079145227626773,0.5613119946841608,0.45849723234795925,73.94514727141696,Unacceptable
https://nepalstock.com/,https://nepalstock.com,2026-01-27 11:12:32,0.5623425794078691,-0.19864115248378078,0.28130081300813037,5.334005905388467,-0.18554998794824523,0.22028152903217083,-0.10588235294117647,-0.3949579831932773,-0.17650522370096342,-0.07416102937481894,-0.2529581909019196,79.49577658963206,Good
https://www.sharesansar.com/,https://sharesansar.com,2026-01-27 11:12:59,1.0941287379086047,1.284404884994961,-0.026341463414635394,2.7911089041275026,0.429970030626738,0.6095827406792711,1.0058823529411764,-0.03361344537815126,1.9953982618986885,0.021483052304148334,-0.008123429138897902,70.55725899376709,Unacceptable
https://nepsealpha.com/,https://nepsealpha.com,2026-01-27 11:13:40,0.8260281067479834,-0.32843295734071454,1.2595121951219534,0.19294550821437784,0.6546994050883322,0.2397723322516266,1.0705882352941176,0.44537815126050423,0.6910944705294318,1.1116057573099172,0.6804326266599573,79.04825964819346,Good
https://bizshala.com/,https://bizshala.com,2026-01-27 11:14:14,-0.2727348662041323,0.5218263092380439,-0.12195121951219555,1.808683401359906,1.901332030337777,1.8848567117271957,1.1647058823529413,0.1092436974789916,4.711365497819075,-0.26808691402235313,0.38491386041743686,45.153577039321426,Unacceptable
https://forsale.godaddy.com/forsale/publicsamachar.com?utm_source=TDFS_BINNS2&utm_medium=parkedpages&utm_campaign=x_corp_tdfs-binns2_base&traffic_type=TDFS_BINNS2&traffic_id=binns2&,https://publicsamachar.com,2026-01-27 11:15:47,-0.41958810050013456,-0.020247566286769197,0.1213008130081305,-0.14354319237352134,-0.03281063304745057,0.053756998997260864,0.3,-0.05042016806722689,-0.3414048086096223,9.135381790385961e-05,1.362912795268496,82.2128326663322,Good
https://nepalisansar.com/cgi-sys/suspendedpage.cgi,https://nepalisansar.com,2026-01-27 11:15:59,-0.6761327639702808,-0.7006756525913639,-0.3326829268292689,0.1703556045140569,-0.7228783624719628,-0.6154567089418964,-0.10588235294117647,-0.7394957983193278,-0.7134830803173582,-0.4858758583352292,-0.78830365020402,92.45644921969424,Excellent
https://thulo.com.np/,https://nepbay.com,2026-01-27 11:16:51,0.051153035316029966,0.5225237578739368,-0.0731754173349074,-0.09983359832176675,0.0395327084849313,0.5842327185119204,0.711764705882353,-0.4369747899159664,-0.035389361755570344,0.11642419039481912,-0.16365119175217008,71.13930603708283,Unacceptable
https://muncha.com/,https://muncha.com,2026-01-27 11:17:08,-0.28031285535633693,0.1256410223537175,-0.30406504065040724,0.7864153718211586,-0.5578167170593008,-0.2029279505316214,2.8411764705882354,-0.23529411764705882,-0.05395893135590094,-0.3847582405350822,-0.49707751427873537,86.14189473843192,Good
https://foodmandu.com/,https://foodmandu.com,2026-01-27 11:17:22,1.106238459115779,-0.16758045825380696,-0.31121951219512256,-0.14354319237352134,0.23465047957111246,-0.04438503648131384,-0.08823529411764706,-0.2689075630252101,0.9081670721944376,-0.3712522997722636,-0.6586384513428485,83.71508727839758,Good
https://pathao.com/,https://pathao.com,2026-01-27 11:18:07,-0.07303363707097658,-0.20888776023901862,-0.14666666666666725,0.1786287371694224,-0.04276004932154908,-0.5763942282111794,-0.08235294117647059,0.10084033613445378,0.9794476093732387,-0.145294400900459,-0.2830546549544775,91.85852202621102,Excellent
https://basobaas.com/,https://basobaas.com,2026-01-27 11:21:20,-0.2045705952977855,-0.9406279820404791,3.2777235772357756,0.3223389616213451,1.0899239719477753,0.0828216659198427,1.4058823529411764,1.495798319327731,2.472350114821017,2.041895822510289,1.5846666604377253,81.76794144597307,Good
https://gharbazar.com/,https://gharbazar.com,2026-01-27 11:22:09,0.8316119968326562,0.4490218579042967,-0.23186991869918724,0.13788205225315153,0.03276224189560923,1.5771793952554631,1.4352941176470588,0.5210084033613446,0.5702512784716119,-0.06104550598115083,1.1445385756102249,49.07824317451063,Unacceptable
https://www.landnepal.com/,https://landnepal.com,2026-01-27 11:23:35,-0.5080493631277181,-0.6204437241621283,-0.3053658536585372,-0.024036633797472888,-0.652785570002827,0.776691244893413,3.4235294117647057,-0.6050420168067226,-0.6304910936629188,-0.4739152395236991,-0.07244881478821825,66.72037829407171,Unacceptable
https://worldlink.com.np/,https://worldlink.com.np,2026-01-27 11:27:03,0.4003945615923435,1.5379941215518742,-0.10178861788617927,-0.1159698109765024,0.09454105351620615,0.015282728746678145,3.835294117647059,0.15966386554621848,0.3898332496178735,-0.023070685497413344,0.03717343107431883,82.80175615510991,Good
https://websurfer.com.np/,https://websurfer.com.np,2026-01-27 11:29:12,0.6032989441184904,1.5731148517585256,-0.3105691056910575,-0.03217140581083736,-0.18610065040272192,1.2545915126486837,0.7058823529411765,-0.07563025210084033,0.29749515450721004,-0.39533076212403273,-0.0008248897811105967,55.747589552095334,Unacceptable
https://www.techminds.com.np/,https://techminds.com.np,2026-01-27 11:29:33,1.0076727436897528,2.028269638322876,-0.3326829268292689,-0.13966787960017626,-0.020171394149534578,0.4141198806403159,-0.09411764705882353,-0.46218487394957986,-0.29250576329438344,-0.48283137215117194,-0.3157779524847469,75.04516748602236,Unacceptable
https://broadlink.com.np/,https://broadlink.com.np,2026-01-27 11:30:12,-0.2572970241522008,-0.5211596547570696,-0.29626016260162674,0.05563943979961648,-0.5482188396245906,-0.46153594003653614,-0.08823529411764706,-0.42857142857142855,-0.26527860753688265,-0.39108329040104445,-0.44275224875899477,90.10039267518528,Excellent
https://salesberry.com.np/,https://salesberry.com.np,2026-01-27 11:31:24,-0.8512626241212692,-1.2879541270276416,-0.3326829268292689,-0.14354319237352134,-0.7959096129177449,-0.9063633378153784,-0.10588235294117647,-0.773109243697479,-0.7272061647247852,-0.4858758583352292,-0.8433550322948354,96.90934061097768,Excellent
https://thulo.com.np/,https://thulo.com,2026-01-27 11:33:49,-0.13193759987025755,0.1864565107566714,1.0279674796747975,-0.09983359832176675,0.35964189604460695,1.2967898632863633,0.6647058823529411,-0.42857142857142855,-0.03524946716518601,0.6847233097199722,0.11894697079916862,54.77869788567715,Unacceptable
https://www.okdam.com/,https://okdam.com,2026-01-27 11:34:11,0.033125307743835535,0.5511344509048545,-0.3326829268292689,0.8004406045269736,-0.4264572074186765,0.18928515361335269,1.035294117647059,-0.2605042016806723,-0.3139605561590202,-0.41792208048223156,-0.271682388069264,80.13831083331824,Good
https://choicemandu.com/,https://choicemandu.com,2026-01-27 11:34:45,0.19872372930462515,0.11871498646233423,-0.16032520325203284,5.207240676848333,-0.2976663826485108,0.35970431882702025,2.2411764705882353,-0.31932773109243695,0.04043131610216165,-0.1916333846276996,0.365052436561571,76.2945713979679,Unacceptable
https://biruwa.com/,https://biruwa.com,2026-01-27 11:35:04,-0.33587294157227265,-0.26635510354835823,-0.3326829268292689,-0.13962250291091724,-0.58044604600574,-0.5533410821407779,-0.1,-0.47058823529411764,-0.5267881372398784,-0.4614435201414721,-0.39457761772365124,91.50564881711156,Excellent
https://nepalaya.com.np/,https://nepalaya.com.np,2026-01-27 11:35:25,-0.37094011249069436,-1.1967819744411325,-0.3196747967479681,-0.1271355530161719,-0.5853514054092376,-0.8649965281755454,-0.09411764705882353,-0.3697478991596639,1.0892796462063072,-0.4370145476146905,-0.3500015349890749,96.27614118460716,Excellent
https://booksmandala.com/,https://booksmandala.com,2026-01-27 11:36:25,1.5169324640260742,0.20466558597905044,0.4009756097560986,-0.14172652089319562,0.32493005829195554,1.0031781973266907,0.041176470588235294,0.7478991596638656,0.11236916621934391,0.4751422655410236,0.6781314778207428,61.520143748195586,Unacceptable
https://ekta.com.np/,https://ekta.com.np,2026-01-27 11:36:40,-0.1421072177987696,-0.4543801605224153,-0.3326829268292689,-0.14354319237352134,-0.5001833099362453,-0.45692953054592683,-0.10588235294117647,-0.7142857142857143,-0.43040103823139836,-0.48383241767157736,-0.6439025562239803,90.029882624435,Excellent
https://pu.edu.np/,https://pu.edu.np,2026-01-27 11:37:51,1.1828059638901167,0.4651916787342712,-0.3326829268292689,1.3056205634729623,0.0528612934324276,0.525578234451915,-0.08823529411764706,0.07563025210084033,4.648361737843971,-0.3044765053606649,0.1432345022831294,72.48603736532232,Unacceptable
https://ku.edu.np/,https://ku.edu.np,2026-01-27 11:38:25,1.946267950724826,3.2100850111461923,-0.18829268292682977,-0.12109648885591189,0.5255199850246665,1.6323906360963112,0.7411764705882353,-0.1092436974789916,2.0457485424852138,-0.32146879630045777,0.37838415037019923,48.37398037836212,Unacceptable
https://purbanchaluniversity.edu.np/,https://purbanchaluniversity.edu.np,2026-01-27 11:38:47,2.389692367211334,0.3373667026812998,-0.3326829268292689,1.952215426859887,0.6215932623829616,0.268715058828732,0.9294117647058824,0.0,1.6377734831446524,-0.4471629951647373,-0.26926377919649325,78.38372261865995,Good
https://softwarica.edu.np/,https://softwarica.edu.np,2026-01-27 11:40:09,0.6537555248152221,-1.2758070460041442,0.045853658536585115,0.33194145746691955,-0.16554691917669448,0.018182648562401146,-0.1,-0.23529411764705882,-0.3138061519535862,-0.03529238390432217,-0.3460506065876392,82.75736724574456,Good
https://ismt.edu.np/,https://ismt.edu.np,2026-01-27 11:40:45,-0.059821068462581485,0.10801953683330144,1.2653658536585382,4.611369430116608,0.39285614494648874,0.2904938877589498,0.40588235294117647,0.226890756302521,1.0040301824632,0.858570586811249,0.42249039297055074,77.8836716560995,Good
https://deerwalk.edu.np/,https://deerwalk.edu.np,2026-01-27 11:41:00,-0.19589942731885715,0.49142843675674985,-0.3040650406504071,-0.14354319237352134,-0.5226153059539805,-0.18937544730578248,-0.1,-0.6134453781512605,0.3646078732045806,-0.413992904693205,-0.6310620389193143,85.93444733450588,Good
https://nss.edu.np/,https://nist.edu.np,2026-01-27 11:41:35,0.39809377405529334,0.4226091167382915,-0.05821138211382149,-0.1025844700938232,-0.2630353800692919,0.032887848058682716,0.8470588235294118,-0.18487394957983194,-0.10599232728818511,-0.29728215179590756,0.3906106720449124,82.53227558489905,Good
https://ncit.edu.np/,https://ncit.edu.np,2026-01-27 11:41:55,2.408883853544697,0.038921319010100076,-0.27609756097561033,-0.02566793366105185,0.8926209962739404,0.13233001763272456,-0.08823529411764706,0.31092436974789917,2.0065208400163685,0.08392819493750685,-0.34658451583107647,81.01011989342673,Good
https://nec.edu.np/,https://nec.edu.np,2026-01-27 11:43:08,1.8053291008627497,0.5231065860322791,0.04325203252032495,-0.04343126998702663,0.3135441057502881,0.3534781787669028,0.24705882352941178,-0.2773109243697479,0.464237460527174,-0.16146018019300243,-0.15340013427817478,76.43752616105795,Unacceptable
https://ace.edu.np/,https://ace.edu.np,2026-01-27 11:43:44,0.9366940434363553,2.56735876869794,-0.1095934959349592,-0.10056989478427844,0.024195740356394716,1.2186276084138126,0.7294117647058823,0.2857142857142857,0.9317517670418337,0.14406064354918316,0.4672693612176335,56.57333573834354,Unacceptable
https://web.globalcollege.edu.np/,https://globalcollege.edu.np,2026-01-27 11:44:18,-0.5975073349579466,-0.6454075278465297,-0.3326829268292689,-0.00786458419486431,-0.6900906163237258,-0.0004020059106442864,0.8941176470588236,-0.6554621848739496,-0.6862937043122508,-0.48294965130487977,-0.6621355568873625,83.04184150552155,Good
https://bpkihs.edu/,https://bpkihs.edu,2026-01-27 11:45:33,-0.39580333932215517,0.23937784088492564,-0.3326829268292689,-0.06254777622013456,-0.6059776329153433,-0.5830132965678052,-0.09411764705882353,-0.6722689075630253,-0.5885413326574955,-0.31187376056308685,-0.729386765190719,91.95983973291874,Excellent
https://kusms.edu.np/,https://kusms.edu.np,2026-01-27 11:46:01,2.353675723455285,2.6046374799792202,-0.31121951219512256,0.5671661013991259,0.550375471664091,1.6272567383669594,0.5882352941176471,0.20168067226890757,0.5948691674170715,-0.27815602799369404,-0.00721044433262008,48.439467281299805,Unacceptable
https://kmc.edu.np/,https://kmc.edu.np,2026-01-27 11:46:21,1.2386654072203929,-0.031138393033200745,-0.29821138211382187,5.409424446355831,0.12790945163898992,-0.18529379936987636,-0.09411764705882353,-0.3865546218487395,0.9863032656010359,-0.41571516456548757,-0.3848497913082245,85.87196977933147,Good
https://tuth.org.np/,https://tuth.org.np,2026-01-27 11:47:01,1.5944274417127082,0.1669669528179308,-0.3326829268292689,0.19327375409730527,0.2342306665851815,0.03977298090166198,1.1588235294117648,0.11764705882352941,0.5868166048308394,-0.3997316120991866,-0.1684403576658023,82.42688524407708,Good
https://bhaktapurmun.gov.np/,https://bhaktapurmun.gov.np,2026-01-27 12:02:11,-0.0725187137552564,0.14258036236544203,-0.3229268292682933,1.7435947012159807,-0.4644693985857638,2.4631600376633327,0.7,0.1092436974789916,-0.0699832954634662,-0.4118763809752296,0.8989830363685626,37.77686332771,Unacceptable
https://yomari.com.np/,https://yomari.com.np,2026-01-27 12:14:48,-0.8713300066826544,-1.3552478586986365,-0.3326829268292689,-0.14354319237352134,-0.8042779519341087,-0.8841606872784881,-0.1,-0.773109243697479,-0.7272286135631638,-0.4858758583352292,-0.8418814427829485,96.56948588913016,Excellent
https://samajsewa.org/404.html,https://samajsewa.org,2026-01-27 12:15:41,-0.6887815588661825,-0.7430919770463609,-0.3326829268292689,0.1676964125573245,-0.7281530615271867,-0.5822658992426826,-0.1,-0.7142857142857143,-0.7235272928938955,-0.4858758583352292,-0.7727615521275616,91.94839936413858,Excellent
https://helpinghandsnepal.org/,https://helpinghandsnepal.org,2026-01-27 12:16:58,-0.8551466336492792,-1.3009787202542857,-0.3326829268292689,-0.14354319237352134,-0.7975292914370411,-0.43189151376460583,-0.10588235294117647,-0.773109243697479,-0.7275990193964124,-0.4858758583352292,-0.7150192674498226,89.6466271111038,Excellent
https://himalmedia.com/,https://himalmedia.com,2026-01-27 12:17:22,-0.7023581135774885,-1.0610505156693157,-0.3326829268292689,-0.14354319237352134,-0.7338146475437428,-0.39307495322600977,-0.1,-0.6722689075630253,-0.7164671332237948,-0.4858758583352292,-0.12825300891228011,89.05246420415705,Excellent
https://recordnepal.com/,https://recordnepal.com,2026-01-27 12:18:09,0.6866700490242771,-0.3098359385234166,0.08422764227642196,0.01393499912387494,0.8486008174328744,0.10491542264567619,-0.1,1.26890756302521,1.6059114635609155,0.011746658553803118,-0.00808071639942296,81.42975355556112,Good
https://pongalfestival.org/contact-us/,https://southasiacheck.org,2026-01-27 12:18:23,1.1554756320172508,2.558642405907934,-0.3326829268292689,-0.14354319237352134,0.04114024585453638,-0.2324203563071644,-0.09411764705882353,-0.5126050420168067,-0.21211154526647422,-0.47556008905554686,-0.6977206079624555,86.59333333333333,Good
https://www.telegraphnepal.com/,https://telegraphnepal.com,2026-01-27 12:19:12,-0.18321093429976346,0.33561307519219363,-0.11934959349593509,2.036812109150463,-0.41717464327345527,1.1719562428421668,1.0294117647058822,-0.16806722689075632,-0.41324985194375113,-0.05874338976995874,0.008833528432669411,57.644929686433706,Unacceptable
https://ekantipur.com/,https://kantipurdaily.com,2026-01-27 12:20:21,0.6253199115260768,0.3488105488519803,-0.08487804878048819,2.6744851479684715,0.08929209202966978,-0.24041417742664875,1.588235294117647,-0.2184873949579832,2.023856544804836,-0.11903065906250215,0.30870899410163755,86.71569430318904,Good
https://www.nayapatrikadaily.com/,https://nayapatrika.com,2026-01-27 12:21:23,1.0540911131756716,-0.6503898288711599,-0.2962601626016263,4.2605708412676835,-0.0013542706341890109,0.535607057765331,0.3411764705882353,-0.2773109243697479,2.267833531734068,-0.39253148881961364,0.17226314784881294,72.25577141450876,Unacceptable
https://therisingnepal.org.np/,https://therisingnepal.org.np,2026-01-27 12:22:28,-0.6043281389440323,-1.3472638870693685,-0.254634146341464,0.03749363938072968,-0.4626056314492409,-0.8427765806916192,-0.1,-0.6218487394957983,-0.6290787332093126,0.10622670026884502,-0.025875911483186607,95.93602169936511,Excellent
https://mypeoplesreview.com/,https://peoplesreview.com.np,2026-01-27 12:23:24,1.2403181172414965,0.6952033981022449,0.6404821634405806,0.35650804757375293,2.047428343818122,2.2051491831120464,-0.07647058823529412,0.42857142857142855,4.460706970042641,0.762666387156035,1.4289627077741192,41.0679946824054,Unacceptable
https://www.hugedomains.com/domain_profile.cfm?d=nepalmagazine.com,https://nepalmagazine.com,2026-01-27 12:23:41,-0.23930915726137428,0.1990357463844972,0.03088665385483895,-0.1154409423279649,-0.10422876728241287,-0.3826248385359488,-0.09411764705882353,-0.24369747899159663,-0.27167543140952494,-0.004536438273306868,-0.5266721036424623,88.89250488689606,Excellent
https://bibeksheel.org/,https://bibeksheel.org,2026-01-27 12:26:13,-0.8221325526611939,-1.1902696778278103,-0.3320325203252039,-0.14354319237352134,-0.7706021360537416,-0.8692510430412955,-0.08823529411764706,-0.7647058823529411,-0.7234810263855297,-0.4840449355005972,-0.7126807449635674,96.34126480414497,Excellent
https://nepalipaisa.com/,https://nepalipaisa.com,2026-01-27 12:27:46,1.1887052812139571,0.4619017623353611,0.1336444088718129,3.9991853813904266,0.7534572572449855,0.5856490643236804,-0.08235294117647059,1.0336134453781514,3.993430840227853,-0.18699741877383413,0.8856673398372378,71.10678614867385,Unacceptable
https://nepalbank.com.np/,https://nepalbank.com.np,2026-01-27 12:29:27,3.6568360617063074,0.5432665007183932,-0.20260162601626097,3.217638878322544,1.4576717394327359,1.8454451093134705,-0.058823529411764705,0.8823529411764706,4.082332620468645,0.16667648319534567,0.7299527089887626,45.65630302218048,Unacceptable
https://www.globalimebank.com/,https://globalimebank.com,2026-01-27 12:32:05,1.7321011163302207,-0.35015304827379445,2.0061788617886176,0.384032602324004,0.5874130621492313,1.5707011564076452,1.3764705882352941,0.8991596638655462,1.3350905937245505,1.0833601184330155,0.782500056727857,49.16087820563108,Unacceptable
https://www.prabhubank.com/,https://prabhubank.com,2026-01-27 12:37:55,1.2176315908230932,1.624154045745209,0.2539837398373978,5.463355627218254,0.4083130163281197,3.717526244310121,1.5647058823529412,-0.15966386554621848,0.815636519359625,0.21680328469864507,0.9675049486712999,21.776435903270087,Unacceptable
https://www.himalayanglacier.com/,https://himalayanglacier.com,2026-01-27 12:40:01,-0.2861376408316015,-0.5260154232689582,-0.17203252032520372,0.8664341976532888,-0.03463466016403109,-0.40675958036447135,2.976470588235294,-0.20168067226890757,1.5194754965795978,-0.1673284609694407,-0.0877453146126956,89.26193402137555,Excellent
https://www.afternic.com/forsale/elitetrek.com?utm_source=TDFS_DASLNC&utm_medium=parkedpages&utm_campaign=x_corp_tdfs-daslnc_base&traffic_type=TDFS_DASLNC&traffic_id=daslnc&,https://elitetrek.com,2026-01-27 12:41:37,-0.41889058418317104,-0.0172799034210469,0.47363779747279605,-0.02435395124849363,-0.04762770141261762,-0.15646564931437634,-0.07058823529411765,-0.058823529411764705,0.07268290516166552,0.4896982944001795,0.05427988323404834,85.43069890934179,Good
https://www.hugedomains.com/domain_profile.cfm?d=paradisetreks.com,https://paradisetreks.com,2026-01-27 12:41:53,-0.2543255013743996,0.25662383363348584,-0.14398064916152897,-0.14354319237352134,-0.1507050866592956,-0.5432370519114713,-0.09411764705882353,-0.24369747899159663,-0.2704667530992572,-0.1274957923152682,-0.5790432613312226,91.35098699520816,Excellent
https://www.highcamptrekking.com/,https://highcamptrekking.com,2026-01-27 14:59:18,0.9642976395255691,0.18166979770783465,0.1369105691056909,0.23218205880978074,0.21613168444794398,2.41347604351427,3.0,-0.058823529411764705,0.4585349080463412,0.3428186643542923,0.8603493635134429,38.41062174556749,Unacceptable
https://www.himalayanwonders.com/,https://himalayanwonders.com,2026-01-27 14:59:52,0.2982274988125079,0.27764525438785514,-0.1258536585365861,-0.12717824513697853,0.1007417614378041,0.8300824262069019,1.0235294117647058,-0.06722689075630252,0.10087563473577203,-0.18077045405972683,0.33784976060844285,65.4944945840892,Unacceptable
https://peakpromotion.com/,https://peakpromotion.com,2026-01-27 15:00:06,-0.5455724572272309,-0.26285620992244874,-0.3326829268292689,-0.12817021479568327,-0.6684331499204925,-0.6579485461993756,-0.10588235294117647,-0.6890756302521008,-0.48201830935471157,-0.4858758583352292,-0.7250941348734835,93.10686938047351,Excellent
https://sherpaexpeditions.com/,https://sherpaexpeditions.com,2026-01-27 15:00:20,-0.6043349363092242,-1.342936032517938,-0.29365853658536645,0.03749363938072968,-0.6726810817888063,-0.8548458778650416,-0.1,-0.6386554621848739,-0.6282815256805472,-0.26259654956629674,-0.6335447169012975,96.1207657517454,Excellent
https://www.afternic.com/forsale/NEPALECOTREK.COM?traffic_id=GoDaddy_DLS&traffic_type=TDFS&utm_campaign=TDFS_GoDaddy_DLS&utm_medium=sn_affiliate_click&utm_source=TDFS,https://nepalecotrek.com,2026-01-27 15:01:11,-0.4102969072214366,-0.025648376258679672,-0.05886229063216831,-0.02429821951660471,-0.2757561550212406,-0.3132092120884475,-0.06470588235294118,-0.058823529411764705,0.07627417176961387,0.07801567968082054,1.2812940892242433,87.82996380068707,Good
https://yetitravels.com/,https://yetitravels.com,2026-01-27 15:02:40,-0.4097421330765706,-0.6757313657707896,-0.10504611545755956,-0.14354319237352134,-0.5575103651532445,-0.27598323201422054,-0.07058823529411765,-0.12605042016806722,0.4898948401960961,0.08420321801035266,2.2787113032591155,87.26014781936509,Good
https://www.afternic.com/forsale/buddhaairlines.com?utm_source=TDFS_DASLNC&utm_medium=parkedpages&utm_campaign=x_corp_tdfs-daslnc_base&traffic_type=TDFS_DASLNC&traffic_id=daslnc&,https://buddhaairlines.com,2026-01-27 15:03:36,-0.41634810860752836,-0.03942769114355877,0.4029268292682925,-0.02429821951660471,-0.005749350341039891,-0.1641780762924746,1.1529411764705881,-0.05042016806722689,0.07683457143011625,0.6004883582781323,1.5053330859553837,85.54875259491666,Good
https://summitair.com.np/,https://summitair.com.np,2026-01-27 15:06:34,3.3823165255836307,0.9414254447415417,-0.08292682926829306,5.44426827557911,1.014354835717769,1.1380859813038704,2.0941176470588236,-0.12605042016806722,3.5700870871201773,-0.02404817134899042,0.0019567773771974203,58.4226049663428,Unacceptable
https://nepalgunj.com/,https://nepalgunj.com,2026-01-27 15:08:33,-0.8655039923906394,-1.3357109688586701,-0.3326829268292689,-0.14354319237352134,-0.8018484341551643,-0.8926219646489706,-0.10588235294117647,-0.7563025210084033,-0.7247633478363323,-0.4858758583352292,-0.7502359211469438,96.69900218550397,Excellent
https://www.chinadaily.com.cn/,https://chinadaily.com.cn,2026-01-27 15:10:40,2.1475393022651375,0.314097554170117,-0.2897560975609765,0.653773994355776,0.8964000033702954,0.07587388881562937,-0.08235294117647059,0.5882352941176471,2.490166279504053,-0.39157900506556803,0.07569498298831673,81.87429067897511,Good
https://japantimes.co.jp/,https://japantimes.co.jp,2026-01-27 15:12:24,-0.5939708153600803,-1.3450931922694653,-0.23577235772357777,-0.02262792250125738,-0.5534696126555354,-0.8510023802684866,-0.1,-0.2773109243697479,-0.6272705066545406,-0.0578380253535686,-0.25417550397695654,96.06193355040851,Excellent
https://www.nikkei.com/,https://nikkei.com,2026-01-27 15:14:28,-0.3744936900175569,-0.23946728349127153,-0.13300813008130094,6.167912326615857,-0.10016946367728416,-0.4960389783676504,0.2647058823529412,0.5042016806722689,0.19589882992958524,-0.06043728187773649,0.07681619239953495,90.6285287405362,Excellent
https://www.hindustantimes.com/,https://hindustantimes.com,2026-01-27 15:15:33,-0.3010264616409285,-0.5542311560356507,0.42113821138211216,-0.13316197725802856,1.1825755806537572,0.14796475476102602,0.047058823529411764,3.3781512605042017,0.3473263741478082,0.8009513298110814,1.0160639943619183,80.77079985237715,Good
https://www.thehindu.com/,https://thehindu.com,2026-01-27 15:16:20,-0.4537931679742973,-0.6888153393323386,0.3040650406504065,1.0563520741918762,1.7287500593047984,0.31682751537004245,-0.047058823529411764,3.8823529411764706,0.8378696298768304,0.964352538229767,1.0217127541574844,77.27904062305231,Good
https://www.republicworld.com/,https://republicworld.com,2026-01-27 15:23:18,0.5703588783233978,0.4510421728087252,0.34270234519384485,1.4469597376901577,-0.08025528507625113,-0.5345865668664607,0.2,0.8487394957983193,-0.14148585712915904,0.15110354210004712,0.18508764787617563,91.21857450761199,Excellent
https://www.dnaindia.com/,https://dnaindia.com,2026-01-27 15:24:04,-0.33533669181726905,-0.40879408422916075,2.4321951219512195,-0.10755728105932409,1.3011976930582216,0.08127464172450165,0.12941176470588237,3.0588235294117645,0.6934244956933477,1.4754983050260653,0.9569602411134142,81.79162165823986,Good
https://www.business-standard.com/,https://business-standard.com,2026-01-27 15:24:44,1.9491412198508162,-0.5216633467764722,2.5051939300329287,0.12067014814549933,0.6349704275148845,0.9009960591523227,0.01764705882352941,1.3865546218487395,0.0809730969151258,1.3498757467874023,0.6519218730604079,63.86628810307791,Unacceptable
https://www.thequint.com/,https://thequint.com,2026-01-27 15:35:06,-0.3628428835368903,0.26307533987472753,1.724552845528458,1.0691680010250766,0.8864349812526915,0.6746484069998198,2.0058823529411764,1.2521008403361344,0.5855266179230294,1.3173528259942886,1.6701989212363735,69.06332425662039,Unacceptable
https://scroll.in/,https://scroll.in,2026-01-27 15:36:22,0.9121690041904091,-0.23141012879613768,-0.06731707317073263,2.255753141041486,0.057456683056397374,-0.559820835731987,0.27647058823529413,0.0,0.02267510624357633,-0.1443443211942529,-0.40408654134926875,91.60483404054791,Excellent
https://www.newslaundry.com/,https://newslaundry.com,2026-01-27 15:37:18,0.9124018181500814,0.41285219197791456,0.19999999999999962,0.5211381486470911,0.0030714806708132124,-0.2401828902802802,0.9058823529411765,-0.17647058823529413,-0.1063892884546377,0.10104886203193503,1.5555045375611825,86.71215400386012,Good
https://caravanmagazine.in/,https://caravanmagazine.in,2026-01-27 15:37:43,-0.42270940720394323,-0.5867307420599789,-0.2911235900729267,0.3358598399945319,-0.579444055005973,-0.482380615175943,-0.09411764705882353,-0.07563025210084033,-0.011181848526326156,-0.36434210466214495,-0.15340547337060909,90.4194609440721,Excellent
https://www.dawn.com/,https://dawn.com,2026-01-27 15:38:17,-0.21783790879374232,-0.07340099909089787,0.1532942333599283,0.5075969483690325,0.6338745454530846,0.23380552237622734,1.1588235294117648,1.1176470588235294,0.3297623482470503,0.5013170576089194,0.4052451244075274,79.18526008247618,Good
https://www.thenews.com.pk/,https://thenews.com.pk,2026-01-27 15:39:04,0.37042171028494897,-0.7563745143715143,0.11414634146341446,0.6352975516942719,-0.21654554521050348,-0.5039219411153537,-0.08235294117647059,0.008403361344537815,-0.12384079639718046,-0.06272785865929553,-0.40201497348473225,90.74919280753592,Excellent
https://dailytimes.com.pk/,https://dailytimes.com.pk,2026-01-27 15:39:44,-0.2931700114108343,-0.9340365783165961,0.0842276422764224,-0.038533534514997816,-0.16148227896792208,1.8002804927053184,-0.07647058823529412,0.42016806722689076,0.7648925628025075,0.4009884483097256,0.6493644477843433,46.23241322537482,Unacceptable
https://arynews.tv/,https://arynews.tv,2026-01-27 20:31:12,1.492076696411105,-1.0227185381651207,0.24617886178861828,1.5425984440077927,0.18504294839264832,-0.030380629035074762,0.49411764705882355,0.680672268907563,-0.1029565325469487,0.36140051172562093,0.33909910823808614,83.50072260201028,Good
https://www.express.com.pk/,https://express.com.pk,2026-01-27 20:31:38,0.007545784834360562,-0.05889272066440889,-0.22861788617886233,2.751453616435404,-0.42046046307418256,-0.08351362203491129,-0.1,-0.3445378151260504,-0.43854832396493576,-0.23397924489338098,-0.03847083053587132,84.31402633468319,Good
https://www.dhakatribune.com/,https://dhakatribune.com,2026-01-27 20:36:25,0.726945217786143,0.8133619975207803,0.04130081300812983,1.6869111690483398,0.31364057561570874,0.09798607269019838,-0.052941176470588235,0.6890756302521008,0.2720157229473874,0.7595430482028405,0.12194220165485173,81.53582072523486,Good
https://www.thedailystar.net/,https://thedailystar.net,2026-01-27 20:37:17,2.0133194019568545,0.5284808903170811,0.4155816195399268,1.4665312496113323,0.4159723172577565,0.448423785289817,-0.058823529411764705,1.4369747899159664,1.0104782006379986,0.5939983907303673,1.2547481216405427,74.25753558007702,Unacceptable
https://bdnews24.com/,https://bdnews24.com,2026-01-27 20:38:40,0.952230980877914,2.350287872277581,0.5687804878048778,1.7507791900671428,0.8954569824404407,0.31779101287412415,0.27647058823529413,0.8823529411764706,0.9372944399907988,0.5795654491206104,0.5315360168501756,77.25691831997143,Good
https://www.prothomalo.com/,https://prothomalo.com,2026-01-27 20:39:18,0.9904068348573226,0.789472008004587,1.0617006428316405,-0.14354319237352134,0.8822687155832789,0.08985095717910196,0.8235294117647058,1.1680672268907564,0.42877431874790783,1.3007057563242619,0.5730634778047254,81.66034448038864,Good
https://www.kalerkantho.com/,https://kalerkantho.com,2026-01-27 20:40:45,-0.0012885529098551265,-0.43700737450555466,0.6260162601626031,6.13775128671215,0.8284031473430883,-0.056972829410164266,0.047058823529411764,4.008403361344538,1.1375503978132642,1.2091894247858677,2.091773659854429,83.90776791611695,Good
https://lankaweb.com/,https://lankaweb.com,2026-01-27 20:41:02,-0.5674783021849489,-0.9601533431230935,-0.3326829268292689,-0.14354319237352134,-0.6775681497883295,-0.5195543724459605,2.2470588235294118,-0.6638655462184874,-0.7061959683665753,-0.4749792710975018,-0.5949644349705215,90.98847755386998,Excellent
https://www.dailymirror.lk/,https://dailymirror.lk,2026-01-27 20:42:35,1.0114868131033736,0.9328351639109447,1.4318767361598825,0.4365268172882086,1.0613635211297636,2.5012696906434213,1.0529411764705883,3.6638655462184873,2.008409280103396,4.099363624496277,3.516051314017386,37.290744733756036,Unacceptable
https://sundaytimes.lk/,https://sundaytimes.lk,2026-01-27 20:42:58,1.150561058626683,0.6572156347680952,-0.1954471544715452,-0.14354319237352134,0.24977978256623684,-0.29090327151681683,0.1588235294117647,0.36134453781512604,0.6144516724076605,-0.25178891209863397,-0.2712445824896456,87.48852802409262,Good
https://island.lk/,https://island.lk,2026-01-27 20:43:32,0.21624346782198947,-0.06644900547560936,-0.30146341463414633,3.8187587957913243,0.17019908516071505,0.6923368054471905,0.1588235294117647,0.907563025210084,0.6328912030051876,-0.07834888071138754,0.38774357940765447,68.65719127774896,Unacceptable
https://english.newsfirst.lk/,https://newsfirst.lk,2026-01-27 20:44:01,-0.24729726810278216,0.2598079870401553,0.4536585365853663,-0.1027952223347639,-0.20485726011822966,-0.4947274910837236,1.2823529411764707,0.25210084033613445,-0.09368406723125952,0.020010332597612153,0.04022739194677996,90.60845387851263,Excellent
https://economynext.com/,https://economynext.com,2026-01-27 20:44:49,2.2259551876120027,0.4425908793972182,-0.3326829268292689,-0.07289310147080642,0.48786700551090445,-0.5895890526099472,0.023529411764705882,-0.2857142857142857,2.1855798928492307,-0.2518110293387593,-0.19365689123334376,92.06049446046697,Excellent
https://adaderana.lk/,https://adaderana.lk,2026-01-27 20:46:02,3.3842021051511844,-0.4999463021328976,3.6562601626016265,1.3402839924359182,2.9822917178147494,2.248089011769019,-0.03529411764705882,3.6134453781512605,2.9472651463099617,4.39990085706706,2.4192468943166694,40.52026339914608,Unacceptable
https://www.todayonline.com/,https://todayonline.com,2026-01-27 20:50:23,0.42401770693442925,0.7547456686676417,1.1021138211382104,0.9696208073088673,1.6652677360719859,0.9988832664338824,1.1411764705882352,2.773109243697479,0.9946230241172388,2.024291460990342,1.6781381516862854,61.618757146278696,Unacceptable
https://www.thaipbs.or.th/home,https://thaipbs.or.th,2026-01-27 20:52:17,0.9063788808934884,1.6358540664367893,0.7508943089430887,-0.08221884915669714,1.3998764259776302,0.6446703080236322,3.3176470588235296,1.588235294117647,1.9726496493977381,0.7505836427142519,0.41513312359598564,69.75163386669203,Unacceptable
https://www.nationthailand.com/,https://nationthailand.com,2026-01-27 20:54:11,2.613940904183599,-0.07775538778004346,1.9307317073170804,5.511997925886561,2.7064250399321494,1.2529944938236794,-0.01764705882352941,2.0756302521008405,2.5179844967500857,1.9977873143684364,0.6843888941538272,55.78425776796816,Unacceptable
https://www.pattayamail.com/,https://pattayamail.com,2026-01-27 20:56:54,1.010141960571884,2.674367207675571,2.484878048780488,1.5791230430776058,2.0498928173990483,0.5839222116634063,-0.041176470588235294,3.546218487394958,0.9751349685076334,2.5123141340463437,2.373245273902116,71.1464354033577,Unacceptable
https://www.thejakartapost.com/,https://thejakartapost.com,2026-01-27 20:57:42,0.5976915958233712,-0.35013697887379924,0.4925617455551832,-0.03697840465483626,0.33318107083795817,0.14035768853999764,0.16470588235294117,0.7478991596638656,0.7181762563701145,0.5740596987583791,0.024562494744330844,80.88724078677495,Good
https://www.tempo.co/,https://tempo.co,2026-01-27 20:57:57,-0.42633494817450784,-0.8458651607827127,-0.23382113821138265,-0.022892507336865688,-0.6067780479399059,-0.7388420723287539,-0.10588235294117647,-0.6218487394957983,-0.6326672621540441,-0.25669509292967013,-0.6283337626853499,94.34510203095302,Excellent
https://www.detik.com/,https://detik.com,2026-01-27 21:00:06,0.921329946139093,1.0328260442223438,1.7492682926829295,-0.11304444387403995,2.255723026954165,0.12256069835722293,0.5705882352941176,4.050420168067227,1.188044679484999,2.6973041728742166,1.9661074412266029,81.15965831360312,Good
https://tribunnews.com/,https://tribunnews.com,2026-01-27 21:00:40,0.14867755539060257,-0.16196707125783957,0.846504065040651,-0.14183664171596627,0.8712609593616693,0.9503111387274019,0.3176470588235294,2.0504201680672267,0.6940790709685121,0.7919082634576741,0.31810045769369893,62.73399338285775,Unacceptable
https://www.liputan6.com/,https://liputan6.com,2026-01-27 21:01:20,0.3838972600545689,0.7247889259793453,0.9258536585365836,2.1280930738431127,1.350853128393039,-0.0032853463140411388,0.4294117647058823,2.3445378151260505,0.906566086745186,1.186858224403921,0.7249393011928867,83.08597663475577,Good
https://www.antaranews.com/,https://antaranews.com,2026-01-27 21:03:32,0.36110727205588783,0.5087923368632988,1.2107317073170754,0.4343358434872216,0.0626712435371471,0.20255581514904744,0.5470588235294118,0.025210084033613446,-0.017567721746100762,0.3590060800773902,1.1276777217024763,79.90276634641502,Good
https://www.rappler.com/,https://rappler.com,2026-01-27 21:04:08,-0.021044529278472852,0.04056884733603053,0.4198373983739859,2.074000126735262,0.8574063952513733,0.20914028722760564,0.052941176470588235,2.3445378151260505,0.680823579438534,0.596001924199889,0.46621756000806186,79.75158413127457,Good
https://www.inquirer.net/,https://inquirer.net,2026-01-27 21:04:24,0.2227012416010995,0.7310987543823503,-0.29626016260162646,1.9043940579101,-0.3394256548158133,-0.5990901183864181,-0.052941176470588235,-0.31932773109243695,-0.3186030854422637,-0.3928959424720956,-0.5961230180287803,92.2059267394353,Excellent
https://www.abs-cbn.com/,https://abscbn.com,2026-01-27 21:05:37,-0.16701085171677146,-0.40659905197462637,3.031210790695336,0.4732327480445569,1.2912701421861643,0.6341713996369147,-0.07647058823529412,4.319327731092437,0.49128475181132353,2.1077484625512954,1.3203922631211535,69.99269316613527,Unacceptable
https://manilabulletin.com/,https://manilabulletin.com,2026-01-27 21:06:22,-0.8739193463679944,-1.3639309208497326,-0.3326829268292689,-0.14354319237352134,-0.8053577376136395,-0.8996184866093633,-0.10588235294117647,-0.7563025210084033,-0.7247619790047239,-0.4858758583352292,-0.7734663123288987,96.80609755327542,Excellent
https://www.sunstar.com.ph/,https://sunstar.com.ph,2026-01-27 21:06:39,-0.024934927163124846,0.7015642562865912,-0.3326829268292689,0.15735891412197714,-0.449161478429745,-0.6050157811638089,-0.01764705882352941,-0.5126050420168067,-0.25648030549036305,-0.4758620374641994,-0.5361436536210392,92.29663052597765,Excellent
https://www.manilatimes.net/,https://manilatimes.net,2026-01-27 21:07:33,-0.44864070445650567,-0.8512371491319586,0.6487804878048786,0.05883004126618353,0.2017228634121251,-0.8031233357534431,-0.1,-0.6302521008403361,-0.6287592479118987,1.1956599243542283,1.4360690398042686,95.32905171141599,Excellent
https://vietnamnews.vn/,https://vietnamnews.vn,2026-01-27 21:07:52,0.490692014357729,-0.2177383463418766,-0.3326829268292689,1.248865801097032,-0.22927969639394458,-0.5271568903685917,-0.08823529411764706,-0.47058823529411764,1.173860298825522,-0.4008033366260761,-0.47810771885940967,91.10484886772026,Excellent
https://vnexpress.net/,https://vnexpress.net,2026-01-27 21:08:36,1.048030851653212,0.1442353690859201,0.9147967479674821,6.039577047122782,1.8567244517786508,0.27426604855262243,0.22941176470588234,1.5210084033613445,1.6035787007337827,0.9559672193652746,0.8817751414525802,78.25626958785243,Good
https://news.tuoitre.vn/,https://tuoitrenews.vn,2026-01-27 21:09:12,1.93619226774655,0.8116657081023503,1.0028551764962452,0.197630158515026,0.8303552320563595,-0.23586919298648557,0.11176470588235295,1.5294117647058822,0.9818019997397851,1.3207973457388578,0.4161475511585164,86.64612448222795,Good
https://dantri.com.vn/,https://dantri.com.vn,2026-01-27 21:10:07,0.21039442990470753,-0.7387492032195389,0.7285520950231432,-0.11957111733071495,0.7671583316972632,0.43268489328305737,0.7176470588235294,1.0924369747899159,0.6440644278923805,0.8500131381214431,0.4249997664147058,74.61890708094296,Unacceptable
https://vietnamnet.vn/,https://vietnamnet.vn,2026-01-27 21:10:54,3.3231769258815773,-0.7604368372284765,1.0591869918699193,0.918207672952957,0.9513605715225051,0.44765658145860904,-0.07647058823529412,0.9327731092436975,2.054259937426601,1.006342599415188,0.9148614972683866,74.2751508988577,Unacceptable
https://www.phnompenhpost.com/,https://phnompenhpost.com,2026-01-27 21:11:37,2.914734877189794,0.6743511295164999,-0.04000000000000004,4.449279607294555,0.7777078006664947,-0.33768358067853255,-0.09411764705882353,-0.09243697478991597,1.8151688580405956,-0.1512771143540639,-0.36083455353841676,88.20459158288617,Excellent
https://www.khmertimeskh.com/,https://khmertimeskh.com,2026-01-27 21:12:23,0.3994375602774774,1.0781980195015894,0.9043699146332754,1.220078681554303,0.9114520520756607,0.46648342156198774,-0.047058823529411764,0.9159663865546218,1.0634240597204805,1.3091574269091293,0.92508585928021,73.84287882647808,Unacceptable
https://www.rfa.org/english/,https://rfa.org,2026-01-27 21:12:50,-0.05825796605448939,0.5829688043263878,0.5577235772357724,0.5532519201160774,0.3553195884436389,-0.0497847464231424,-0.07058823529411765,-0.08403361344537816,0.10455916059413041,0.37330824148468156,0.020435376292560908,83.79774033449502,Good
https://khmer.voanews.com/z/8027?utm_medium=referral&utm_campaign=redirect&utm_source=voacambodia,https://voacambodia.com,2026-01-27 21:13:13,-0.21247275086302578,0.12378905913819395,-0.31902439024390306,-0.14300021705513252,-0.2957346535842462,0.010150432504547054,0.19411764705882353,-0.2184873949579832,-0.5578951093083903,-0.3674928497607119,-0.2581798233027359,82.8803159247604,Good
https://www.frontiermyanmar.net/en/,https://frontiermyanmar.net,2026-01-27 22:14:59,-0.11595927007954958,0.5725865801647652,-0.3248780487804884,-0.09111878195457984,-0.34496886398335513,-0.3234182704946764,1.576470588235294,0.10084033613445378,-0.05047032711858688,-0.3741424460850188,-0.39197747970811186,87.98623328298194,Good
http://www.filmykhabar.com/,https://filmykhabar.com,2026-01-27 22:16:40,1.1484037571864278,-0.2833292099030638,-0.3326829268292689,0.7634893168186259,0.03797523216456345,0.08885547153429271,-0.08823529411764706,-0.19327731092436976,-0.0171058779614073,-0.44627157422581715,-0.37961214163010504,81.67558232311187,Good
https://xnepali.com/,https://xnepali.com,2026-01-27 22:18:11,-0.7045948971013353,-0.7961202450212148,-0.3326829268292689,-0.14354319237352134,-0.7347474130788847,-0.6491400934648045,-0.10588235294117647,-0.7310924369747899,-0.7030172676054159,-0.4858758583352292,-0.8130717000070743,92.97203889034618,Excellent
https://mysansar.com/,https://mysansar.com,2026-01-27 22:18:32,-0.3314215127042153,-0.15762853162270224,-0.2975609756097567,-0.12957882024815137,-0.3487899918839747,-0.6522885374372798,-0.07647058823529412,-0.31092436974789917,-0.28622556387478176,-0.3550519021908317,-0.35410195797867294,93.02023194498803,Excellent
http://ww25.peoplesreview.com/?subid1=20260128-0334-1853-bb30-b74221414626,https://peoplesreview.com,2026-01-27 22:19:32,0.03529066072008446,0.9059052006833367,-0.3326829268292689,0.21807430505175726,-0.4262062686510459,-0.20395276510043514,-0.10588235294117647,-0.6218487394957983,-0.6712680397462158,-0.4858758583352292,-0.6135498157345723,86.15758151734377,Good
https://sclatam.com/,https://avenuesnepal.com,2026-01-27 22:20:00,4.046227937317685,3.5029275135458824,0.24878048780487802,0.25832342981233436,1.2491119989818251,0.9490864357246855,3.3176470588235296,-0.07563025210084033,1.2833186446294815,-0.1311494642218785,0.02732280553290149,62.762113072732774,Unacceptable
https://swasthyakhabar.com/,https://swasthyakhabar.com,2026-01-27 22:21:01,-0.08629761736501981,1.190437095975142,-0.252032957462637,3.3349411471691166,-0.2325264466534268,-0.10144432043012445,1.0470588235294118,1.0756302521008403,2.51806772171188,-0.19922200203815063,0.7050138082278081,84.58849052559191,Good
https://shikshasansar.com/,https://shikshasansar.com,2026-01-27 22:21:12,-0.7183526012018557,-1.3389936273943877,-0.3326829268292689,0.09411778173814596,-0.7404845405616443,-0.9350148409253294,-0.10588235294117647,-0.6890756302521008,-0.6375750710030066,-0.4858758583352292,-0.8428798530681761,97.34790755611635,Excellent
https://www.afternic.com/forsale/khetibaadi.com?utm_source=TDFS_DASLNC&utm_medium=parkedpages&utm_campaign=x_corp_tdfs-daslnc_base&traffic_type=TDFS_DASLNC&traffic_id=daslnc&,https://khetibaadi.com,2026-01-27 22:22:23,-0.2630789972685421,-0.034932196232835264,0.15330134914132906,-0.14354319237352134,-0.22830373592997283,-0.12119443461491938,1.0470588235294118,-0.20168067226890757,-0.40392235959740197,0.09779810854324235,1.2674017707100056,84.89080441156591,Good
https://pahilo.com/,https://pahilo.com,2026-01-27 22:23:25,0.37001091258744545,-0.5055648192982155,-0.17268292682926878,-0.14354319237352134,-0.2806390507386363,0.11106111385588419,-0.09411764705882353,-0.21008403361344538,0.41847386089426725,-0.24725247382532714,-0.2751527981516063,81.33568180618437,Good
https://nrnusa.org/,https://nrnusa.org,2026-01-27 22:30:30,-0.729563658910288,-1.3313694377831222,-0.3326829268292689,-0.14354319237352134,-0.745159685979797,-0.985491263698516,-0.10588235294117647,-0.7226890756302521,-0.7218942767850061,-0.4858758583352292,-0.8783421050172786,98.12054731788423,Excellent
https://www.hugedomains.com/domain_profile.cfm?d=nepalportal.com,https://nepalportal.com,2026-01-27 22:31:08,-0.3206974733686965,0.2637304049955305,-0.1850529472917104,0.05687953370222384,-0.1683948728390731,-0.4223299214305242,-0.09411764705882353,-0.24369747899159663,-0.2702351467911062,-0.16369209820727712,-0.4988714493366845,89.50026835552552,Excellent
https://www.hugedomains.com/domain_profile.cfm?d=nepworld.com,https://nepworld.com,2026-01-27 22:31:27,-0.2530800469557356,0.26746936208803124,-0.0744060448235317,-0.13185203433406945,-0.18226146680002728,-0.43463083356975285,-0.058823529411764705,-0.24369747899159663,-0.2702899000554445,-0.054726706639571375,-0.44316335887644137,89.6885577251484,Excellent
https://nepalinformation.com/,https://nepalinformation.com,2026-01-27 22:31:42,-0.709467542770082,-0.8124601193998218,-0.3326829268292689,-0.14354319237352134,-0.7367793647167207,0.14093416993685975,-0.09411764705882353,-0.7478991596638656,-0.725126635745217,-0.4858758583352292,-0.6245590243342485,80.87841661848678,Good
https://visitnepal2020.com/,https://visitnepal2020.com,2026-01-27 22:32:08,-0.32289974653140274,0.206333858179989,-0.317723577235773,-0.13367960355888397,-0.4625867758414022,-0.2402832708118434,-0.09411764705882353,-0.29411764705882354,-0.1801649318893346,-0.34390337073951527,-0.05862590447562767,86.71369052300572,Good
https://openingparliament.org/organizations,https://welcomenepal.com,2026-01-27 22:32:22,-0.32238757200462714,0.2895505019938456,-0.3326829268292689,1.2140119720208535,-0.575362378126622,-0.6876802828482363,-0.047058823529411764,-0.6470588235294118,1.9668389592198372,-0.48418004298918216,-0.6728831499577544,93.56197139957942,Excellent
https://nepaltourism.com/lander,https://nepaltourism.com,2026-01-27 22:32:47,-0.11659768523714284,0.028393105299444693,-0.3222764227642283,-0.14354319237352134,-0.4895455291508508,-0.5438243073370314,-0.1,-0.5798319327731093,-0.6200477297893553,-0.3960721704777624,-0.09784687749852848,91.35997608094708,Excellent
https://himalayantrekking.com/,https://himalayantrekking.com,2026-01-27 22:33:34,-0.028213047277107835,0.11010322071010278,0.6266666666666667,-0.017633934558899913,0.33324920599631797,-0.469165179953953,-0.029411764705882353,0.04201680672268908,0.09664923026149953,0.590838029440448,-0.08309496510235719,90.2171730211054,Excellent
https://uppermustang.com/,https://uppermustang.com,2026-01-27 22:37:08,-0.42239086523082237,-0.2629185679345065,-0.3326829268292689,-0.12426386593626043,-0.616583529760314,0.2824798862504798,0.14705882352941177,-0.46218487394957986,-0.5277252393590282,-0.4847084527043241,-0.477381602288335,78.06767646100023,Good
https://www.hugedomains.com/domain_profile.cfm?d=arunvalley.com,https://arunvalley.com,2026-01-27 22:37:46,-0.2529278153022005,0.21953442337864748,-0.08150069573602943,-0.14354319237352134,-0.1420759679781954,-0.2867506808361663,-0.07058823529411765,-0.24369747899159663,-0.2750901187399823,-0.07691366415115071,-0.45577963429886376,87.42496455231819,Good
https://www.magicalnepal.com/trip/around-kanchenjunga-circuit-trek/,https://kanchenjungatrek.com,2026-01-27 22:40:17,-0.30778301233916705,0.2971357876078821,-0.32617886178861855,-0.10223518885627515,-0.5435502022904013,-0.2823058076666697,2.4235294117647057,1.411764705882353,-0.340038714664382,-0.29650612515329067,-0.033793785563361045,87.35692712894134,Good
https://dolpo.com.np/,https://dolpo.com.np,2026-01-27 22:41:03,2.6793879841203303,0.36621644666679865,-0.32357723577235836,1.4789766380918676,0.7247355693006172,0.011032959368117278,0.16470588235294117,0.2605042016806723,1.7453850013424816,-0.21704368948260203,-0.04505393150745282,82.86680713574248,Good
https://shuklaphanta.gov.np/404.html,https://shuklaphanta.gov.np,2026-01-27 22:41:34,-0.8473786145932591,-1.2749295338009974,-0.3326829268292689,-0.14354319237352134,-0.7942899343984486,-0.7066933163626967,-0.10588235294117647,-0.7647058823529411,-0.7274161434935225,-0.4858758583352292,-0.828603119898664,93.85300283322732,Excellent
https://www.hugedomains.com/domain_profile.cfm?d=naturenepal.com,https://naturenepal.com,2026-01-27 22:45:34,-0.2689096479227154,0.25643162179290224,-0.14406504065040696,-0.13667649928077655,-0.15405987160170204,-0.43963174836226004,-0.08235294117647059,-0.24369747899159663,-0.27625253054188414,-0.12624184096213817,-0.5214771667038179,89.76510644634575,Excellent
https://birdlifenepal.org/,https://birdlifenepal.org,2026-01-27 22:46:14,0.8530132530018265,-0.6489803587450771,-0.2728455284552854,0.3348418693271211,-0.08520614805130876,-0.4445898085122743,-0.1,-0.33613445378151263,1.5445787732134164,-0.39991768540197126,-0.34547932369716133,89.84099919394302,Excellent
https://conservationnepal.org/,https://conservationnepal.org,2026-01-27 22:47:27,-0.6159378991600799,-1.223858202964502,-0.287154471544716,0.7218845866679571,-0.5449859213210599,-0.7440941314276427,-0.1,-0.31932773109243695,-0.5815991662720439,-0.3828335598347062,1.3112944496129821,94.42549500390973,Excellent
https://www.wwfnepal.org/,https://wwfnepal.org,2026-01-27 22:47:53,1.2331801795210704,1.420544688661802,0.21691056910569098,1.221507145781721,0.411016951277974,0.5304326305997741,-0.08235294117647059,-0.14285714285714285,1.4987303060207853,0.10269274994464676,-0.06781982164761723,72.37457841249412,Unacceptable
https://nepaltrust.org/,https://nepaltrust.org,2026-01-27 22:48:17,0.7735538716608913,-0.6084975054150014,-0.08487804878048849,0.3451568785858873,-0.10970333863592287,0.8036438322404691,2.388235294117647,-0.3445378151260504,3.0083265342326646,-0.08661303556476192,-0.15555178852922688,66.1015356882744,Unacceptable
https://mountaininstitute.org/,https://mountaininstitute.org,2026-01-27 22:50:53,-0.5250101973566066,-0.19390296233022541,-0.3326829268292689,0.1490911317914052,-0.6598584411355478,-0.44874038439192165,-0.1,-0.7226890756302521,-0.6949337694248326,-0.4858758583352292,-0.7595152637978834,89.9045318252719,Excellent
https://pahar.org/,https://pahar.org,2026-01-27 22:51:46,-0.1728556265621824,0.17266628906587536,-0.24682926829268348,-0.07856971418699915,-0.5128707916707322,-0.08403130620900916,-0.08235294117647059,-0.15966386554621848,0.026468138630611277,-0.4039872575848299,-0.26624719197107277,84.32195049719255,Good
https://microhydro.org.np/,https://microhydro.org.np,2026-01-27 22:57:13,-0.2689756239432447,-0.7343969994837918,-0.3326829268292689,5.673073887094716,-0.5526705387434162,0.21656377782086594,-0.06470588235294118,-0.46218487394957986,-0.4001654643648303,-0.4343369191309547,-0.49453076718753963,79.58113770237738,Good
https://nepaltech.org/,https://nepaltech.org,2026-01-27 22:59:18,0.2990515310910373,-0.8212395364062258,-0.3118699186991876,1.215994887926105,-0.3090072553753158,0.03870030289981292,1.0,-0.008403361344537815,0.0018398465649273447,-0.3822440873044388,-0.10315393537829468,82.4433046658639,Good
https://nepalit.com/,https://nepalit.com,2026-01-27 23:00:50,-0.5049823088165164,-0.12674166945953289,-0.3326829268292689,-0.09916439497834695,-0.651506571599362,-0.5584570766071842,0.041176470588235294,-0.7394957983193278,-0.7038125587699295,-0.4858758583352292,-0.7932316325209459,91.58395905639875,Excellent
https://cloudnepal.com/,https://cloudnepal.com,2026-01-27 23:02:22,-0.8745666812893295,-1.3661016863875066,-0.3326829268292689,-0.14354319237352134,-0.8056276840335221,-0.8480117262506439,-0.10588235294117647,-0.773109243697479,-0.7276329664203021,-0.4858758583352292,-0.8419722073543329,96.01615577771929,Excellent
https://cybersecurity.com.np/,https://cybersecurity.com.np,2026-01-27 23:02:56,0.424646003286432,0.03927129152264068,1.7551219512195138,0.18730644818209657,0.47152358911555875,0.2322379528314105,-0.08823529411764706,-0.3865546218487395,0.19021379849334075,0.7965110534513564,0.3564404804649281,79.22125213063808,Good
https://digitalmarketing.com.np/,https://digitalmarketing.com.np,2026-01-27 23:05:17,0.3914640505073207,2.7925602233598736,-0.3326829268292689,2.3248999523402105,-0.2776776967144913,0.30180315134358826,2.235294117647059,-0.6470588235294118,-0.35069479496989975,-0.41561082888924933,-0.40014095204026745,77.62400626456404,Good
https://www.contentnepal.com/,https://contentnepal.com,2026-01-27 23:05:57,-0.4751065825947268,-0.5997605850567086,-0.027642276422764553,-0.14354319237352134,-0.11804010870118488,0.5430812626712306,1.1411764705882352,-0.42857142857142855,-0.1509611832892216,0.014516602474581877,-0.3406100713970135,72.08416056391874,Unacceptable
https://designnepal.com/,https://designnepal.com,2026-01-27 23:06:33,-0.4479863292823188,-0.22156931397041085,-0.284552845528456,-0.14354319237352134,-0.5999340838437244,-0.4886206024302842,-0.1,-0.5882352941176471,-0.5960252825935746,-0.41530262995621386,-0.6380028590839987,90.5149760776879,Excellent
https://photographynepal.com/,https://photographynepal.com,2026-01-27 23:07:25,0.06719198129354449,-0.3137062895136766,-0.3326829268292689,-0.14354319237352134,-0.41275456513435393,-0.296676445943995,-0.10588235294117647,-0.5966386554621849,0.060206005050577986,-0.4577422480876387,-0.7662265029878895,87.57689768004273,Good
https://www.hugedomains.com/domain_profile.cfm?d=nepaliculture.com,https://nepaliculture.com,2026-01-27 23:14:05,-0.2763462807632877,0.19479670452678094,-0.09008130081300852,-0.14354319237352134,-0.11172884488459649,-0.5178550194562134,-0.09411764705882353,-0.24369747899159663,-0.27059323313987865,-0.10698541776701909,-0.5951139295586839,90.96246565332272,Excellent
https://www.reddit.com/r/AskReddit/,https://reddit.com/r/AskReddit,2026-01-28 13:17:10,0.11166366296906229,0.6470386564342409,0.5681300813008133,1.4466733003617163,0.3644750917912179,0.0011751050579681631,1.9058823529411764,-0.11764705882352941,0.0008657859923491895,0.6544174018445263,0.4746533260543705,83.01770075671004,Good
https://medium.com/@username,https://medium.com/@username,2026-01-28 13:19:25,-0.004345932002272117,0.7465643823161064,0.2800000000000003,-0.1372762270883055,-0.0978289712171179,-0.5729812700748058,-0.08823529411764706,-0.3277310924369748,-0.11757538035895009,0.2809206830092182,-0.5607835652056685,91.80628006815348,Excellent
https://substack.com/home,https://substack.com,2026-01-28 13:19:56,1.5438821802360718,2.582536858497068,0.46666666666666684,-0.13769254677883463,0.46265268611815985,0.5132459178540264,0.9823529411764705,0.6722689075630253,0.5813234835861006,0.3246839698811174,0.19343798844353438,72.76919247917778,Unacceptable
https://ko-fi.com/,https://ko-fi.com,2026-01-28 13:20:56,1.9384349921584378,-0.33738428061660436,0.5226016260162604,1.2837328681586724,0.5223720637704383,-0.3898321451000015,-0.09411764705882353,-0.09243697478991597,1.5161062544585413,0.20841219611933748,-0.009324724936631529,89.00282672272941,Excellent
https://www.gofundme.com/,https://gofundme.com,2026-01-28 13:21:31,2.18927496159594,-0.35018341470926206,1.3380615162534484,-0.10441255691859999,1.4501715885654425,0.8632422505830659,0.19411764705882353,1.3109243697478992,1.1925229489752276,1.1164532793736648,0.4313853209662155,64.73313123664907,Unacceptable
https://www.kickstarter.com/,https://kickstarter.com,2026-01-28 13:22:17,1.9212063038097247,1.146581199866706,2.2241215739198914,1.0763025564533468,1.036276600837303,1.4014914970535792,3.4352941176470586,1.9747899159663866,2.732904473827632,0.8614631371718429,1.0014028465371312,52.374704864991564,Unacceptable
https://www.crowdfunder.co.uk/,https://crowdfunder.co.uk,2026-01-28 13:23:33,0.5706403613779267,0.1109665169197914,-0.022439024390244516,-0.12168275442132097,-0.19458172819639927,0.20376049554345496,-0.09411764705882353,-0.4117647058823529,-0.14740358993884128,-0.2629912942215575,0.6088407362074557,79.87510638394728,Good
https://fundrazr.com/,https://fundrazr.com,2026-01-28 13:24:09,1.4650294915588593,-0.5618156680542732,0.639078105508757,1.0703381227188185,0.6345155525833399,0.32162225367922714,1.0588235294117647,0.2857142857142857,0.5766114176571475,0.8672342944155563,0.4872375669221866,77.16895143899123,Good
https://donorbox.org/,https://donorbox.org,2026-01-28 13:24:41,-0.10666399056916046,-1.022996946150897,0.1681300813008132,-0.14354319237352134,-0.03534700453671203,-0.6157033584633177,-0.07647058823529412,0.31092436974789917,-0.1205662774234291,0.003582031280990079,0.22260545041251173,92.46022467003324,Excellent
https://justgiving.com/,https://justgiving.com,2026-01-28 13:25:04,0.46935362839665806,0.5684870305062282,-0.07712256266596043,-0.13422676895199187,-0.20282800408331902,0.012022596018310641,-0.10588235294117647,-0.19327731092436976,-0.18764833429277022,-0.0500013102060722,-0.17676400277098897,82.85165882325056,Good
https://www.gofundme.com/c/crowdrise,https://crowdrise.com,2026-01-28 13:25:34,1.082589043281591,1.1650516852855217,0.500487804878049,-0.12990899981862009,1.0032896315916664,0.6658445261901011,0.9941176470588236,0.8403361344537815,0.747951902816241,0.6870624482678935,0.19852614353349157,69.26546501851686,Unacceptable
https://www.change.org/,https://change.org,2026-01-28 13:27:34,-0.2680038364943436,0.015597954861083207,1.3531707317073194,-0.10585861865071199,0.9614712768937606,0.16816043760943405,0.8470588235294118,0.17647058823529413,0.5350988614674655,1.1236418632236087,0.4705689203420755,80.46166567195297,Good
https://secure.avaaz.org/page/en/,https://avaaz.org,2026-01-28 13:27:56,0.241456791440072,0.2678836787798355,0.1772357723577226,5.516295540236334,0.02840182636274104,-0.48216542316094724,-0.08235294117647059,0.36134453781512604,-0.1159653606210827,0.18748495967570322,-0.26719221133195675,90.416167012013,Excellent
https://www.care2.com/,https://care2.com,2026-01-28 13:28:18,-0.1802638519876957,0.63817567427009,-0.2221138211382119,0.40421138432911685,-0.39076128216926936,-0.19481143466090273,0.7411764705882353,0.42857142857142855,0.9083472104341106,-0.2467524318746928,-0.2839142488364116,86.01765568692629,Good
https://front.moveon.org/,https://moveon.org,2026-01-28 13:28:48,1.3601476256603628,1.3449020310934987,0.0061788617886175965,0.3344194517291708,0.4085625231522606,0.4904009086593028,-0.07058823529411765,0.20168067226890757,0.5895304503777667,1.0319625372417052,0.1468811024158058,73.29372338366888,Unacceptable
https://www.greenpeace.org/global/,https://greenpeace.org,2026-01-28 13:29:33,-0.3545005463980984,-0.3072206397293588,-0.1746341463414639,0.08241649312071173,-0.25671977683606734,-0.5592062874055495,-0.10588235294117647,-0.5378151260504201,-0.4881211081978572,-0.26719501227386555,-0.5542858897130372,91.59542718391175,Excellent
https://www.redcross.org/,https://redcross.org,2026-01-28 13:31:36,-0.004406948940350757,1.1542279232126051,0.7547679389588667,1.810813879768866,0.7950391835769445,-0.08833851025964315,0.5705882352941176,1.2100840336134453,0.33811413742289115,0.8040188948543999,0.4786256108255437,84.3878806271172,Good
https://www.doctorswithoutborders.org/,https://doctorswithoutborders.org,2026-01-28 13:32:29,0.6458936978420002,0.8957383354841337,0.048455284552846464,-0.11338213059340843,0.41255121914515586,0.02748728968882609,-0.01764705882352941,0.8319327731092437,0.007873930061328447,0.16071155969575238,1.446117211765758,82.61494162783656,Good
https://www.savethechildren.org/,https://savethechildren.org,2026-01-28 13:32:55,0.97347648727959,1.5603635475579645,0.16617886178861724,0.24496548275779373,0.1866155393914143,-0.08951445657181958,-0.08235294117647059,0.058823529411764705,0.02956799469112349,0.15954655811268764,-0.05681595214037549,84.4058807711166,Good
https://www.amnesty.org/en/,https://amnesty.org,2026-01-28 13:33:13,0.3582312193994018,0.5358428156231757,-0.20325203252032586,1.5871443855119411,-0.1884555252150552,-0.3264980004636431,-0.06470588235294118,-0.3277310924369748,0.08334528209258216,-0.26383751906109326,-0.4631369036734291,88.03337453624042,Excellent
https://www.hrw.org/,https://hrw.org,2026-01-28 13:33:39,-0.06279356168242164,-0.4369971259167808,0.2695934959349596,-0.14354319237352134,-0.03222338409946689,-0.5757070117610232,-0.0058823529411764705,-0.31092436974789917,-0.14480472624702442,0.09097157429793717,-0.11651234464909481,91.84800284269602,Excellent
https://www.aclu.org/,https://aclu.org,2026-01-28 13:34:07,0.6988889258999362,0.29682033960099535,0.09528455284552767,-0.14354319237352134,0.48994009996613624,0.005756538523495591,-0.052941176470588235,0.25210084033613445,0.3570089414133912,0.20923822695702174,0.05486718340182932,82.94757301256965,Good
https://www.eff.org/,https://eff.org,2026-01-28 13:34:26,0.11456107851056048,1.039106529466115,-0.3326829268292689,-0.1316558509917034,-0.39260966161298866,-0.33552953967739113,-0.08235294117647059,-0.3949579831932773,-0.11330626833849372,-0.4547117053810511,-0.3977490386296685,88.1716197985456,Excellent
https://www.wikimedia.org/,https://wikimedia.org,2026-01-28 13:35:00,-0.6751875255181474,-0.838605660708418,-0.3326829268292689,-0.14172671852094004,-0.7224841867096501,-0.690053621500177,-0.09411764705882353,-0.6050420168067226,-0.6624749392598084,-0.48311408817710777,-0.6942181633255071,93.59829996071518,Excellent
https://archive.ph/,https://archive.today,2026-01-28 13:35:54,-0.10799169745966272,0.7504004746049526,0.16552845528455273,0.32669158269554305,-0.27572338180148287,0.042884389744442995,3.7470588235294118,0.2605042016806723,0.3363272646412111,0.12097120647862042,1.4272862327497258,82.37925908408054,Good
https://perma.cc/,https://perma.cc,2026-01-28 13:36:17,-0.7413730300992889,-0.9921722620173915,-0.19024991901982988,-0.1180243944057283,-0.5703586414146516,-0.5303556440261669,-0.1,-0.5294117647058824,-0.3767650142519325,-0.35588322193376204,-0.2487776815258058,91.1538120098797,Excellent
https://bitly.com/,https://bit.ly,2026-01-28 13:36:47,1.8594914569386982,2.361834557838282,0.09162257978938786,3.0170548535763997,0.34040567231942054,-0.0626765626206757,2.3117647058823527,0.3025210084033613,0.38186418575975734,0.07026502944598043,0.18271175174287985,83.99507463927283,Good
https://t.co/,https://t.co,2026-01-28 13:37:24,-0.8710063392219869,-1.3541624759297495,-0.3326829268292689,-0.14354319237352134,-0.8041429787241673,-1.0016784699435721,-0.1,-0.7647058823529411,-0.7265428289273268,-0.4858758583352292,-0.8660568533257874,98.36832397260216,Excellent
https://goo.gl/,https://goo.gl,2026-01-28 13:37:34,-0.8532046288852742,-1.2944664236409638,-0.3326829268292689,-0.14354319237352134,-0.796719452177393,-0.8610431250959089,-0.10588235294117647,-0.7647058823529411,-0.7255118249598368,-0.4858758583352292,-0.8465958614024995,96.21562666622798,Excellent
https://www.hootsuite.com/pages/owly,https://ow.ly,2026-01-28 13:38:23,0.5959770704007804,0.7214566196798392,4.4318844477985415,3.2521456597934417,1.3342498779174197,1.39996442456367,0.01764705882352941,0.773109243697479,0.31989088221950024,2.5160692567717664,1.012977998934851,52.40976708394399,Unacceptable
https://buffer.com/,https://buff.ly,2026-01-28 13:38:43,-0.09725913129845168,-0.09346460261531453,0.0027527968713270037,0.32899541376449243,-0.12358606284411226,-0.5849638281895879,-0.0058823529411764705,-0.2184873949579832,-0.37252081496675005,-0.08784871615431107,-0.3431621575806437,91.98969641064622,Excellent
https://is.gd/,https://is.gd,2026-01-28 13:38:56,-0.59105788404141,-1.3483494931432425,-0.2585365853658542,-0.04422890922231953,-0.6874011180010681,-0.9018034757057458,-0.1,-0.6386554621848739,-0.6375274356630323,-0.3010555452849276,-0.7430388245454096,96.83954305836758,Excellent
https://tiny.cc/,https://tiny.cc,2026-01-28 13:39:11,-0.5658361547449493,-0.3308082619276516,-0.3307317073170738,3.2136748622587046,-0.19517082971546662,-0.7306753563969787,-0.10588235294117647,1.0336134453781514,-0.5878900425781916,-0.4241860675330682,-0.5842275200849983,94.22009456993887,Excellent
https://short.link/,https://short.link,2026-01-28 13:39:21,-0.8499679542785992,-1.3530770931608624,-0.3326829268292689,-0.14354319237352134,-0.7953697200779795,-0.8659256635628565,-0.10588235294117647,-0.7226890756302521,-0.7228697061891927,-0.4858758583352292,-0.8641774927888883,96.2903634076741,Excellent
https://www.rebrandly.com/,https://rebrand.ly,2026-01-28 13:40:12,1.5926704406085244,1.498704491609907,0.7264341276982457,-0.14354319237352134,1.052647664282332,1.6664046114415818,-0.07058823529411765,0.8991596638655462,0.41994261721014187,3.9160968071600193,1.2865851298267064,47.940105373563036,Unacceptable
https://short.io/,https://short.io,2026-01-28 13:41:17,1.648747526519317,-0.8190681438644152,0.3762601626016261,0.38999152288616257,0.25688255465226445,-0.6103941381185974,-0.047058823529411764,0.05042016806722689,0.3275982254740794,0.15236518640626437,0.023510693534759607,92.37895673310454,Excellent
https://zap.link/invitation,https://zap.link,2026-01-28 13:41:55,-0.5425526051300623,-0.25272947236256393,-0.3326829268292689,0.20837344817440168,-0.6671738354059524,-0.5443376524734126,-0.1,-0.6890756302521008,-0.6498775819671766,-0.4858758583352292,-0.7282068257627228,91.36783382605039,Excellent
https://vo.la/,https://vo.la,2026-01-28 13:42:32,-0.09388076615931161,-0.1439606886207295,-0.3326829268292689,0.08488314295452694,-0.47845262313568776,-0.5450068542892917,0.28823529411764703,-0.5966386554621849,-0.4744344347112152,-0.45210908318991055,-0.5764698187778551,91.37807726057265,Excellent
https://clicky.me/,https://clicky.me,2026-01-28 13:42:46,-0.6905425072893648,-1.1232954285748376,-0.3326829268292689,0.5370146567410408,-0.7288873981229257,-0.6223274128744425,-0.10588235294117647,-0.6722689075630253,-0.7031659227180944,-0.4858758583352292,-0.6822265617179064,92.5616186979965,Excellent
https://www.afternic.com/forsale/x.co,https://x.co,2026-01-28 13:43:59,-0.3883700658489996,0.2643044953207758,0.3307317073170735,0.0026085169144406083,-0.05719681011313606,0.10268628057011812,1.1529411764705881,-0.04201680672268908,0.07553336010311683,0.5790163645940474,1.4385837523408584,81.46387490781987,Good
https://yourls.org/,https://yourls.org,2026-01-28 13:44:13,-0.5651405888911963,-1.2836125959520934,-0.24162601626016314,-0.14354319237352134,-0.6765932953295908,-0.9255117546769382,-0.09411764705882353,-0.47058823529411764,-0.6466767061339603,-0.3722783473902013,-0.7255799922850115,97.20244434989807,Excellent
https://winna.com/polr,https://polr.me,2026-01-28 13:44:42,1.424934195863961,1.9753528285472823,0.1811382113821143,4.4779154643249175,0.8900290874505785,-0.013800279976611091,-0.10588235294117647,1.0924369747899159,0.9186739498546335,0.5809160431968999,0.1356423128414516,83.2469281323799,Good
https://kutt.it/,https://kutt.it,2026-01-28 13:44:56,-0.7151511806011613,-1.1967819744411325,-0.3326829268292689,-0.14354319237352134,-0.73914950980521,-0.7241068367868367,-0.1,-0.6974789915966386,-0.6918079055637598,-0.4849310675342702,-0.7023442620106221,94.11955061004788,Excellent
https://discord.com/,https://discord.gg,2026-01-28 13:45:43,0.41299327368630107,0.9544828781526287,1.1469934927877805,-0.12761343435137298,0.3125227692576778,-0.1486250481159494,-0.08235294117647059,0.23529411764705882,2.7935097670583966,0.4993082352341556,0.5666886014380845,85.31068326819205,Good
https://invite.gg/,https://invite.gg,2026-01-28 13:45:54,-0.8499679542785992,-1.3465647965475402,-0.3326829268292689,-0.12989290386165123,-0.7953697200779795,-0.9634103622727707,-0.1,-0.7226890756302521,-0.7229575851784557,-0.4858758583352292,-0.835955050180795,97.78255620282704,Excellent
https://discord.com/,https://discordapp.com,2026-01-28 13:46:24,0.4531197084518127,0.9544549432276637,0.4380482785431905,-0.08073370045018669,0.22196499817977156,-0.2459714426019936,-0.08823529411764706,0.23529411764705882,2.793357005450893,0.19602846488803824,0.15920372775433778,86.80075904837618,Good
https://www.guilded.gg/,https://guilded.gg,2026-01-28 13:46:47,2.8754445180043633,-0.6367244656954336,3.550243902439028,-0.14354319237352134,0.7581719263469684,-0.7825366825463984,-0.1,-0.5378151260504201,0.40778958265761533,0.9085122766308995,-0.18508764787617582,95.01393296972222,Excellent
https://teamspeak.com/en/,https://teamspeak.com,2026-01-28 13:47:10,-0.08514013630071883,0.019787902029340627,0.005934500294984551,-0.023109019687131395,0.149321989534242,0.015839561528661325,-0.08235294117647059,-0.12605042016806722,0.17008184449511707,0.10365100341350866,-0.20646537398340337,82.79323274706356,Good
https://www.mumble.info/,https://mumble.info,2026-01-28 13:47:24,-0.6460574540580721,-0.7734826945751972,-0.3326829268292689,-0.14354319237352134,-0.7103365978149284,-0.1355773838396349,-0.09411764705882353,-0.7058823529411765,-0.6928534191462994,-0.4858758583352292,-0.6538332681519132,85.11096340564596,Good
https://www.fandom.com/,https://curse.com,2026-01-28 13:51:02,-0.023561359005126008,-0.002666051291801076,-0.15967479674796764,2.413389776748201,0.22891463232517054,-0.34391767784929556,-0.08823529411764706,1.638655462184874,0.6015011565600468,0.24959545884979223,-0.0051762501151242195,88.30001655732423,Excellent
https://dlive.tv/,https://dlive.tv,2026-01-28 13:54:18,4.4084910373004975,0.3953691689656242,0.4757723577235804,0.368373680264262,1.4305726631224311,1.2651069086664268,-0.1,3.7563025210084033,1.9418315007986107,0.4547684409100644,0.418939896501693,55.50615168979222,Unacceptable
https://trovo.live/,https://trovo.live,2026-01-28 13:55:02,2.204351388890863,-0.21727403891373365,1.4091056910569164,0.4095267794965646,0.5767147369080745,0.9074749661912712,-0.08823529411764706,2.0588235294117645,0.7249842772579373,1.2936868982517962,0.8853630115684783,63.717529705115076,Unacceptable
https://forsale.godaddy.com/forsale/obs.live?utm_source=TDFS_BINNS2&utm_medium=parkedpages&utm_campaign=x_corp_tdfs-binns2_base&traffic_type=TDFS_BINNS2&traffic_id=binns2&,https://obs.live,2026-01-28 13:56:45,-0.4213522015232489,-0.02386358735605415,0.18699186991869857,-0.14354319237352134,0.020220496515878348,0.06320870504380478,-0.023529411764705882,0.008403361344537815,-0.2964567588490344,0.07799692810766999,1.4110660699341022,82.06815593397111,Good
https://www.xsplit.com/,https://xsplit.com,2026-01-28 13:57:21,0.15495408672383865,0.43428116123612676,-0.056910569105691707,-0.0890885327326185,-0.03885326854819661,0.7227413487128673,0.29411764705882354,1.9411764705882353,0.17527875057978573,0.3453698399216661,0.3451910127057053,67.95909032957917,Unacceptable
https://nightbot.tv/,https://nightbot.tv,2026-01-28 13:58:01,-0.14321658640187013,0.2358926726956426,0.08461834471544684,-0.14354319237352134,-0.45585681009157863,-0.38781618867146567,-0.10588235294117647,-0.6134453781512605,-0.1725093304695551,-0.016693708198115925,-0.5338852175212997,88.97196859116812,Excellent
https://moo.bot/,https://moobot.tv,2026-01-28 13:58:14,0.12198993082073231,0.14593094141477905,-0.2949593495934965,-0.14354319237352134,-0.3900516340117673,-0.7110985033685817,-0.1,-0.5546218487394958,-0.270239800818575,-0.40687451904017785,-0.7143892545425665,93.92043278273194,Excellent
http://ww12.phantombot.tv/?usid=104&utid=661578eabe5c0160f22241c7fdb798a8,https://phantombot.tv,2026-01-28 13:59:07,-0.5421644148558619,-0.40187306559355124,-0.3326829268292689,2.1336981908294037,-0.667011955409524,-0.6122870010782455,-0.10588235294117647,-0.6722689075630253,-0.7117454854735825,-0.4236523689126791,-0.21312856134150046,92.40793067986723,Excellent
https://www.boldcontenthub.com/essential-features-for-forum-and-chat-providers-in-live-streaming/?cmp=cid-98137&dark=true&ra=organic&rp=botisimo.com,https://botisimo.com,2026-01-28 13:59:31,0.05951476697914197,0.6402490107779216,-0.3248780487804884,0.18999124408149465,-0.4116292874203657,-0.4621724024019515,-0.08823529411764706,-0.2773109243697479,-0.5303517534493358,-0.26766332079301736,-0.17173991679024447,90.11013496878239,Excellent
https://deepbot.tv/,https://deepbot.tv,2026-01-28 14:03:58,0.12099475037036107,0.10872298104250025,-0.16487804878048828,0.7483535528493205,-0.3904666361858521,-0.379482697113454,-0.1,-0.5126050420168067,-0.21918703585058957,-0.2586846829217158,-0.3133967172590168,88.84440830503196,Excellent
http://ww1.streamhub.gg/?usid=106&utid=076d3e8ccf6930a8fde1725d396104c1,https://streamhub.gg,2026-01-28 14:06:24,-0.6239628321435897,-1.1806127722680717,-0.3326829268292689,-0.14354319237352134,-0.7011228756938107,-0.7227213430490256,-0.08235294117647059,-0.7226890756302521,-0.7194500910649448,-0.4858758583352292,-0.605562533452751,94.09834293540098,Excellent
https://www.pretzel.rocks/,https://pretzel.rocks,2026-01-28 14:09:36,1.6853869691920744,3.176349513225966,1.8904065040650424,0.5087193802943099,0.5948145282657321,0.7070116981090866,-0.10588235294117647,0.14285714285714285,1.319911072485725,0.9838964855465003,0.2001438885411062,68.32024964399238,Unacceptable
https://www.monstercat.com/,https://monstercat.com,2026-01-28 14:10:03,1.5064652606163267,0.899353276946094,0.5206504065040665,-0.10891554484542833,0.3601437998147901,-0.012842165787664008,0.9823529411764705,0.44537815126050423,1.8995649921589903,0.6270420282855454,-0.01124145912057135,83.2322623324277,Good
https://www.epidemicsound.com/,https://epidemicsound.com,2026-01-28 14:10:29,0.3644349991936451,-0.6106646514907929,-0.2643902439024396,-0.14354319237352134,-0.21524138672716242,-0.543686097430609,0.18235294117647058,-0.14285714285714285,-0.03672397257381613,-0.062285513856811414,-0.07009961411709434,91.35786050969014,Excellent
https://splice.com/,https://splice.com,2026-01-28 14:28:23,0.2181384684382812,0.01885303225680261,0.2078048780487807,-0.12156647710780691,0.1749374036794754,-0.11533851087677721,2.5058823529411764,1.1008403361344539,0.4725566715107336,0.22178399101270685,0.2778223443687924,84.80116811657132,Good
https://www.loopmasters.com/,https://loopmasters.com,2026-01-28 14:29:00,0.6563927734227082,-0.43698772848964806,0.5999780352726275,0.07993112634236213,0.083387798564453,-0.05342534076450612,-0.0058823529411764705,0.7647058823529411,0.2513606015084114,0.22913028040092748,0.44991731080592257,83.85346670712732,Good
https://www.native-instruments.com/en/,https://native-instruments.com,2026-01-28 14:29:36,0.10292559568128329,0.37812458603690996,1.2647154471544728,0.7194294314157906,0.13458047251587127,0.25486819039002695,-0.058823529411764705,-0.21008403361344538,-0.20916362951450077,1.0410435875509707,0.39929737543563654,78.70165247216164,Good
https://www.ableton.com/,https://ableton.com,2026-01-28 14:29:58,-0.19421424710148202,0.13390880859045262,-0.32682926829268355,-0.14151646036756563,-0.3828900733461581,0.0881403265954624,1.3058823529411765,-0.4117647058823529,-0.45929762101857363,-0.37548342396994244,-0.32346090649780906,81.68652900643075,Good
https://www.steinberg.net/,https://steinberg.net,2026-01-28 14:30:37,2.7475385709084827,-0.5345916262970009,1.0175609756097574,-0.10098337667579475,0.7943177862618899,1.518384950642395,0.6882352941176471,0.10084033613445378,1.792028212166983,0.5909707328811872,0.3746254292964009,49.82821255267688,Unacceptable
https://www.avid.com/,https://avid.com,2026-01-28 14:33:34,1.0878537326754536,-0.43699501426117804,0.5138793988605331,0.8861615057314098,0.12207796845332877,0.061440536333902576,-0.058823529411764705,0.0,3.74659217393798,0.19643811463990568,-0.027119920020395368,82.09522119287274,Good
https://www.reaper.fm/,https://reaper.fm,2026-01-28 14:33:58,-0.4110747923057258,0.18816672472869497,-0.3326829268292689,1.261187819403085,-0.6123460118231583,0.4892667606801237,-0.10588235294117647,-0.5798319327731093,-0.4344566125209354,-0.4847743236151289,-0.30386109817122753,73.31976389257281,Unacceptable
https://lmms.io/,https://lmms.io,2026-01-28 14:34:16,0.6373388716507198,2.6617583101144344,0.5918992464557714,0.1390686524012303,-0.010804406809048142,0.0427826910989905,-0.10588235294117647,-0.4369747899159664,0.05869919521598828,0.13304481553861164,-0.4988981447988563,82.38081577952126,Good
https://www.bandlab.com/,https://bandlab.com,2026-01-28 14:35:29,1.2523734419555053,1.754026002953156,0.5507693938848977,-0.14127559054096914,0.3453219393047084,0.10717812653125212,-0.10588235294117647,0.6470588235294118,0.5241345202837232,0.753132895043353,0.0740718988882674,81.3951184745658,Good
https://www.soundtrap.com/musicmakers,https://soundtrap.com,2026-01-28 14:35:57,0.03848512632609665,-0.19436636634081372,0.2936585365853667,-0.14354319237352134,0.3317858741779356,-0.4152671530779317,0.1411764705882353,0.3865546218487395,1.751707087009302,0.22550305302055357,-0.04014196646783008,89.39215895795809,Excellent
https://www.cakewalk.com/,https://cakewalk.com,2026-01-28 14:36:16,-0.16280286828177165,-0.1276649017434158,-0.0725203252032524,0.14183111356994135,-0.06411825403397078,-0.5792463913016025,-0.047058823529411764,-0.13445378151260504,0.6640504644411427,-0.06004830693728799,-0.45686880915547573,91.90217992607072,Excellent
https://www.steinberg.net/cubase/,https://cubase.com,2026-01-28 15:05:03,1.5342228237512952,-0.6084849981410756,0.8592788261833801,0.3096403369866315,0.6927974951982171,1.879753914696656,0.10588235294117647,0.05042016806722689,0.7714832132309073,0.878752087615028,0.2390124814633383,45.21866722838755,Unacceptable
https://www.bitwig.com/,https://bitwig.com,2026-01-28 15:07:17,2.5432107349058795,1.0737854703350733,-0.1687804878048788,-0.04581758139357933,0.7690144837030686,0.9183068784420404,-0.09411764705882353,0.07563025210084033,0.9345625258666398,0.3485508760230112,0.30894391416875006,63.46882449857148,Unacceptable
https://renoise.com/,https://renoise.com,2026-01-28 15:07:40,1.8258257792626649,0.027952393338278814,0.01658536585365811,-0.11466466217088471,0.546891368977847,0.22716598789810874,-0.09411764705882353,-0.01680672268907563,0.5165528357708004,0.2433531082295122,-0.26912496279319964,79.33770655319205,Good
https://jeskola.net/,https://jeskola.net,2026-01-28 15:07:54,-0.7884711367517736,-1.077389869863561,-0.3326829268292689,-0.14199849919325996,-0.7697248101891229,-0.5898969250165045,-0.10588235294117647,-0.7310924369747899,-0.6985806105960845,-0.4858758583352292,-0.7284043721827945,92.06520704606216,Excellent
https://milkytracker.org/,https://milkytracker.org,2026-01-28 15:08:11,-0.7000627705023694,-0.8768822506951405,-0.03349593495935022,-0.14354319237352134,-0.31795002870249156,-0.4194149220957529,-0.09411764705882353,-0.46218487394957986,-0.39703850543847063,-0.1720019299696047,-0.5274462720454464,89.45564862481102,Excellent
https://schismtracker.org/,https://schismtracker.org,2026-01-28 15:08:22,-0.8713300066826544,-1.3552478586986365,-0.3326829268292689,-0.14354319237352134,-0.8042779519341087,-0.6705845223103765,-0.10588235294117647,-0.7563025210084033,-0.7262515415610471,-0.4858758583352292,-0.8415610972368861,93.30028755544954,Excellent
https://famitracker.com/,https://famitracker.com,2026-01-28 15:08:57,-0.7149090158437644,-1.2909097871147364,-0.3326829268292689,-0.10855258182530801,-0.7390485241992639,-0.5890452022549586,-0.09411764705882353,-0.680672268907563,-0.7151073359039535,-0.4858758583352292,-0.6491775795491403,92.05216977369976,Excellent
https://www.deflemask.com/,https://deflemask.com,2026-01-28 15:09:24,0.6221086223059837,0.6674190654485981,0.1843902439024389,3.2466088150282846,0.3931242503054395,0.581346895526802,-0.08823529411764706,0.47058823529411764,0.5991385532038496,0.1610957265405187,-0.036068238940403674,71.20556573204216,Unacceptable
https://littlesounddj.com/lsd/index.php,https://littlesounddj.com,2026-01-28 15:11:21,-0.6159678768841973,-0.8929133519487197,-0.3326829268292689,-0.14354319237352134,-0.6977888835387999,-0.31038243111653074,0.2,-0.7226890756302521,-0.7229994714256744,-0.4858758583352292,-0.6747945450492597,87.78669442348644,Good
https://nanoloop.com/,https://nanoloop.com,2026-01-28 15:11:35,-0.8713300066826544,-1.3552478586986365,-0.3326829268292689,-0.13641563886289318,-0.8042779519341087,-0.4702404752626161,-0.10588235294117647,-0.7563025210084033,-0.7252777547547906,-0.4858758583352292,-0.7064073113531796,90.23363250586026,Excellent
https://lgpt.org/,https://lgpt.org,2026-01-28 15:11:54,-0.37068999104074135,-0.1637906809838095,-0.3326829268292689,-0.14074593813010233,-0.5949651728829195,-0.4444031742153603,-0.1,-0.4957983193277311,-0.5506602867250505,-0.45883176256854113,-0.4242416152890251,89.83814239326692,Excellent
https://www.hugedomains.com/domain_profile.cfm?d=nitrotracker.com,https://nitrotracker.com,2026-01-28 15:12:36,0.05970309718128259,0.8727374179464368,0.42956755680338066,0.07960890029356837,-0.10463663592055583,-0.34959644629902564,-0.10588235294117647,-0.4369747899159664,-0.14240133170889524,0.28424740440964835,-0.5394699082076534,88.38694114629223,Excellent
https://www.korg.com/us/microgranny/,https://korg.com/microgranny,2026-01-28 15:12:47,-0.3747518392428513,-0.27722037695818236,-0.3326829268292689,-0.08392018371809586,-0.5971989051003063,-0.7555401469311703,-0.10588235294117647,-0.7058823529411765,-0.7192182109904722,-0.4858758583352292,-0.8182506196684157,94.6006985188572,Excellent
https://www.elektron.se/,https://elektron.se,2026-01-28 20:41:58,0.1770592861549697,0.18604096284790547,1.1925203252032532,-0.1201188803956752,0.28267908717323886,0.8240386885967527,1.7823529411764707,0.3445378151260504,-0.17113885626316774,-0.05753367289707649,0.32422973580835857,65.63326131112954,Unacceptable
https://www.arturia.com/,https://arturia.com,2026-01-28 20:42:53,-0.1900366926510539,-0.07638004907299895,-0.11349593495934972,0.0969226173973842,0.07709742394567344,1.0957255523882738,3.135294117647059,0.025210084033613446,0.0780681624756579,0.036800202709314174,1.4472918121013199,59.39521801737456,Unacceptable
https://www.moog.com/,https://moog.com,2026-01-28 20:43:52,-0.1927362911209859,0.1728386974983729,-0.03883006027434376,0.01909680501533138,-0.0959564151345721,0.3929173119415969,0.9647058823529412,-0.04201680672268908,2.350368876163926,-0.031113187139978297,-0.014605087354226052,75.53198727419924,Unacceptable
https://www.timhealyphoto.com/,https://tc-electronic.com,2026-01-28 20:44:59,-0.12631674428626005,-0.17218064061179186,-0.3326829268292689,-0.14354319237352134,-0.4935984932479013,-0.6050808947746427,2.0823529411764707,-0.025210084033613446,-0.5277745172969326,-0.330775827106648,-0.45779781123905655,92.29762721635304,Excellent
https://eventide.com/,https://eventide.com,2026-01-28 20:45:16,1.5819205486791408,0.4363404832715897,-0.21300813008130132,0.2029182776594432,0.218756929498532,-0.11399998443215467,-0.10588235294117647,-0.6722689075630253,0.3301311114823687,-0.3651532304032225,-0.5612587444323276,84.78067936763719,Good
https://www.strymon.net/,https://strymon.net,2026-01-28 20:45:43,2.1003900259487946,-0.45001157677183035,0.09502149499458126,1.6213572121657998,0.5813578563061257,0.49768858218601164,-0.01764705882352941,0.4789915966386555,2.8983619944998975,0.0360616792129922,-0.07308950588034296,73.12639537105932,Unacceptable
https://www.walrusaudio.com/,https://walrusaudio.com,2026-01-28 20:46:32,0.9548299137209372,0.36168346988601097,0.7723577235772363,-0.11903539181010053,0.5659409605048774,0.07733065351498686,-0.06470588235294118,1.2521008403361344,0.36950993296078755,0.5644103315398334,0.01888703948659287,81.8519920637321,Good
https://jhstc.com/,https://jhs.com,2026-01-28 20:48:19,1.150944287567906,-0.08969155017637884,-0.3326829268292689,2.2608149728290647,0.03957455661921666,1.4804566923343045,0.18823529411764706,-0.16806722689075632,0.6004162206271836,-0.42207242867250033,1.401952239148628,50.56163116688679,Unacceptable
https://www.mxr.com/,https://mxr.com,2026-01-28 20:48:50,-0.5610224404530278,-0.7398743331761657,-0.3326829268292689,-0.13479902711246133,-0.6748759780788289,-0.7071202034078452,-0.10588235294117647,-0.7394957983193278,-0.7108267256979861,-0.4858758583352292,-0.8001671135931958,93.85953716919536,Excellent
https://catalinbread.com/,https://catalinbread.com,2026-01-28 20:50:22,3.0175345332373973,0.4030722268983252,3.4377235772357757,-0.025269557337015483,2.5516126953550384,0.7230165893131889,0.01764705882352941,0.8739495798319328,3.327059795560893,2.9900378661575164,2.3549962559614306,67.9527706910179,Unacceptable
https://cooperfx.com/,https://cooperfx.com,2026-01-28 20:50:36,-0.4212492104975039,-0.19327453916829587,-0.3326829268292689,-0.14276132487663573,-0.6165888661397394,-0.5728076606669453,-0.1,-0.6470588235294118,-0.6318016130448557,-0.4588548414278012,-0.7321684323490271,91.80362263872087,Excellent
https://www.red-panda.com/,https://red-panda.com,2026-01-28 20:51:47,0.2899441681661438,-0.040410857351962655,-0.24032520325203308,-0.08218356867657388,-0.3118316544663568,1.23345136130237,1.5235294117647058,-0.3949579831932773,-0.1383621833986597,-0.2370386361740432,0.16063460452674938,56.23297621192306,Unacceptable
https://www.meris.us/,https://meris.us,2026-01-28 20:52:06,-0.11121218933573784,0.11268413801179766,-0.3326829268292689,-0.07748811589263561,-0.48729971281997986,-0.2639054418627126,-0.06470588235294118,-0.23529411764705882,-0.31926368357650514,-0.44384204347912715,-0.43944201144968376,87.07527376544736,Good
https://www.pedalpcb.com/,https://pedalpcb.com,2026-01-28 20:53:37,-0.4803284498875422,-0.4500174762283614,0.08746518806709547,6.101034021728367,-0.019783403068905955,-0.3102968905056936,-0.08235294117647059,0.1092436974789916,-0.07809170637932336,0.1582829905681969,-0.33308729015698274,87.78538505817195,Good
https://madbeanpedals.com/,https://madbeanpedals.com,2026-01-28 20:54:14,-0.44764930066889264,-1.0567675972547077,-0.3326829268292689,-0.13240173951395584,-0.6275980201208804,-0.6094344859401675,-0.1,-0.5546218487394958,-0.20598876148184508,-0.4812898966764266,-0.5757650585765178,92.36426739123391,Excellent
https://buildyourownclone.com/password,https://buildyourownclone.com,2026-01-28 20:54:32,-0.3366344060512326,-0.6385051870568038,-0.3326829268292689,-0.14354319237352134,-0.5813034786586507,-0.5680524606143456,-0.052941176470588235,0.21008403361344538,-0.32819558358801015,-0.4382579211573266,-0.49667174325372304,91.73083505921453,Excellent
https://generalguitargadgets.com/,https://generalguitargadgets.com,2026-01-28 20:54:48,0.262101095325942,-0.5010131046433675,0.03475597720195828,-0.043002558447623906,-0.09573806980724668,-0.40643064186338784,0.8588235294117647,-0.47058823529411764,-0.12930571971078506,0.17929917678189672,-0.5506980195971388,89.2568989782574,Excellent
https://tonepad.com/,https://tonepad.com,2026-01-28 20:55:01,-0.8544992987279442,-1.2988079547165117,-0.3326829268292689,-0.14354319237352134,-0.7972593450171584,-0.7128022795560777,-0.09411764705882353,-0.773109243697479,-0.7266862824798931,-0.4848512531459958,-0.7748811718240075,93.94651238891814,Excellent
https://gaussmarkov.com/,https://gaussmarkov.com,2026-01-28 20:55:26,2.6170812138584454,-1.1576544615572621,-0.3326829268292689,-0.14045228843424812,0.6529442547656223,-0.5089708943525014,-0.08235294117647059,-0.44537815126050423,4.730085638896336,-0.4436006770760323,-0.12431275869571322,90.82647685050101,Excellent
https://www.sabrotone.com/,https://sabrotone.com,2026-01-28 20:55:47,0.13538504076073,0.46649115060264823,-0.3326829268292689,-0.0683659402827067,-0.3844657126392878,0.8199773916026633,1.5,-0.42016806722689076,-0.20033986720006383,-0.45366642538039725,-0.30726210005192267,65.7265103778101,Unacceptable
https://tagboardeffects.blogspot.com/,https://tagboardeffects.blogspot.com,2026-01-28 20:56:20,-0.4842008074996807,-0.6822503599777857,1.361626016260164,-0.14354319237352134,0.8999139719750947,-0.026276865712189543,0.06470588235294118,0.31092436974789917,0.5635779506140612,1.159332838259743,0.25729353395862997,83.43790652785239,Good
https://effectslayouts.blogspot.com/,https://effectslayouts.blogspot.com,2026-01-28 20:56:56,0.27125046891442367,-0.6288683781158695,1.5496979154201287,0.877483567671398,1.5843342491842578,0.47541908786031034,0.058823529411764705,0.31092436974789917,1.4370433620530174,1.6300540598237572,0.4686361688808328,73.63771221499901,Unacceptable
https://freestompboxes.org/,https://freestompboxes.org,2026-01-28 20:57:14,-0.5907409391987012,-1.3472776365045618,-0.21495934959349644,0.03749363938072968,-0.627465073232193,-0.8444948839509987,-0.10588235294117647,-0.6134453781512605,-0.6273676936987411,-0.1773850738920154,-0.5068160188790308,95.96232367062281,Excellent
https://diystompboxes.com/,https://diystompboxes.com,2026-01-28 20:58:14,-0.5810241099111432,-1.3407516470649434,0.9193495934959363,0.03749363938072968,0.2846330404047648,-0.8478640210581682,-0.10588235294117647,-0.6218487394957983,-0.6277364569340594,1.4074906765014663,1.7411768160589223,96.01389486265327,Excellent
http://www.muzique.com/,https://muzique.com,2026-01-28 20:58:44,-0.46503031210271534,-0.8180179011184634,-0.29560975609756157,4.668142724780135,-0.35979149342362393,-0.3310044521879109,-0.1,-0.1092436974789916,-0.5182250004636917,-0.3015195265179687,0.1348628053460333,88.10235453908852,Excellent
https://beavisaudio.com/,https://beavisaudio.com,2026-01-28 20:59:25,-0.03856231865054484,-0.9443534999020186,-0.3326829268292689,1.2952567460455544,-0.4557956444170027,0.017302671396443467,-0.10588235294117647,-0.6554621848739496,-0.3883048122438702,-0.4858758583352292,-0.3051157848933049,82.77083700668467,Good
https://runoffgroove.com/,https://runoffgroove.com,2026-01-28 20:59:37,-0.8499679542785992,-1.3400524999342183,-0.3326829268292689,-0.14354319237352134,-0.7953697200779795,-0.7984320723995296,-0.10588235294117647,-0.7563025210084033,-0.7235445401721621,-0.4858758583352292,-0.7631992375776003,95.25724280735704,Excellent
https://stinkfoot.se/,https://stinkfoot.se,2026-01-28 21:00:35,-0.24190771134004938,-0.22770064016475752,-0.3326829268292689,0.2786178387047309,-0.5413800850164598,0.1633228839819489,1.4941176470588236,-0.3949579831932773,-0.6059723081259114,-0.4495362711919809,-0.45686347006304134,80.5357138329939,Good
https://home-wrecker.com/,https://home-wrecker.com,2026-01-28 21:00:48,-0.8240745574251989,-1.3595893897741844,-0.3326829268292689,-0.14354319237352134,-0.7845718632826714,-0.7868022264407069,-0.10588235294117647,-0.7647058823529411,-0.7185053234887877,-0.4858758583352292,-0.759024067293921,95.07922540997929,Excellent
https://ampgarage.com/forum/,https://ampgarage.com,2026-01-28 21:01:03,-0.4791847142701901,-0.11186757305835413,-0.3287804878048787,-0.14347639585388844,-0.5439089061328661,-0.3416174475909515,-0.10588235294117647,-0.5210084033613446,-0.6321690074485656,-0.4553843579665685,-0.6665990381624979,88.26480706225355,Excellent
https://aikenamps.com/,https://aikenamps.com,2026-01-28 21:01:39,0.017460840310309506,-0.5281861888067322,-0.3326829268292689,3.116232539538427,-0.4309420532363323,-0.16630005443637844,-0.1,-0.47058823529411764,-0.2724477262030165,-0.4375174744227326,-0.5800149761542784,85.5812335949065,Good
https://ax84.com/,https://ax84.com,2026-01-28 21:01:51,-0.6952549080795326,-1.149025132610104,-0.3326829268292689,0.07398115367731181,-0.7308525257260138,-0.6283083414435268,-0.10588235294117647,-0.7647058823529411,-0.7224571403424036,-0.4858758583352292,-0.7444430058556497,92.65316843490103,Excellent
https://ejjurich.com/?i=1,https://diytubeamps.com,2026-01-28 21:02:17,-0.6479994588220771,-0.6931643696775582,-0.3326829268292689,-0.14354319237352134,-0.7111464370745766,-0.4850389367453981,-0.1,-0.7394957983193278,-0.6761068594821121,-0.4858758583352292,-0.07997693512068355,90.46015172268285,Excellent
https://el34world.com/,https://el34world.com,2026-01-28 21:02:34,-0.5261472653546959,-1.3243433072834396,-0.3105691056910575,0.20683926819296974,-0.6603326121174167,-0.28484625147151943,-0.1,-0.5546218487394958,-0.6198591047937099,-0.2821222261194503,-0.5658717202956256,87.39581355924531,Good
https://triodeelectronics.com/,https://triodeelectronics.com,2026-01-28 21:03:08,-0.6802703475870612,-0.9120902422109223,-0.3326829268292689,-0.14354319237352134,-0.7246037844251176,-0.6584288512398302,-0.10588235294117647,-0.47058823529411764,-0.7003606392197221,-0.48352854602465317,-0.6619593668370282,93.11422138268848,Excellent
https://www.tedweber.com/,https://webervst.com,2026-01-28 21:03:48,0.512684418266915,0.5854294302392712,0.25918699186991984,0.7493486206653958,0.24596236554990353,1.4533598894001567,0.8058823529411765,0.44537815126050423,0.11464909214639024,0.3696949575817772,0.6759317717377811,51.183785022493396,Unacceptable
https://generalinteresttopics.com/?d=classictone.net&pkAId=2143526812,https://classictone.net,2026-01-28 21:04:10,-0.6740343598526066,-1.0242221127301108,-0.3326829268292689,-0.14354319237352134,-0.722003302807539,0.39537410614397434,-0.10588235294117647,-0.7563025210084033,-0.7267607469193932,-0.4858758583352292,-0.20983434130949258,75.47557825837711,Unacceptable
https://www.amplifiedparts.com/,https://tubesandmore.com,2026-01-28 21:04:25,-0.43192721593164435,-0.3497902761490111,-0.32617886178861855,0.03749363938072968,-0.5859559672239211,-0.5048119600093031,-0.1,-0.31932773109243695,-0.6248361765220604,-0.2974071622835651,-0.6419057356535249,90.76281627664109,Excellent
https://angelainstruments.com/,https://angela.com,2026-01-28 21:04:51,-0.3191513224756839,-0.6714546856946152,-0.3326829268292689,-0.11880586794321842,-0.5734729279272711,-0.46752782011086147,-0.052941176470588235,-0.03361344537815126,-0.30234437736333053,-0.4129221417854514,-0.057168332241044,90.19211004616402,Excellent
https://www.amplifiedparts.com/,https://antique-electronic-supply.com,2026-01-28 21:05:26,-0.31741774717815535,-0.10774992507567244,-0.20130081300813057,0.03749363938072968,-0.31180513288431855,1.035215550790586,-0.1,-0.5882352941176471,-0.6272945980908495,0.16341226703874942,0.4080695043053106,60.78455279935065,Unacceptable
https://justradios.com/,https://justradios.com,2026-01-28 21:05:40,-0.8583833082559542,-1.3118325479431558,-0.3326829268292689,-0.11693610235655556,-0.7988790235364546,-0.8230527537951534,-0.09411764705882353,-0.5378151260504201,-0.6302896016501539,-0.48460027055154253,-0.6879927815470287,95.63411019143369,Excellent
https://www.jameco.com/,https://jameco.com,2026-01-28 21:07:00,-0.26538168610683815,0.17994679519224108,0.17612212881173794,1.0813655124332138,0.09102235342547164,-0.538179700583954,-0.03529411764705882,0.2184873949579832,-0.13856394917774628,0.09259478739923198,-0.19136108148656356,91.27357440314657,Excellent
https://allelectronics.com/,https://allelectronics.com,2026-01-28 21:07:19,-0.47223388341159167,-0.8487986802330205,-0.2312195121951225,0.08610994832658742,-0.5965130656202914,0.02362942566960812,-0.1,-0.6386554621848739,-0.4258053229891641,-0.4278983982069636,-0.42755719169077044,82.67399373519636,Good
https://www.surplussales.com/,https://surplussales.com,2026-01-28 21:07:38,-0.18501351354948892,0.47861247348789254,-0.30601626016260225,-0.11211944558690637,-0.498437147408488,-0.4326970068561775,0.01764705882352941,-0.16806722689075632,0.2881263234462854,-0.397858858832146,-0.426233096767046,89.65895674851043,Excellent
https://electronicplus.com/,https://electronicplus.com,2026-01-28 21:08:14,-0.5862912314199674,-1.294586135933458,-0.3326829268292689,0.1152222414565905,-0.6854133667341826,-0.37591034182331123,-0.1,-0.47058823529411764,-0.7040115868857992,-0.48487433200525587,-0.5939713637777282,88.78972646371511,Excellent
https://partsconnexion.com/,https://partsconnexion.com,2026-01-28 21:09:01,2.9094478215801316,-0.22947561283343137,-0.13105691056910612,0.9091028211186053,0.7890884612140258,0.9547333149472104,0.8647058823529412,-0.04201680672268908,1.1180990268907653,-0.1053424914734431,-0.0013160862850729095,62.63245837918916,Unacceptable
https://www.mouser.de/,https://mouser.de,2026-01-28 21:09:29,0.212964001972036,-0.035406284444163605,0.28130081300812954,1.6167548322236807,0.11397701529554623,0.5204571803599028,-0.052941176470588235,0.5882352941176471,-0.01855109037361643,0.21841255432246479,0.0651182408758246,72.60361889535957,Unacceptable
https://www.mouser.fr/,https://mouser.fr,2026-01-28 21:09:59,1.0497832280391972,0.29402295262182676,0.9648780487804891,1.6169145261491191,0.24852206899101492,0.32875666959127553,-0.047058823529411764,0.5210084033613446,0.008294982664089887,0.6736420916081647,0.18311218367545778,77.00514228490138,Good
https://www.mouser.it/,https://mouser.it,2026-01-28 21:10:34,0.2385475243857111,-0.1055216872034501,0.953821138211381,1.6162552393009797,0.18155005874860736,0.5519010832948666,0.9352941176470588,0.5714285714285714,-0.06887016159946878,0.7149066111555953,0.4177119052417873,71.88165381727083,Unacceptable
https://www.mouser.es/,https://mouser.es,2026-01-28 21:11:07,0.0423959306096178,0.2714428649467151,0.7105691056910577,1.6164896524025405,0.18851392171391143,0.5748194201944812,0.9882352941176471,0.5798319327731093,0.015505713811120812,0.5719744276623189,0.2703262585909333,71.35543927820368,Unacceptable
https://www.mouser.co.uk/,https://mouser.co.uk,2026-01-28 21:11:40,-0.0627978381401933,-0.018032027239410456,1.134634146341463,1.6299368217372445,0.21362812097407502,0.3711277786248067,-0.058823529411764705,0.5966386554621849,-0.007769898859085698,0.7750780053422716,0.33683533304591207,76.03228401392366,Unacceptable
https://www.mouser.se/,https://mouser.se,2026-01-28 21:12:10,0.8033404097255659,0.2657991744264169,0.8367479674796747,1.2125933675119578,0.13920949586074566,0.34194805865270345,-0.058823529411764705,0.6218487394957983,-0.004015467523409245,0.5288895630907496,0.150308799758673,76.70226251029035,Unacceptable
https://www.mouser.dk/,https://mouser.dk,2026-01-28 21:12:42,-0.05599673708838982,-0.1684774236017644,1.1164227642276425,1.503663279743951,0.32370112126828066,0.41054361285645175,-0.07058823529411765,0.5798319327731093,0.010223392634084413,0.7318373584706969,0.23543528953230872,75.12728008047937,Unacceptable
https://www.mouser.fi/,https://mouser.fi,2026-01-28 21:13:34,0.2601570679042773,0.4345830701409502,0.7131707317073169,1.616401747489454,0.1219805690562403,0.3379196529329988,-0.058823529411764705,0.5462184873949579,-0.027416738935272127,0.6489890618227332,0.2568076765471022,76.79475637964288,Good
https://www.mouser.at/,https://mouser.at,2026-01-28 21:14:01,0.5271459903190675,0.2825813619875442,0.281951219512196,1.626273268305842,0.05184745869343345,0.3051789119619253,-0.07058823529411765,0.6134453781512605,-0.004745054770716941,0.294896855529466,-0.02666075807103941,77.54649739794951,Good
https://www.mouser.ch/,https://mouser.ch,2026-01-28 21:14:42,-0.06344823764848967,-0.12223613624995108,1.3518699186991894,1.6167548322236807,0.28585716896030355,0.5924229878092614,0.9588235294117647,0.6050420168067226,-0.00024543150739637893,0.857723400352573,0.7543843959684513,70.95125405050048,Unacceptable
https://www.mouser.be/,https://mouser.be,2026-01-28 21:16:02,-0.09904763305548564,-0.10553228292886634,0.13756097560975564,1.5037197884067666,0.07582559252995288,0.37243420464781735,-0.052941176470588235,0.5462184873949579,-0.0338420345053703,0.26534485705651745,0.037392333864128026,76.00228792954219,Unacceptable
https://www.mouser.ie/,https://mouser.ie,2026-01-28 21:16:30,-0.18135328150549052,-0.0310311364818763,0.4907317073170722,1.6299368217372445,-0.037472779494991074,0.26488042030605474,0.9117647058823529,0.5546218487394958,-0.022989116214556415,0.34304608727991637,0.08973145699828203,78.4717675126476,Good
https://mauser.pt/,https://mouser.pt,2026-01-28 21:17:18,0.4761357116452024,0.3650838299872798,0.3866613379764676,0.11322198512200625,0.3485282341749687,1.010352353767096,3.523529411764706,0.6638655462184874,0.232469630246415,0.36761401377182773,1.0293423172462028,61.35542213506025,Unacceptable
https://www.mouser.pl/,https://mouser.pl,2026-01-28 21:17:52,0.816213904449162,0.40310287365166836,0.40357723577235816,1.6165629064967777,0.25895846286453567,0.45193158111539905,-0.052941176470588235,0.5630252100840336,0.005156251785897489,0.3295012009420989,0.29884769037535147,74.17699513023612,Unacceptable
https://mouser.cz/,https://mouser.cz,2026-01-28 21:18:05,-0.5521034107913155,-0.28475703507255756,-0.3326829268292689,-0.02093773201484667,-0.6711566358239087,-0.35370239317550395,-0.10588235294117647,-0.7142857142857143,-0.6950120665928364,-0.4858758583352292,-0.7047041408666148,88.44979064398206,Excellent
https://www.mouser.bg/,https://mouser.bg,2026-01-28 21:19:14,-0.1000168532165149,0.06879669815119267,0.4035751740060389,1.6299368217372445,0.1726196752048711,0.3850504624615551,-0.052941176470588235,0.5882352941176471,-0.04682321218101347,0.46244071918533447,0.025934641499964627,75.71261340737736,Unacceptable
https://www.mouser.sk/,https://mouser.sk,2026-01-28 21:20:37,0.30942584633836273,-0.16847624421129637,1.5704065040650366,1.503663279743951,1.2043572874796602,0.6910673737505353,-0.07058823529411765,1.504201680672269,0.3974056260758589,1.4323889191665267,0.7851375683904371,68.6863379570241,Unacceptable
https://www.mouser.lt/,https://mouser.lt,2026-01-28 21:21:07,1.1421397559054447,0.3130246875500297,0.2695934959349605,1.2871425040814901,0.16941671811570572,0.776862520775934,0.9352941176470588,0.4117647058823529,-0.174268826619066,0.19663380413404993,0.17741537204798244,66.71644572863431,Unacceptable
https://www.mouser.ee/,https://mouser.ee,2026-01-28 21:22:00,0.3553885147572427,0.11656376424700814,1.2691793376412737,1.6299368217372445,0.356380538232114,0.7107398982007138,0.9176470588235294,0.6134453781512605,0.01670398900116426,0.8753614185420812,0.29754495182136464,68.23464862061277,Unacceptable
https://forsale.dynadot.com/forsale/mouser.ng?drefid=2071,https://mouser.ng,2026-01-28 21:25:35,-0.44055242575512293,-0.8458170919248955,-0.2611382113821144,-0.10319799608102552,-0.6177144125626317,-0.7523166341086883,-0.10588235294117647,-0.6386554621848739,-0.633370020301826,-0.2998977558453809,-0.7082973500749474,94.55135638955439,Excellent
https://www.mouser.jp/,https://mouser.jp,2026-01-28 21:27:23,0.023951447534250516,-0.10552938569151545,0.041951219512195465,2.511679791602611,0.8380911437199203,0.43961115754533164,-0.06470588235294118,1.361344537815126,0.3526409997508042,0.3993474452544202,0.062010889079019936,74.45987717523059,Unacceptable
https://www.mouser.kr/,https://mouser.kr,2026-01-28 21:27:58,0.07184711921523104,0.0536057804081082,1.2256910569105701,1.2787595935028226,1.0411796789212957,0.5542391469138778,-0.06470588235294118,1.3109243697478992,0.33024445073954894,1.160884410735415,0.4483102439831765,71.82797090498201,Unacceptable
https://www.mouser.cn/,https://mouser.cn,2026-01-28 21:28:32,0.0025870835421939317,-0.1684809407648622,0.8146341463414646,0.2036703740242084,0.5998729094469268,0.25205095537778405,0.9705882352941176,1.3529411764705883,0.2921208478460853,0.900427463746353,0.35920079125349874,78.7663373587616,Good
https://www.mouser.tw/,https://mouser.tw,2026-01-28 21:29:05,0.19937150486785343,-0.12223230766693957,0.9954471544715461,1.8604354073905969,0.7659103747253877,0.5284690952488991,0.9705882352941176,1.3865546218487395,0.38467658718249353,1.0793492050174356,0.3504179841989559,72.41966200010907,Unacceptable
https://www.mouser.hk/,https://mouser.hk,2026-01-28 21:29:47,-0.032036497137644046,0.3244313356721147,1.9300813008130104,1.2174995937129203,0.8752594933256111,1.0804582867669874,0.9705882352941176,1.3697478991596639,0.38500620183381,1.5703221255821653,0.7644646024845464,59.74576078044287,Unacceptable
https://www.mouser.sg/,https://mouser.sg,2026-01-28 21:30:29,-0.06116482507401418,-0.10551927250526856,1.1912195121951217,1.503663279743951,0.8794046239899264,0.5493938932399741,-0.052941176470588235,1.403361344537815,0.4049131199156033,1.1265824945410046,0.8042888929525313,71.93921994280899,Unacceptable
https://www.mouser.ph/,https://mouser.ph,2026-01-28 21:32:08,-0.23667016769212804,-0.16847515210202826,1.4154686972270636,-0.05240488571036548,0.934662594396453,0.6737669446195571,-0.052941176470588235,1.4201680672268908,0.3893607289466341,1.4410252206254743,0.6669087055236914,69.08356299916818,Unacceptable
https://www.mouser.vn/,https://mouser.vn,2026-01-28 21:32:51,0.5457364374621813,-0.16847845043437915,2.4562601626016294,1.3280269710888557,1.2390049503249587,1.0090326053251055,0.9588235294117647,1.504201680672269,0.3937185412553185,1.836280495647344,0.8387260391542346,61.385724107717714,Unacceptable
https://www.mouser.in/,https://mouser.in,2026-01-28 21:33:31,-0.024261837932385153,0.0037047716085278934,1.7037352943149244,1.4940280130453267,0.8909104602621014,0.8159875841040092,0.9117647058823529,1.4201680672268908,0.4061116688719685,1.6272605562341524,0.6478481455329815,65.81811801596757,Unacceptable
https://www.mouser.pr/,https://mouser.pr,2026-01-28 21:42:53,0.8982963842297257,-0.0028453741080872105,1.3278048780487792,1.6686331166993338,0.8781744945735189,0.8166674589366807,-0.047058823529411764,1.453781512605042,0.38439077514264763,1.3402258987592912,0.525577589693416,65.80250780728338,Unacceptable
https://www.mouser.mx/,https://mouser.mx,2026-01-28 21:43:36,0.08804328822107388,-0.10551999723936652,2.237463021003058,1.5036325083517412,1.2456540264161085,0.7458301346627206,-0.047058823529411764,1.453781512605042,0.3826427771786478,1.8469684115325908,0.8291316900496669,67.4289622094874,Unacceptable
https://www.mouser.hn/,https://mouser.hn,2026-01-28 21:45:20,0.10291579686020985,-0.002847248378196517,2.6097560975609806,1.5036325083517412,0.8976161667105693,1.0588167359147276,0.9529411764705882,1.411764705882353,0.3792182342606095,1.9449799995239891,0.8967512957309951,60.24265978128668,Unacceptable
https://www.mouser.do/,https://mouser.do,2026-01-28 21:47:28,-0.22096856658267122,-0.255314525112553,3.5672455902716322,1.6298995256544724,1.2073734211677838,1.1581437943770387,0.9941176470588236,1.4201680672268908,0.3807425651397875,2.419314024181345,0.954920707803484,57.96206924303864,Unacceptable
https://domains.atom.com/lpd/name/mouser.ai,https://mouser.ai,2026-01-28 21:52:27,-0.45489062187883905,-0.5520315837627766,-0.19219553073858253,-0.06043748229824895,-0.3845062204238708,-0.4511682771195411,-0.01764705882352941,-0.23529411764705882,-0.5057407086619186,-0.30631367871967935,-0.3822977051245944,89.94169544257291,Excellent
https://www.mouser.ec/,https://mouser.ec,2026-01-28 21:58:03,0.14499690567034823,-0.013694478979837383,2.0933333333333337,1.6298995256544724,0.914517469298457,1.1697390369237606,0.9235294117647059,1.4369747899159664,0.38230358070607207,1.7772149634668761,1.4855250530238615,57.695837655693495,Unacceptable
https://www.mouser.pe/,https://mouser.pe,2026-01-28 21:58:43,-0.06668611444714091,-0.020210993245542336,2.0699186991869936,1.5036768639288152,1.0699030390783018,0.8967917733233745,0.9470588235294117,1.411764705882353,0.3813949502843782,1.6893417260246009,0.6380402327310393,63.962820252826695,Unacceptable
https://www.mouser.cl/,https://mouser.cl,2026-01-28 22:00:46,0.2633103600322053,0.09922155185346201,2.7534959349593526,1.5036325083517412,1.1762509224797812,1.3415016998355287,0.9882352941176471,1.3865546218487395,0.37507943500927826,2.098851081496971,0.8763292671695202,53.752095538237135,Unacceptable
https://pinduoduo.com/,https://pinduoduo.com,2026-01-28 22:04:38,-0.09777906903781508,0.544124055695209,-0.2721951219512201,-0.14354319237352134,-0.47467933375577775,-0.6366038424636645,-0.10588235294117647,-0.36134453781512604,-0.2287748799688673,-0.41363806723208146,-0.6209070851091377,92.78014720201267,Excellent
http://www.dangdang.com/,https://dangdang.com,2026-01-28 22:06:11,0.5553576171432254,-0.7821547111185687,-0.3125203252032526,5.025365891820243,-0.20111468783264472,2.4060682420162176,-0.06470588235294118,0.4369747899159664,-0.01274943448433136,-0.32988873345383896,0.6719808433363453,38.50511407931833,Unacceptable
https://www.suning.com/,https://suning.com,2026-01-28 22:07:10,2.0974020834664904,0.7091683742230448,-0.10894308943089527,-0.08183740262057479,0.6564820172172721,3.334528970891804,1.5823529411764705,0.5462184873949579,0.3379747903651502,-0.014388226319948053,1.7476905088288568,26.661867322432784,Unacceptable
https://gome.com.cn/,https://gome.com.cn,2026-01-28 22:07:26,-0.8525572939639392,-1.2922956581031897,-0.3326829268292689,-0.14354319237352134,-0.7964495057575103,-0.7020661788777073,-0.10588235294117647,-0.773109243697479,-0.7275360531424233,-0.4858758583352292,-0.6406617271163161,93.78217550023398,Excellent
https://www.mogu.com/,https://mogujie.com,2026-01-28 22:08:40,0.08306320370811232,1.3694644583903444,-0.3326829268292689,0.3289075295195349,-0.4062845457170893,2.3182533855970924,-0.10588235294117647,-0.5630252100840336,0.9389682472816202,-0.45041038298645597,-0.029367677935266134,39.62526163230281,Unacceptable
https://meilishuo.com/,https://meilishuo.com,2026-01-28 22:09:00,-0.3780178475716865,-0.18283526257417493,-0.3326829268292689,2.2878590381230377,-0.598560869713397,0.5653198187255986,-0.1,-0.5714285714285714,-0.5896990904319287,-0.4858758583352292,-0.344400827025418,71.57355407554545,Unacceptable
https://www.dianping.com/,https://dianping.com,2026-01-28 22:09:21,0.6191610975317722,-0.06376097771011789,-0.3274796747967486,3.9566268611638664,-0.1827252993753337,0.7992250540508952,-0.10588235294117647,-0.04201680672268908,-0.3646177287921615,-0.401889966249571,-0.2865624386838605,66.20299267175672,Unacceptable
https://www.meituan.com/,https://meituan.com,2026-01-28 22:09:41,-0.04479589154500943,0.4918628219979321,-0.28910569105691114,-0.13178406880737892,-0.4238257239552099,-0.49388433264617193,-0.06470588235294118,-0.42857142857142855,-0.3969596607378235,-0.3661172535868985,-0.4097780138843099,90.59554769977548,Excellent
https://www.ele.me/,https://ele.me,2026-01-28 22:10:02,-0.46437186934585306,-0.04460441315010018,-0.3079674796747974,-0.1227984409021627,-0.5703532380040109,0.5066809189676342,-0.10588235294117647,-0.5294117647058824,-0.6408148216539031,-0.42180221369533044,-0.2811859726024471,72.9199275817339,Unacceptable
https://weixin.qq.com/,https://weixin.qq.com,2026-01-28 22:10:38,-0.4670682860922246,-0.5227557129368763,-0.3326829268292689,-0.14354319237352134,-0.6346161840807294,-0.721391523573845,0.2411764705882353,-0.4117647058823529,-0.6503657073187525,-0.4432814195229347,-0.588995329628893,94.07798746355792,Excellent
https://mp.weixin.qq.com/,https://mp.weixin.qq.com,2026-01-28 22:10:57,1.0956218610080262,-0.413052755707581,0.045853658536585115,-0.14354319237352134,0.07049372573424997,-0.2048869566159066,-0.08823529411764706,-0.35294117647058826,0.02933474578504238,-0.1260293231331181,-0.45511224774456716,86.17188113427984,Good
https://www.qq.com/,https://qq.com,2026-01-28 22:11:37,0.2761994041426975,-0.1293785556746069,1.7187778749572942,4.415607677913111,0.5724652844344056,0.4098996749558076,-0.08823529411764706,0.8235294117647058,0.3408318156983221,1.1543141479898167,0.6687934051530251,75.14206516227041,Unacceptable
https://qzone.qq.com/,https://qzone.qq.com,2026-01-28 22:11:54,0.12509906255922768,-0.7131235401324291,-0.3040650406504071,-0.14354319237352134,-0.3887550888168633,-0.2754308318756107,-0.1,-0.47058823529411764,-0.30965886594628256,-0.3422041897264927,-0.4976434580767788,87.25169226154131,Good
https://y.qq.com/,https://music.qq.com,2026-01-28 22:14:08,-0.23442677066480397,-0.47200833160090916,-0.030893844044731267,-0.12287731074871787,-0.3367616223508974,0.10092383680243765,1.0941176470588236,-0.14285714285714285,-0.3019244198258559,-0.023161558505749295,-0.1319316435995627,81.49085253535321,Good
https://www.tencentgames.com/index.html,https://game.qq.com,2026-01-28 22:14:31,2.4765777947856127,-0.13454259690733797,-0.1778861788617891,1.1070708785847962,0.6366494498062846,0.14209210234411163,-0.1,-0.08403361344537816,1.6183765917201702,-0.21671337330944268,-0.2297811906443083,80.86069221231595,Good
https://news.qq.com/ch/house,https://house.qq.com,2026-01-28 22:18:41,1.2360371370377894,1.5861349881497606,3.3342881755375826,6.038005508771343,0.7558627677125034,0.574868350340007,-0.1,0.5378151260504201,1.5238092174519733,1.691613070423447,0.2325842141723539,71.35431582172919,Unacceptable
https://www.qq.com/,https://fashion.qq.com,2026-01-28 22:21:01,0.2678480552632994,-0.15046223601659672,1.4747967479674786,4.415609820951123,0.5485107951673188,0.00040200591064408833,-0.08235294117647059,0.8907563025210085,0.3259205854547543,1.1258122376132005,1.0312483732452737,83.02953454183574,Good
https://www.qq.com/,https://baby.qq.com,2026-01-28 22:21:45,-0.1799662823829573,-0.13199358799513902,2.4197727510166915,0.8750750879570814,0.7465254163240037,0.4020697449587176,-0.08235294117647059,0.8403361344537815,0.34071245358206464,1.600659286079524,0.8728535179947438,75.32184360877784,Unacceptable
https://news.qq.com/ch/edu,https://edu.qq.com,2026-01-28 22:22:18,1.050250453858359,1.5191439029693197,2.5323227836925537,5.668356685979414,0.6920547379745369,0.5839048450024942,-0.10588235294117647,0.6638655462184874,0.4973259532320886,1.4394072964294256,0.2704597359017926,71.14683414910905,Unacceptable
https://tianqi.qq.com/,https://weather.qq.com,2026-01-28 22:23:42,0.12306774650025848,-0.4136004611925965,-0.3326829268292689,-0.06551109357356248,-0.3873773644609597,-0.6778285355150825,-0.10588235294117647,-0.2689075630252101,-0.5682098030107589,-0.3980425280870905,-0.6363157058747368,93.41117125776492,Excellent
https://map.qq.com/,https://map.qq.com,2026-01-28 22:24:26,0.7232161068713775,0.8893547574161057,-0.07772357723577303,-0.13829076233999676,-0.13809594554795276,3.2033875316188003,-0.023529411764705882,0.1092436974789916,-0.5044293679810165,0.16696352650738924,0.8953631316980583,28.334679512609352,Unacceptable
https://soso.com/,https://soso.com,2026-01-28 22:24:42,-0.49677836051923946,-1.3585040070052974,-0.3326829268292689,-0.07769285021862651,-0.648085426842973,-0.3925305611704379,-0.10588235294117647,-0.7226890756302521,-0.7232239598094614,-0.4858758583352292,-0.5008682699071398,89.04413122560952,Excellent
https://paipai.com/,https://paipai.com,2026-01-28 22:25:05,-0.5199083144802327,-0.5816604312117785,-0.24608634528863677,3.697201150187614,-0.6466167240746117,-0.020114054162649758,-0.10588235294117647,-0.4369747899159664,0.4588037465742422,-0.4041964097468741,-0.2121728637957477,83.34357271840528,Good
https://pat.com/,https://pat.com,2026-01-28 22:25:34,0.30194945632131176,-1.3446826676248427,0.061463414634145515,1.1872435012590337,-0.24847891249133738,-0.1464207093429836,-0.10588235294117647,1.184873949579832,-0.13973895423044594,0.03472214375677099,0.06944290574766636,85.27694157868974,Good
https://work.weixin.qq.com/,https://rtx.tencent.com,2026-01-28 22:28:15,0.07484146252425757,-0.12528320466066123,-0.3326829268292689,-0.14354319237352134,-0.4097131103204117,-0.704160773366896,0.0,-0.31092436974789917,1.6371531286596996,-0.4076866064003913,-0.29511566476372514,93.81423734016266,Excellent
https://www-qqlive.com/,https://qqlive.com,2026-01-28 22:28:47,-0.3347352853065074,-0.11589475243754577,-0.3326829268292689,-0.14354319237352134,-0.5805115225489659,-0.5042907021083098,-0.10588235294117647,-0.453781512605042,-0.4679875116017034,-0.3853231917773857,-0.4789673127413437,90.75483741129533,Excellent
https://www.kugou.com/,https://kugou.com,2026-01-28 22:29:46,-0.4292000588944914,0.040555041085759864,-0.06211502092287401,-0.1435286052815396,-0.4800709826826647,0.6115793682058933,0.0,-0.14285714285714285,-0.5133530550028708,-0.29359193836213554,0.12618144104774343,70.51141559604534,Unacceptable
http://5sing.kugou.com/index.html,https://5sing.kugou.com,2026-01-28 22:30:32,0.24708722669729075,0.5301301964838703,0.13543284552845547,-0.13680101212567625,-0.19404922116500767,0.24623913619630222,0.11764705882352941,0.8991596638655462,0.9780817891943201,0.07886575099689261,0.9769764986498769,78.89977914230465,Good
https://changba.com/,https://changba.com,2026-01-28 22:31:00,-0.026364928261147332,-0.34907537783818166,-0.3326829268292689,0.4324857108888131,-0.4468563884982466,0.36605139832289263,-0.1,-0.44537815126050423,-0.37062963721650555,-0.4829337845891385,0.07752629169330646,76.14883981517582,Unacceptable
https://www.ximalaya.com/,https://ximalaya.com,2026-01-28 22:31:45,1.543321515201914,0.7327142316271744,1.4273170731707334,0.7076902620250758,0.2297653067475744,3.069230158266652,-0.09411764705882353,0.18487394957983194,-0.20734061957835742,0.6795978797259626,0.9615518606069745,30.045962313756263,Unacceptable
https://www.lizhi.fm/,https://lizhi.fm,2026-01-28 22:32:21,-0.3890654902880746,-0.17869293722511392,-0.3326829268292689,-0.14354319237352134,-0.6031678691214959,1.2010045209799536,2.288235294117647,-0.47058823529411764,-0.6222876858334346,-0.347543579978223,0.7380681294890089,56.977969149204355,Unacceptable
https://www.qtfm.cn/,https://qingting.fm,2026-01-28 22:33:15,0.6010493840607108,2.7561820698453703,-0.049756097560975404,0.29328565636767934,0.5624469548438721,2.313951733052812,3.711764705882353,0.9411764705882353,2.512700806741441,-0.1810219174637498,1.3950915053704593,39.68013259341066,Unacceptable
https://www.youku.com/ku/webhome,https://youku.com,2026-01-28 22:36:28,0.36387824698180987,1.3376030784510278,0.2611382113821138,1.5101747601443103,1.159960195719245,1.1793223304054574,2.3176470588235296,0.7226890756302521,1.9842499497467696,0.5736178347654602,1.4611307396912137,57.475801254958796,Unacceptable
https://tudou.com/,https://tudou.com,2026-01-28 22:36:57,0.24727006752187164,0.8784877536935528,0.35674796747967547,-0.14354319237352134,0.3942747380401499,0.11131097507516517,1.8470588235294119,0.15966386554621848,0.2604581301445397,0.19910997340882722,0.08976883064532266,81.33185719456702,Good
https://www.56.com/,https://56.com,2026-01-28 22:37:41,-0.24702420502101138,0.17732552190745562,-0.3326829268292689,0.3298481872103338,-0.5433950580972691,0.96477031468169,-0.052941176470588235,0.3697478991596639,-0.20360015032508724,-0.4258217816831255,0.9349151284518898,62.40200469435022,Unacceptable
https://www.sohu.com/,https://sohu.com,2026-01-28 22:38:34,0.8681171936708584,-0.24250396382442052,0.09658536585365715,0.0032229796481582987,0.3173934631402406,0.5480336761224062,-0.07647058823529412,2.319327731092437,-0.22380328356695067,0.2790512954091545,1.2842946591723605,71.97045109307471,Unacceptable
https://tv.sohu.com/,https://tv.sohu.com,2026-01-28 22:39:27,0.0066319450530103454,-0.5735504924687774,-0.3326829268292689,-0.08032428291394608,-0.4353386095109591,-0.38879714348173305,-0.029411764705882353,0.5546218487394958,-0.40154990065362395,-0.3791217099703783,1.350643560854308,88.98698401122503,Excellent
https://www.17173.com/,https://17173.com,2026-01-28 22:41:10,0.20910814873151187,0.45072991729448336,-0.0003252032520328164,1.2197075991238238,-0.17414185775986887,1.3834852427011708,2.011764705882353,0.8151260504201681,1.4271475308228367,0.1145331663641972,1.0230154927114714,52.78813594752958,Unacceptable
https://www.chinaz.com/,https://chinaz.com,2026-01-28 22:41:38,-0.06410170993574545,0.8394170732439025,-0.2930081300813014,2.4165800721128248,-0.3549775559989426,0.5420592125647322,0.49411764705882355,-0.09243697478991597,-0.27645730775050936,-0.3426244172888531,0.03302495625281132,72.10762725908299,Unacceptable
https://www.admin5.com/,https://admin5.com,2026-01-28 22:42:24,0.16137069172894655,-0.035333198158597034,-0.3326829268292689,-0.08204186692518957,-0.3616775390330833,3.7831058111009526,-0.06470588235294118,-0.058823529411764705,-0.11801176387572625,-0.43740159931686445,0.9821233837566121,20.939916955770748,Unacceptable
https://www.analysys.cn/,https://analysys.cn,2026-01-28 22:43:55,1.3768835861151736,3.3282083843567585,-0.2539837398373989,-0.1198068166798676,0.14567170011917396,2.5204574776304858,-0.08235294117647059,0.2689075630252101,1.8113695290281617,-0.2488083735871108,1.1646082240710314,37.045989421076776,Unacceptable
https://error.taobao.com/app/tbhome/common/error.html,https://cnzz.com,2026-01-28 22:44:20,0.19763062013947236,0.48339720794422925,1.0660814286693432,0.14828825183608516,0.3614229067011097,0.4018714141829436,-0.052941176470588235,0.008403361344537815,-0.3580032606937745,0.7423267000043982,-0.04734440216179852,75.32639736580715,Unacceptable
https://www.35.com/,https://35.com,2026-01-28 22:46:07,0.9926776574086595,0.01451058079941255,-0.31447154471544775,0.15906937768233853,0.0025814719040505294,2.9453091660122173,0.6,0.8403361344537815,0.4910213886098564,-0.2322348677809747,1.0629305477508406,31.626672023907112,Unacceptable
https://bj.58.com/,https://58.com,2026-01-28 22:47:08,0.626049830718953,-0.19771748841838294,0.543414634146343,0.06082064730023706,0.1395076425788981,-0.020906403442583734,-0.08235294117647059,0.3865546218487395,-0.16794838355017566,0.24617834525059967,0.680090924744157,83.35570116422714,Good
https://bj.ganji.com/,https://ganji.com,2026-01-28 22:47:32,-0.08123145597792159,0.1957721020808132,-0.3125203252032526,-0.14354319237352134,-0.4707852212054386,0.4644077628449191,-0.08235294117647059,-0.3445378151260504,-0.3787273712458168,-0.3754646723967937,-0.15162755558996308,73.89053681317438,Unacceptable
https://baixing.com/,https://baixing.com,2026-01-28 22:47:50,-0.6486574440212054,-0.8712028582950387,-0.258735552845529,-0.14354319237352134,-0.7045457613736053,-0.5429922851981415,-0.10588235294117647,-0.7058823529411765,-0.7050398531900723,-0.41006084404677096,-0.4657317025965341,91.34724036490661,Excellent
https://www.kijiji.ca/,https://kijiji.ca,2026-01-28 22:49:10,0.06582667804923345,-0.25118878985006954,1.2393495934959364,-0.10607980820948347,1.0818282233328966,0.15628432298843495,0.6235294117647059,2.6134453781512605,0.6982756349137201,1.035184922965884,0.6279973998619842,80.64345268987871,Good
https://olx.com/,https://olx.com,2026-01-28 22:49:23,-0.41721867313335104,-1.2597258313360653,-0.3131707317073177,0.07370412669836902,-0.593178814001609,-0.767354255818951,0.03529411764705882,-0.5966386554621849,-0.5560641601489179,-0.4010778788893575,-0.7126914231484361,94.78153641851526,Excellent
https://dubizzle.com/,https://dubizzle.com,2026-01-28 22:49:39,-0.0006410651228230149,-0.15796104095660296,0.43452104065040653,-0.14354319237352134,-0.31072262855072846,-0.05734435484013028,-0.01764705882352941,-0.46218487394957986,-0.4943090483670489,0.10972651311371993,-0.5596356603322784,83.91345483495805,Good
https://www.gumtree.com/,https://gumtree.com,2026-01-28 22:50:17,2.062406076033692,0.5413565097754596,1.3447154471544729,0.2971009691740625,1.1866699993846337,0.9192346364548308,1.6470588235294117,-0.058823529411764705,1.2468291529101942,0.8510175493088182,0.5708424153520265,63.44752278906241,Unacceptable
https://www.marktplaats.nl/,https://marktplaats.nl,2026-01-28 23:15:04,1.2181141959484134,-0.4596194243814902,0.816310184862309,0.7197883777519098,0.3466656829820542,0.2694529665362078,0.08823529411764706,0.3697478991596639,0.1968534530933233,0.5941955226532201,0.5576762134088635,78.36677995105434,Good
https://www.blocket.se/,https://blocket.se,2026-01-28 23:15:29,0.4181393500517709,2.3790376396285144,-0.1369105691056915,2.7811362706126244,0.567645286863713,1.1384047649153775,0.25882352941176473,0.7983193277310925,0.2845755742539474,-0.036211691798181386,-0.0935435689964241,58.41528556215017,Unacceptable
https://www.dba.dk/,https://dba.dk,2026-01-28 23:15:59,0.9214574769666751,2.597728237709106,0.1401626016260167,1.4993536713896127,0.5249346971397859,0.3392366712645272,0.3764705882352941,0.680672268907563,0.4179370051374304,0.10841246056460084,0.11006272098837282,76.76451709145613,Unacceptable
https://www.finn.no/,https://finn.no,2026-01-28 23:16:29,1.3107746829276807,3.432394862454352,-0.06796747967479712,2.7879838216081256,0.5641743267650492,1.3633751791656161,-0.023529411764705882,0.7226890756302521,0.45169732039577576,-0.04902815164060563,0.14939581495239518,53.24987136316313,Unacceptable
https://www.tori.fi/,https://tori.fi,2026-01-28 23:16:58,0.8923833835733038,2.5395110235957454,-0.21821138211382166,2.918132736859573,0.4372324096841772,1.1244674818196896,0.15294117647058825,0.7478991596638656,0.2885785854097197,-0.07123963044014892,0.11813008965670965,58.73529137374853,Unacceptable
https://www.huuto.net/,https://huuto.net,2026-01-28 23:17:21,0.5086045921425395,0.24398026694715436,-0.13626016260162646,1.9012634300320055,0.26393729196671073,0.29138861006038486,-0.08823529411764706,0.3277310924369748,0.4231771663009263,0.00834493086078576,-0.16015942530009036,77.86312846025135,Good
https://www.willhaben.at/iad,https://willhaben.at,2026-01-28 23:18:16,-0.2447784315998382,-0.5114840596550037,0.45040650406504085,0.28784445187294977,0.035794385353139155,0.32928817816738654,2.3058823529411763,-0.01680672268907563,-0.04384901486215763,0.20243765642838693,1.5240466049378594,76.99293862712231,Good
https://www.tutti.ch/de,https://tutti.ch,2026-01-28 23:18:37,0.48657069685387966,0.00727301565326565,1.1580487804878061,-0.14354319237352134,0.21717339605933567,0.13823734083695355,0.07058823529411765,-0.10084033613445378,-0.16922906240304822,0.5156442211137321,-0.2992481223079294,80.91969682969832,Good
https://www.ricardo.ch/de/,https://ricardo.ch,2026-01-28 23:19:05,0.14818214995152196,0.7034909625499115,1.5769105691056924,-0.115725725955709,0.7169474044585705,0.9253449081477411,3.2941176470588234,0.35294117647058826,0.18314214063772907,0.9866395041314553,0.10790038855245195,63.307228411833236,Unacceptable
https://www.anibis.ch/fr,https://anibis.ch,2026-01-28 23:19:30,1.2435704123899747,0.17045828919429556,1.7886476408380416,-0.14354319237352134,0.40401478439981764,0.5542444577915169,0.1588235294117647,-0.058823529411764705,-0.19528395077106628,0.7911067539079444,-0.10516143413361886,71.82784896502446,Unacceptable
https://www.car.gr/,https://car.gr,2026-01-28 23:20:12,0.005133013335329171,1.26055441328739,0.5284552845528464,1.3801199469406389,0.3135806833312829,0.5484529296419863,1.0823529411764705,0.15126050420168066,0.15945314082176848,0.3565736644732909,0.793530621697271,71.96082485804185,Unacceptable
https://www.bazos.cz/,https://bazos.cz,2026-01-28 23:20:28,-0.7015835085203136,-0.7860218889197912,-0.29756097560975675,-0.14354319237352134,-0.6133654711042026,-0.007429726717416751,-0.1,-0.5546218487394958,-0.6455216860227441,-0.4133140015833047,-0.5579752025851885,83.14941443227815,Good
https://www.bazos.sk/,https://bazos.sk,2026-01-28 23:20:44,-0.45849573259641124,-0.7127172305679198,-0.3287804878048787,-0.14354319237352134,-0.6321211122187033,0.010318060786427507,-0.10588235294117647,-0.5546218487394958,-0.6525719901052638,-0.4330983536839977,-0.5566457685690298,82.87775004808645,Good
https://www.olx.pl/,https://olx.pl,2026-01-28 23:33:14,1.9478135757312989,0.17448778011737864,1.6738211382113841,0.7385362494523431,0.7757226841379556,1.0023937898443425,2.011764705882353,1.0672268907563025,0.3121588999959688,1.04518431954987,0.5091758977350235,61.538154069955525,Unacceptable
https://gratka.pl/,https://gratka.pl,2026-01-28 23:34:02,-0.7463903670763775,-1.0578445969951482,1.4442276422764229,0.04005617897189619,0.8215228288472722,1.7488829867417603,3.0823529411764707,1.218487394957983,0.4598462487272433,1.2558092013007571,1.0710139336964806,46.888028833966146,Unacceptable
https://www.otomoto.pl/,https://otomoto.pl,2026-01-28 23:34:31,1.2616982139430422,0.5354931510211892,1.1001139308640728,0.07664982186508103,0.3546724387224245,0.2534963613556823,0.9235294117647059,0.2773109243697479,0.15710559461326434,0.7235188721361469,0.11354380925558356,78.73315023686195,Good
https://www.olx.ro/,https://olx.ro,2026-01-28 23:35:10,1.9685282932140185,0.09199860771858034,1.7453658536585386,0.7385362494523431,0.7796977356471245,0.8938812697449381,1.8529411764705883,0.9243697478991597,0.3196373746056139,1.080777690243717,0.6228184802006432,64.02964662446476,Unacceptable
https://www.olx.bg/,https://olx.bg,2026-01-28 23:35:48,2.0488051531261564,0.7655967455346216,3.0507395849837193,0.7385362494523431,0.9344380609598223,1.0259927413730954,1.5411764705882354,0.8487394957983193,0.2567869237706575,1.5097949323152224,0.5745530845939151,60.996312336169865,Unacceptable
https://www.njuskalo.hr/,https://njuskalo.hr,2026-01-28 23:36:23,1.3385178772969024,0.6636374802797179,0.6691215810080728,0.06386968107679082,0.13114284370200913,0.9765092824230259,0.27647058823529413,0.6470588235294118,0.4884066464713814,0.3951172826758769,0.37014059165152796,62.13247311681087,Unacceptable
https://www.bolha.com/,https://bolha.com,2026-01-28 23:36:53,1.681348858018297,0.5010255986017941,0.32813008130081334,-0.002843688681190836,0.27641805724448615,1.2238822739378563,-0.08235294117647059,0.4957983193277311,0.46444743929591137,0.1786746051531715,0.1970685712989077,56.4526864343038,Unacceptable
https://www.bazar.at/,https://bazar.at,2026-01-28 23:37:17,-0.15317847053791536,0.06899956901759279,-0.2695934959349599,4.455346816374626,-0.3686833228362053,0.20880929300109155,-0.08823529411764706,0.058823529411764705,-0.14037847235791717,-0.29916259801603934,-0.16865926045561147,79.75918389626196,Good
https://www.kleinanzeigen.de/,https://kleinanzeigen.de,2026-01-28 23:38:17,0.5307927047667271,-0.4369885350274751,0.3508943089430895,0.4930355480260124,-0.09861813083138571,0.28784177227197577,-0.052941176470588235,0.5210084033613446,-0.1720201100526925,0.3185632640815275,1.7562597521860248,77.94456532978288,Good
https://www.quoka.de/,https://quoka.de,2026-01-28 23:38:42,-0.02513111886043768,-0.3425804039601706,0.06354831271029314,0.024693819236487648,-0.22841890559840186,-0.05280370109935127,-0.041176470588235294,-0.17647058823529413,-0.04967968998154199,-0.027440282850651882,-0.11779906592577871,83.84395130376863,Good
https://www.markt.de/,https://markt.de,2026-01-28 23:39:04,0.7917310653546686,0.4226416107810363,-0.20260162601626067,-0.13478961654081792,-0.10806197000494185,0.7552427303027437,1.4588235294117646,0.07563025210084033,-0.2768504361884583,-0.33658592992536973,-0.21486376638267154,67.21284510213204,Unacceptable
https://www.kalaydo.de/,https://kalaydo.de,2026-01-28 23:39:33,0.29162482601833584,-0.5194923674469676,0.14081300813008144,-0.13143472260190361,0.13256810807042296,0.20682299040604157,0.029411764705882353,-0.2605042016806723,-0.1827539399935706,0.20788042073721877,0.10251858337860427,79.80479022926423,Good
https://www.markt.de/,https://dhd24.com,2026-01-28 23:40:00,0.6564159294664051,0.1469511760354617,-0.10178861788617838,-0.12008704874124686,-0.16395014502156494,0.5753341621145216,1.4705882352941178,0.07563025210084033,-0.2798563904006303,-0.1675544414663615,0.02226668499755065,71.34362058981546,Unacceptable
https://www.kijiji.it/,https://kijiji.it,2026-01-28 23:43:13,-0.7230903096969379,-0.8581425505483843,-0.3326829268292689,-0.14354319237352134,-0.7424602217809699,-0.721292645612753,-0.08235294117647059,-0.7563025210084033,-0.7263281961311207,-0.4858758583352292,-0.8344120524672614,94.07647394417393,Excellent
https://www.subito.it/,https://subito.it,2026-01-28 23:42:43,-0.35084938242025865,-0.3327993542880538,-0.1811382113821143,-0.02433807450145834,0.09926162458269659,-0.11455934999953747,-0.03529411764705882,0.10084033613445378,0.5447329720941091,0.11657468378957664,0.07366078877082068,84.78924154488706,Good
https://www.bakeca.it/,https://bakeca.it,2026-01-28 23:43:03,0.4092272572507563,-0.03505324489510978,0.08747967479674776,-0.14354319237352134,-0.14710863576492034,-0.030250232769107464,0.07647058823529412,-0.226890756302521,-0.4559858698250722,-0.0022968273059448393,-0.3819880377634008,83.49872663370792,Good
https://www.milanuncios.com/,https://milanuncios.com,2026-01-28 23:43:49,-0.1993867544495393,0.5507024340679771,0.7476422764227644,-0.14354319237352134,0.180289651416143,0.07769722299551947,1.388235294117647,0.3445378151260504,-0.041189375046925256,0.42284797450555167,0.4914554499453409,81.84638100532999,Good
https://www.milanuncios.com/,https://vibbo.com,2026-01-28 23:44:25,-0.2427536574982478,0.318436381019213,1.8461788617886192,-0.037847555055818,0.34175805814548316,0.0015576498003215357,1.4,0.2773109243697479,-0.044092393122141325,0.9088320149935614,0.4958068102793545,83.01184516587459,Good
https://www.milanuncios.com/,https://segundamano.es,2026-01-28 23:45:01,-0.1857884378876368,0.5094631558502101,1.849430894308945,-0.14354319237352134,0.3593662292027819,-0.05464739853172391,1.276470588235294,0.2857142857142857,-0.04470398708480001,0.9502316420295798,0.5115891675153599,83.87217267657316,Good
https://www.wallapop.com/,https://wallapop.com,2026-01-28 23:45:31,-0.3774700426297891,0.3008565087922592,0.2065040650406498,-0.05119397009861335,0.01919278749806367,0.054574659379904814,-0.09411764705882353,-0.03361344537815126,-0.2171964809255711,-0.013961267423637277,0.12701967855993995,82.20031678488608,Good
https://mercadolibre.com/,https://mercadolibre.com,2026-01-28 23:46:25,-0.44731496541199883,-1.2510293567253465,-0.3326829268292689,-0.14354319237352134,-0.6274585983120694,-0.8774545465894946,-0.1,-0.7226890756302521,-0.677313621428128,-0.4858758583352292,-0.804352962061744,96.46683537113272,Excellent
https://www.mercadolibre.com.mx/,https://mercadolibre.com.mx,2026-01-28 23:46:45,-0.09625811716147915,0.13847182812724315,0.25398373983739836,-0.14352150669787664,-0.2323493487557398,-0.3943894577763939,0.9941176470588236,0.24369747899159663,-0.15082566895998434,-0.10461310335891087,-0.34718783327616054,89.07258525130842,Excellent
https://www.mercadolibre.com.ar/,https://mercadolibre.com.ar,2026-01-28 23:47:06,0.06431528857658676,0.14277472786902046,-0.18764227642276413,-0.14354319237352134,-0.366867514325768,-0.3580876375658943,1.0235294117647058,0.2605042016806723,-0.13396631757126018,-0.30852107544599205,-0.340615410489448,88.51691533299399,Excellent
https://www.mercadolibre.com.co/,https://mercadolibre.com.co,2026-01-28 23:47:27,-0.13829599131385312,0.2796297967448981,-0.2689430894308949,0.3101933308484394,-0.20579168037692466,-0.3607328104898667,0.9823529411764705,0.1092436974789916,-0.24871601884087202,-0.29773218955147795,-0.338666641750902,88.55740484602855,Excellent
https://www.mercadolibre.com.pe/,https://mercadolibre.com.pe,2026-01-28 23:47:50,-0.2859664482877328,0.09723571539072723,-0.25723577235772416,-0.0967494369875235,-0.16562225144247902,-0.23721236167063522,2.0294117647058822,0.36134453781512604,-0.09332461205087865,-0.18595694686885897,-0.1696416534635361,86.66668428966119,Good
https://www.mercadolibre.com.ve/,https://mercadolibre.com.ve,2026-01-28 23:48:08,-0.2669327287552143,0.16770617344539965,-0.3320325203252039,0.11538225409566706,-0.5120613565344286,-0.3803906674674361,0.9470588235294117,-0.08403361344537816,-0.5027385871782502,-0.3943176963644293,-0.48384724322636014,88.85830655612526,Excellent
https://www.mercadolibre.com.ec/,https://mercadolibre.com.ec,2026-01-28 23:48:30,-0.29048159817309366,0.016964669106915863,-0.2422764227642282,1.3909679926214782,-0.2676389763492205,-0.47293830820313953,-0.011764705882352941,0.06722689075630252,-0.3819830003433714,-0.27049096186194344,-0.2643091014173956,90.27492808280363,Excellent
https://www.mercadolibre.com.uy/,https://mercadolibre.com.uy,2026-01-28 23:48:52,0.1108683216370964,-0.0005263200060871409,-0.30016260162601655,1.3993756816940184,-0.30878853795578726,-0.07228699225855252,2.052941176470588,0.09243697478991597,-0.3420448742697369,-0.24968537023899226,-0.27178916991795143,84.14218094471094,Good
https://www.mercadolibre.com.py/,https://mercadolibre.com.py,2026-01-28 23:49:10,-0.2399995160703434,0.11679291959119338,-0.20130081300813057,-0.14354319237352134,-0.45012176975267476,-0.40261509455906774,1.0,-0.21008403361344538,-0.5096755520035896,-0.3072176007073659,-0.4867410313257901,89.19849461047026,Excellent
https://www.mercadolibre.com.bo/,https://mercadolibre.com.bo,2026-01-28 23:49:29,-0.11928390419386738,0.12353222962933687,-0.31642276422764287,-0.13123803376593482,-0.36753592718455663,-0.38144203229278056,1.035294117647059,-0.23529411764705882,-0.5228130502489186,-0.3854640689807859,-0.402255232644279,88.87439973831917,Excellent
https://www.mercadolibre.cl/,https://mercadolibre.cl,2026-01-28 23:49:53,-0.03455603914067149,0.0927312089616663,0.017184058190478118,-0.14354319237352134,-0.34853479597775755,-0.3739325746923991,1.0176470588235293,0.5210084033613446,0.006007117513714495,0.022293697235657627,-0.17423861204953078,88.75945289358263,Excellent
https://www.mercadolivre.com.br/,https://mercadolibre.com.br,2026-01-28 23:50:14,-0.059263737330523446,0.38170916349408945,-0.3326829268292689,-0.08214480666234832,-0.4569925867622664,-0.07311887249486347,0.9529411764705882,0.12605042016806722,-0.2065417694516618,-0.41652003978218227,-0.31345010818336055,84.15491448865662,Good
https://www.mercadolibre.com.pa/,https://mercadolibre.com.pa,2026-01-28 23:50:33,-0.24914974464992073,0.203490365878509,-0.26308943089430964,-0.14354319237352134,-0.4873827180249502,-0.2548521480768785,1.011764705882353,-0.24369747899159663,-0.5243072668327105,-0.35393738561239746,-0.4444821147077314,86.93669550713194,Good
https://www.mercadolibre.com.gt/,https://mercadolibre.com.gt,2026-01-28 23:51:11,-0.20010233033604816,0.1808988947194587,-0.3222764227642283,-0.14354319237352134,-0.5130693984031143,-0.37221965019652536,1.0294117647058822,-0.226890756302521,-0.5226600148750931,-0.388338829387368,-0.4603659146999897,88.73323325475512,Excellent
https://www.mercadolibre.com.sv/,https://mercadolibre.com.sv,2026-01-28 23:51:28,-0.27629598240657693,0.11890516261746496,-0.31642276422764304,-0.14354319237352134,-0.513181618087355,-0.3686235654431585,1.0176470588235293,-0.23529411764705882,-0.5241202844349953,-0.38404231508845205,-0.515689590504958,88.67818818788055,Excellent
https://www.mercadolibre.com.hn/,https://mercadolibre.com.hn,2026-01-28 23:51:45,-0.27758270432842935,0.11457560568833237,-0.27609756097561006,-0.14354319237352134,-0.46079167130287124,-0.39546513849549436,0.9941176470588236,-0.20168067226890757,-0.5106611107616789,-0.3475796406958167,-0.522368795140358,89.08905063551916,Excellent
https://www.mercadolibre.com.ni/,https://mercadolibre.com.ni,2026-01-28 23:52:03,-0.2760541511777326,0.1719640373698706,-0.27739821985501567,-0.14315562575411284,-0.4663463653762127,-0.27383919451321276,1.0235294117647058,-0.2184873949579832,-0.5109554095574971,-0.35578850244888205,-0.44181790758297956,87.22732915803792,Good
https://olx.com/,https://olx.com.uy,2026-01-29 09:52:22,-0.19745185986229422,-0.7517666768167276,-0.2617886178861794,0.07370412669836902,-0.5153937507894228,-0.4056033929682694,0.041176470588235294,-0.5882352941176471,-0.5555919132440001,-0.3700310434697514,-0.6124659799703948,89.24423632599063,Excellent
https://olx.com/,https://olx.com.py,2026-01-29 09:52:35,-0.2699489239099462,-0.7626187555978085,-0.31447154471544775,0.07370412669836902,-0.5262318820615831,-0.5488757206989912,-0.047058823529411764,-0.5882352941176471,-0.5555924607766436,-0.4141885941873476,-0.6801016029290261,91.43729778090417,Excellent
https://olx.com/,https://olx.com.bo,2026-01-29 09:52:49,-0.24599622680833852,-0.7626187570056836,-0.3001626016260169,0.07370412669836902,-0.5203460686504574,-0.6471961589685964,-0.07058823529411765,-0.5882352941176471,-0.5555919132440001,-0.39077461065844105,-0.6858357882035422,92.94228319444849,Excellent
https://olx.com/,https://olx.com.pa,2026-01-29 09:53:04,-0.2595905529034305,-0.7582817183578273,-0.2956097560975614,0.07370412669836902,-0.5244777891650715,-0.5717442906104263,0.03529411764705882,-0.5882352941176471,-0.5555678218076914,-0.38957162511951,-0.6642178029367678,91.78734569312923,Excellent
https://olx.com/,https://olx.com.gt,2026-01-29 09:53:38,-0.23790839431650687,-0.7582726082651672,-0.3008130081300819,0.07370412669836902,-0.5309283757110381,-0.5324536150149566,0.03529411764705882,-0.5882352941176471,-0.5556198374088127,-0.394531175812585,-0.6606779846527787,91.1859255336977,Excellent
https://olx.com/,https://olx.com.hn,2026-01-29 09:54:13,-0.250524627113217,-0.7506731826790837,-0.286504065040651,0.07370412669836902,-0.5270409301148434,-0.5914502565352465,-0.0058823529411764705,-0.5882352941176471,-0.5555483843988512,-0.3826739310581573,-0.6482432383731251,92.08898380417317,Excellent
https://olx.com/,https://olx.com.ni,2026-01-29 09:54:29,-0.17544057433782928,-0.7235403594265505,-0.23512195121951274,0.07239959765339651,-0.5078479567819392,-0.5139589692117962,-0.07647058823529412,-0.5882352941176471,-0.5556113506528403,-0.3452847366281439,-0.5883706558140714,90.90282903156353,Excellent
https://olx.com/,https://olx.com.pr,2026-01-29 09:55:03,-0.24729504865586927,-0.7582736075079154,-0.317723577235773,0.07239959765339651,-0.5354366051843124,-0.5913245912568628,-0.047058823529411764,-0.5882352941176471,-0.5555960197388256,-0.4044796065823779,-0.6907317359658618,92.0870602528314,Excellent
https://olx.com/,https://olx.com.ve,2026-01-29 09:55:16,-0.2521459089530905,-0.7604479922022654,-0.28130081300813065,0.07370412669836902,-0.5132744541736114,-0.5915564270992326,-0.08235294117647059,-0.5882352941176471,-0.5556198374088127,-0.38068145620870475,-0.6853552698844487,92.09060895101912,Excellent
https://dafiti.com.ar/,https://dafiti.com.ar,2026-01-29 09:56:28,0.514008297153431,1.0102489712686047,0.3142867572485217,2.58672398112258,-0.2265752772882101,-0.1143758970212686,3.876470588235294,-0.6050420168067226,-0.5658556864105341,-0.0658487935646516,0.05449878602385773,84.78643344047637,Good
https://www.lamoda.ru/,https://lamoda.ru,2026-01-29 09:58:13,1.4947522063738345,0.5858420104094071,1.0612895355655962,0.014176630164370208,0.411267321481739,1.8799853755333975,1.6176470588235294,1.680672268907563,-0.20741563155050088,0.8542086824110913,0.7439571484441215,45.215714763389485,Unacceptable
https://www.ozon.ru/,https://ozon.ru,2026-01-29 10:00:03,-0.1650826276825839,-0.6584270701089654,-0.0946369512569487,0.11696787284200995,-0.2617356556195149,0.27661995044110466,3.288235294117647,1.0252100840336134,-0.2500065532813255,-0.17939678112418464,0.49694937606031037,78.20222302231487,Good
https://www.drom.ru/,https://drom.ru,2026-01-29 10:03:37,-0.3872968280024931,0.09436087126086584,-0.07447154471544783,3.777938563254698,0.04590475230452834,1.680511748357081,1.1941176470588235,0.18487394957983194,-0.16703646793262145,-0.030430437553536124,0.6057013498560445,47.760157748071364,Unacceptable
https://www.cars.com/,https://cars.com,2026-01-29 10:06:18,0.2408106986677206,0.19903166194558414,1.9782045533974637,0.25248528463230535,1.4309812717248065,0.6440609022713611,0.09411764705882353,2.277310924369748,0.5661289051995821,2.626923749131827,1.2786031866373193,69.76562607600638,Unacceptable
https://www.edmunds.com/,https://edmunds.com,2026-01-29 10:10:17,-0.48534773525959607,-0.6258662045990837,2.9427642276422783,-0.10516271962291177,0.8248807477736584,-0.3924172527561574,0.0,0.4957983193277311,-0.02613277488653926,1.081656610133874,0.301276977432991,89.04239682009093,Excellent
https://kbb.com/,https://kbb.com,2026-01-29 10:10:27,-0.8544992987279442,-1.2988079547165117,-0.3326829268292689,-0.14354319237352134,-0.7972593450171584,-1.0063610524880657,-0.10588235294117647,-0.773109243697479,-0.7274541970122376,-0.4858758583352292,-0.8858381907951378,98.44,Excellent
https://www.autotrader.ca/,https://autotrader.ca,2026-01-29 10:11:28,1.7950480423059936,0.6198356795876947,0.45105691056910646,0.21495143766438668,0.8244932251485085,0.38384103568282907,1.3823529411764706,1.453781512605042,0.5978647185090193,1.1417126100242452,1.8203502177682325,75.74038234880143,Unacceptable
https://www.kijiji.ca/b-cars-trucks/c174l0,https://kijiji.ca/cars,2026-01-29 10:12:22,1.426839370698088,0.5436866476217327,2.0282926829268235,-0.1431890647932453,2.1446974704469954,0.9731724096827093,1.9823529411764707,2.823529411764706,0.9421806213003476,2.4760029146676286,1.4050649300378673,62.20908910158597,Unacceptable
https://www.autoscout24.com/,https://autoscout24.com,2026-01-29 10:12:51,0.10485371793580539,-0.4370140362202231,-0.2481274054185328,-0.14354319237352134,-0.3939582831072081,0.10181054806685094,1.4588235294117646,-0.08403361344537816,-0.41175016003352544,-0.2105864169854631,0.08626638600837436,81.47727969594715,Good
https://www.autoscout24.de/,https://autoscout24.de,2026-01-29 10:13:24,-0.3253010804638804,-0.26334879673286643,-0.0471544715447149,-0.14217644811019922,-0.32872517921884586,0.053831313336572914,2.070588235294118,0.23529411764705882,-0.2343832568350382,-0.07556980140882151,0.2869949051710444,82.21169514092395,Good
https://www.autoscout24.at/,https://autoscout24.at,2026-01-29 10:13:56,-0.16961819044397858,-0.4370111177698577,-0.19934959349593576,-0.13989854100466437,-0.2970200079745687,-0.07383452802582352,1.7529411764705882,0.19327731092436976,-0.21541864243250686,-0.14709599435144927,0.21205540376219148,84.16586898758047,Good
https://www.autoscout24.ch/de,https://autoscout24.ch,2026-01-29 10:14:25,0.546974696849379,-0.40756038045138354,1.2328455284552855,-0.12329562309602217,0.0975725449310152,0.06070658713402306,0.047058823529411764,0.21008403361344538,-0.04563561387751599,0.6956761516771415,-0.046677015607501954,82.10645571195688,Good
https://www.autoscout24.it/,https://autoscout24.it,2026-01-29 10:14:55,-0.3385721144368303,-0.2633504607542455,-0.2689430894308949,-0.14354319237352134,-0.35653039152869165,-0.002238715904896621,1.7058823529411764,0.2184873949579832,-0.09320634499990794,-0.14718254007367407,0.13050610591958517,83.06995592200411,Good
https://www.autoscout24.fr/,https://autoscout24.fr,2026-01-29 10:15:28,-0.010374561307095773,-0.3718910700870023,-0.22601626016260215,-0.14354319237352134,-0.36140385547454823,0.10985728940178628,1.7,-0.058823529411764705,-0.3465225962273221,-0.10014830571122467,0.2546186486490094,81.35410867933273,Good
https://www.autoscout24.es/,https://autoscout24.es,2026-01-29 10:15:53,0.08090088190006835,-0.38491566331364646,-0.31382113821138274,-0.14354319237352134,-0.4041628599217031,-0.07584954067349103,1.4588235294117646,-0.008403361344537815,-0.39499045958589696,-0.24322136640790237,-0.07352731145996155,84.19671267274114,Good
https://www.autoscout24.nl/,https://autoscout24.nl,2026-01-29 10:16:25,-0.4809870491176455,-0.35018341470926206,-0.2591869918699191,-0.14354319237352134,-0.37616992464213206,0.07434122376256949,2.5941176470588236,0.008403361344537815,-0.25322987795292057,-0.16896898321517917,0.19602210918177077,81.89775109665938,Good
https://www.autoscout24.be/,https://autoscout24.be,2026-01-29 10:16:37,-0.5858553063739166,-0.7799949911885193,-0.3248780487804884,-0.14354319237352134,-0.6852315807658372,-0.5100184773479433,-0.09411764705882353,-0.7310924369747899,-0.6841449124532946,-0.4543385971563467,-0.7503266857183282,90.8425121444375,Excellent
https://www.autoscout24.lu/,https://autoscout24.lu,2026-01-29 10:17:05,-0.4033068585574447,-0.38274489777587245,-0.3099186991869925,-0.1426320295313066,-0.4497708160231506,0.006397346605147409,1.5823529411764705,-0.025210084033613446,-0.35028277665575414,-0.2451431622508708,0.04887138259802919,82.93776419933874,Good
https://www.autoscout24.se/,https://autoscout24.se,2026-01-29 10:17:34,0.09773214290862953,-0.4370140362202231,-0.2000000000000005,0.0,-0.39638817239899754,0.18362855203336062,1.5705882352941176,-0.08403361344537816,-0.4085284779598605,-0.18848696681524513,0.0746325035938765,80.22489611525907,Good
https://autoscout24.fi/,https://autoscout24.fi,2026-01-29 10:18:28,-0.05684592458275723,1.3760337672666199,-0.3326829268292689,0.28520244151612056,-0.4646283288906287,-0.12205728114301968,-0.1,-0.6554621848739496,-0.49913500108582565,-0.42915475360793365,-0.6597276261994605,84.90401195479673,Good
https://www.autoscout24.pl/,https://autoscout24.pl,2026-01-29 10:18:55,-0.40694582418183467,-0.4370140362202231,-0.3053658536585372,0.0,-0.47637403570259096,-0.031683824730850074,1.4941176470588236,-0.08403361344537816,-0.4161441094966731,-0.28585955889087766,-0.007269174349398295,83.5206705451608,Good
https://www.autoscout24.cz/,https://autoscout24.cz,2026-01-29 10:19:24,-0.41835238457956225,-0.4370140362202231,-0.28910569105691114,0.0,-0.44039017793222673,0.0580147216850617,1.5058823529411764,-0.08403361344537816,-0.40268411452439157,-0.2579110603269358,0.08957128422525085,82.14765994484284,Good
https://www.autoscout24.hu/,https://autoscout24.hu,2026-01-29 10:20:14,-0.4033068585574447,-0.5238446577311842,-0.2721951219512201,-0.1408097038468775,-0.4371508208936343,-0.017535899453488952,1.5058823529411764,-0.08403361344537816,-0.4087926624602928,-0.21914675053267652,0.14657677414704653,83.30410904941199,Good
https://www.autoscout24.ro/,https://autoscout24.ro,2026-01-29 10:20:41,-0.41962181499077983,-0.4370140362202231,-0.30341463414634207,-0.14354319237352134,-0.4703542305392068,0.24172145324708963,2.3117647058823527,-0.08403361344537816,-0.4068489215762835,-0.2788464705332242,-0.00767494537441053,79.00350702016874,Good
https://www.autoscout24.bg/,https://autoscout24.bg,2026-01-29 10:21:08,-0.41591901799384645,-0.38925719438919454,-0.27804878048780546,-0.14354319237352134,-0.45801767915056724,0.041925020912594556,1.5941176470588236,-0.08403361344537816,-0.40379560579045887,-0.2542823905178581,0.0035371487377718097,82.39394408878101,Good
https://www.autoscout24.hr/,https://autoscout24.hr,2026-01-29 10:21:36,0.08543306740060334,-0.4370140362202231,-0.2383719136134274,0.0,-0.4015170342784272,0.15692942925179182,1.5529411764705883,-0.08403361344537816,-0.4060547254770566,-0.21604841367701283,0.04001382824940506,80.63357808462243,Good
https://autoscout24.lt/,https://autoscout24.lt,2026-01-29 10:22:13,-0.6153601103099289,-0.859313553736995,-0.3300813008130088,-0.02333495175292074,-0.6975354375938325,-0.5197365555541842,-0.10588235294117647,-0.6890756302521008,-0.692030477583295,-0.4534490994556983,-0.563944307926817,90.9912662204514,Excellent
https://autoscout24.am/,https://autoscout24.am,2026-01-29 10:28:51,-0.6411855523281695,-1.1891311970646663,0.342439024390244,-0.13808602274573545,0.059914241480856674,-0.7161544750096123,-0.08823529411764706,-0.19327731092436976,-0.24547079286354165,0.18315382708789532,1.4356846251489939,93.99782425601016,Excellent
https://generalinteresttopics.com/?d=autoscout24.uk&pkAId=2143526812,https://autoscout24.uk,2026-01-29 10:31:05,-0.5242042052556847,-0.19120015761703155,-0.3326829268292689,-0.14354319237352134,-0.6595223327704239,-0.5293815943064797,-0.10588235294117647,-0.7058823529411765,-0.6825176454371606,-0.4858758583352292,-0.6581098811918455,91.13890228565556,Excellent
https://www.autotrader.co.uk/?refresh=true,https://autotrader.co.uk,2026-01-29 10:31:35,1.8365345917355234,2.211399183622246,-0.058211382113821646,-0.08225233279820542,0.501715098761458,-0.01089201869284024,1.2705882352941176,0.7983193277310925,0.5904598870399091,0.5673033627099879,0.18273310811261742,83.20241154063274,Good
https://www.carwow.co.uk/,https://carwow.co.uk,2026-01-29 10:32:03,0.7842390618775956,1.2865971820143431,0.08878048780487785,0.6171097962697226,0.09866135940260516,0.1769645536232746,0.48823529411764705,0.6134453781512605,0.5314928114781459,0.19876811780603645,0.03553432969696642,80.32690156376573,Good
https://www.cinch.co.uk/,https://cinch.co.uk,2026-01-29 10:32:34,-0.12818641734233557,0.876309508456392,0.17528455284552835,-0.06261151174235818,0.008909935910792179,0.5182398221594211,2.2705882352941176,-0.13445378151260504,-0.17025760247364297,0.1470743579208903,0.22517355387344484,72.65453036107911,Unacceptable
https://www.cazoo.co.uk/,https://cazoo.co.uk,2026-01-29 10:33:14,-0.10552997066603782,-0.1153069878896493,0.4347967479674804,0.3637034910978863,0.4237233657837093,0.48141530429395757,3.6,0.7058823529411765,1.4240717661986335,0.79141976093667,0.6614414748708939,73.50003659391885,Unacceptable
https://www.motors.co.uk/,https://motors.co.uk,2026-01-29 10:33:43,-0.23175984914280018,0.005833012179341679,0.8172357723577244,0.051498567022963765,0.2065006651656513,0.27916636587716703,2.8529411764705883,-0.35294117647058826,-0.29681703532838033,0.4591784262670095,0.06335634037248167,78.1437562657247,Good
https://www.vroom.com/,https://vroom.com,2026-01-29 10:33:56,-0.24909791286051894,-0.7719687442666758,-0.30666666666666725,-0.14354319237352134,-0.5447997119575017,-0.5569817709675515,-0.1,-0.7058823529411765,-0.6584300418568173,-0.42156228972093923,-0.7080357345456633,91.56137663602672,Excellent
https://www.carvana.com/,https://carvana.com,2026-01-29 10:34:33,1.0551518499534203,0.3162511550342943,0.7892682926829255,-0.1000023883709911,1.127540550107762,0.8493251132857834,0.711764705882353,1.0588235294117647,0.7959505306994367,1.6607926963103345,0.5389626944263878,65.05267449234434,Unacceptable
https://shift.com/,https://shift.com,2026-01-29 10:34:52,-0.5004037582512983,-1.0860697333548703,0.2813008130081301,-0.14354319237352134,-0.21861377146778357,-0.5885441396650377,-0.023529411764705882,-0.20168067226890757,-0.24145108196214618,0.016700920341634635,-0.4231150667853725,92.04450003684367,Excellent
https://getaround.com/,https://getaround.com,2026-01-29 10:35:06,-0.4485789544872929,-0.8776225551365305,-0.23902439024390298,0.10160790234449207,-0.4283518180841629,-0.7024779242490133,-0.09411764705882353,-0.4117647058823529,-0.4765974624188993,-0.28939687488205035,-0.6493804650616465,93.78847806345293,Excellent
https://turo.com/,https://turo.com,2026-01-29 10:35:30,-0.20048237030975044,-0.9428024065215713,0.050406504065040554,-0.12207304560878139,-0.20618834035717623,-0.6198539298515973,0.17647058823529413,0.36134453781512604,-0.32127668733990233,0.44472000175010795,-0.18162257688626798,92.52375723261302,Excellent
https://www.zipcar.com/,https://zipcar.com,2026-01-29 10:36:13,-0.3361788782129196,0.25096144268598625,2.7417255394964126,0.8826461409361307,1.0713042503279524,0.25767113408818554,-0.07058823529411765,0.7563025210084033,0.6539942061464509,1.892628492149932,0.843493848698129,78.63729572007189,Good
https://blablacar.com/,https://blablacar.com,2026-01-29 10:38:08,-0.46609627285715105,-0.3436641662873667,-0.29691056910569164,-0.14354319237352134,-0.5678040236219162,-0.6897949580913408,0.6882352941176471,-0.7226890756302521,-0.6170324675222457,-0.421687300208598,-0.7293547306361129,93.59434061447784,Excellent
https://www.uber.com/us/en/ride/,https://uber.com/ride,2026-01-29 10:38:41,1.0226095575331038,2.675400603564253,3.699837398373989,1.32398042189304,0.929722022721495,0.9210895557174876,0.3235294117647059,0.5042016806722689,-0.08055642457351142,2.017037487039184,0.29659993246048066,63.40493307196902,Unacceptable
https://www.grab.com/sg/,https://grab.com,2026-01-29 10:39:03,0.3615745102286663,0.4312921788893876,-0.3203252032520332,1.0093244492873237,-0.14020975902266264,-0.23415238236166083,0.6529411764705882,0.20168067226890757,0.9378165123662643,-0.3093086415182415,-0.26155946881369374,86.61984535864335,Good
https://gojek.com/en-id,https://gojek.com,2026-01-29 10:39:30,0.34570184747744026,-0.4509824923419498,-0.2474796747967485,-0.051297359329035196,0.3203812165611599,1.0209447882278788,0.2235294117647059,0.08403361344537816,0.33160260546146014,-0.18235616401472038,-0.004578271762474455,61.11221543809117,Unacceptable
https://www.ebay.com/str/Knepper-Time-Watches-Jewelry,https://ola.com,2026-01-29 10:40:04,0.9559033434917626,0.48339578053746196,0.43804878048780505,-0.10457593712429394,0.3114538135004837,1.8629628232264772,2.288235294117647,0.0,0.12414823597643994,0.2961690776461786,0.3893132725833599,45.432850804939676,Unacceptable
https://didi.co/filter/,https://didi.com,2026-01-29 10:40:26,-0.09617997995830595,0.5675119927842922,-0.3326829268292689,-0.14354319237352134,-0.481031101363029,0.954452035949069,0.9764705882352941,-0.453781512605042,-0.11858530431966982,-0.46340714641684955,-0.2559907954046432,62.63891666187365,Unacceptable
https://99app.com/,https://99app.com,2026-01-29 10:40:52,0.6997858040908509,-1.0230950188412116,-0.14276422764227717,-0.14354319237352134,0.003067944057201229,-0.5938528282885323,-0.07058823529411765,0.40336134453781514,-0.11867592097214968,-0.13549646352542494,-0.05701883765288161,92.12575983474551,Excellent
https://cabify.com/es,https://cabify.com,2026-01-29 10:41:11,0.2835317083166469,-0.5513385625596855,0.008130081300812721,1.616946027321171,-0.3210670983539476,-0.2423031142131694,0.9176470588235294,-0.31092436974789917,-0.4313386878831916,-0.21072537095059146,-0.42598215942263057,86.7446081522407,Good
https://venture.com/domains/beat.com,https://beat.com,2026-01-29 10:41:28,0.3605532881601766,1.299608700615333,-0.24677198488544183,1.9378882421470043,-0.2711051201794443,-0.29436003087434126,0.5588235294117647,-0.2773109243697479,-0.1613207746683475,-0.2461908462993641,-0.5275316975243963,87.54144044497647,Good
https://www.careem.com/,https://careem.com,2026-01-29 10:41:53,0.7575976300827607,0.6050523728507603,0.045838834656833694,2.7808371323348884,0.3558178789670918,-0.47045570959378624,0.0058823529411764705,-0.008403361344537815,1.6772817960932314,0.16059087649420628,-0.07635169135774451,90.23692708565065,Excellent
https://www.hugedomains.com/domain_profile.cfm?d=inwai.com,https://inwai.com,2026-01-29 10:42:09,-0.26410882643814765,0.2543413546813645,-0.1733333333333338,0.05687953370222384,-0.15021179277380514,-0.44278878486766937,-0.09411764705882353,-0.24369747899159663,-0.2717082833681279,-0.14664114850019858,-0.5693955213023114,89.8134310264055,Excellent
https://www.free-now.com/uk/,https://free-now.com,2026-01-29 10:42:53,-0.045328756841216185,0.20079091638141833,0.0828904845528448,-0.06027802752650775,-0.20829148409136153,-0.16315332545689723,0.2411764705882353,-0.13445378151260504,-0.09597275368059999,0.023804881707623394,-0.16156894570276478,85.53306679156586,Good
https://taxify.com/,https://taxify.com,2026-01-29 10:43:05,-0.6803662048888275,-0.9710223585126336,-0.3326829268292689,-0.14354319237352134,-0.7246437580687116,-0.7732600693356675,-0.1,-0.7647058823529411,-0.7001175347260602,-0.4858758583352292,-0.803466672717638,94.87193637354189,Excellent
https://www.dropcatch.com/domain/yandex-taxi.com,https://yandex-taxi.com,2026-01-29 10:43:31,0.589769095967695,3.247435737495414,0.3704065040650407,-0.028875273167162895,0.1748429014889807,0.7139803605590733,-0.08235294117647059,-0.03361344537815126,0.061779887633982095,0.4241788553895456,-0.0440661994070939,68.16024625827131,Unacceptable
https://citymapper.com/,https://citymapper.com,2026-01-29 10:43:57,0.3945499803198182,2.165777084859589,-0.02829268292682904,2.948243988229992,-0.03842904283260572,0.3674494830526094,0.029411764705882353,-0.4117647058823529,0.19722002619806817,-0.125931718790831,-0.009981433306059507,76.11673920879905,Unacceptable
https://moovit.com/,https://moovit.com,2026-01-29 10:44:13,-0.21360342351931727,-0.3284757593315218,-0.31707317073170793,-0.11383275665715065,-0.48003243269447504,-0.5426776212000328,-0.07058823529411765,-0.35294117647058826,-0.3338795199589679,-0.401351459533503,-0.5624920747846677,91.3424238208019,Excellent
https://transitapp.com/,https://transit.app,2026-01-29 10:44:40,0.42852516076323655,0.35532062593322583,-0.017886178861789486,-0.11371115080191845,0.1063217428090846,-0.36829039485795995,0.3235294117647059,0.2689075630252101,0.24374551750424217,0.37799709639101714,-0.035299409629854145,88.6730883644891,Excellent
https://www.thetrainline.com/,https://trainline.com,2026-01-29 10:45:03,0.5838846072802484,-0.35017974758503856,0.6201605654894404,0.9481680325327487,0.2107953477943518,0.2899531453258211,0.13529411764705881,0.008403361344537815,0.11387816618450713,0.4202631422684236,-0.17575491430089266,77.89608732707288,Good
https://www.thetrainline.com/?redirected=true,https://trainline.eu,2026-01-29 10:45:37,0.7398866125201767,1.028252701777245,1.6159468094886584,0.9481680325327487,0.2218147559620624,0.7514239343488064,0.1411764705882353,0.01680672268907563,0.11411141509058825,1.098684000172122,0.3132899354103292,67.30052624415794,Unacceptable
https://www.bahn.de/,https://bahn.de,2026-01-29 11:14:07,-0.2996134907422185,-0.08944436849522994,0.3488443417339461,3.3884783470267874,0.04804752706375376,0.43157212344305196,-0.08823529411764706,1.0252100840336134,0.05194866525572067,0.6078524376203642,0.08783607918407978,74.64445673888764,Unacceptable
https://www.trenitalia.com/it.html,https://trenitalia.com,2026-01-29 11:14:41,1.0598683330658139,0.6572284143243758,-0.07186991869918648,0.9915998365279085,0.05440451561450273,1.251313080773179,2.052941176470588,-0.17647058823529413,0.13432276132210244,-0.06642480342701788,0.37042890264298417,55.8228637103289,Unacceptable
https://www.renfe.com/es/en,https://renfe.com,2026-01-29 11:15:21,1.4121085177162769,1.6588503188842283,-0.28650406504065157,-0.14354319237352134,0.1755485138276499,0.8491395545025858,-0.08823529411764706,0.04201680672268908,0.4838084673322519,-0.218637573200252,0.712248278476383,65.05693499911662,Unacceptable
https://www.ns.nl/,https://ns.nl,2026-01-29 11:15:57,1.4519017546243886,0.06343192429728631,2.5340521764710844,0.4102072956601575,0.6430068193601268,1.0492821819860292,0.047058823529411764,0.025210084033613446,0.41552512384332874,1.2708623872531475,0.4104987913629501,60.461577101630525,Unacceptable
https://www.sbb.ch/de,https://sbb.ch,2026-01-29 11:16:23,0.7846209163840145,-0.10703546304116152,0.7209756097560978,0.655841301781168,-0.05439788351874243,1.1037862404830234,0.041176470588235294,-0.11764705882352941,-0.3522350042957358,0.31375468759277914,-0.04725897668284864,59.21014126905195,Unacceptable
https://www.oebb.at/,https://oebb.at,2026-01-29 11:16:56,0.013580265035040227,-0.6085023201074284,-0.03609756097561024,0.5995598919000457,-0.42713434249323357,0.8841717434631972,1.4941176470588236,0.11764705882352941,-0.012040379711150523,-0.2412837038491921,0.324379230396521,64.25258138274528,Unacceptable
https://www.sj.se/,https://sj.se,2026-01-29 11:17:53,0.535435080334524,0.3966787553250749,-0.023089430894309263,-0.14354319237352134,-0.21515634783892518,1.0509356214851848,-0.10588235294117647,0.7478991596638656,-0.2893402033166653,0.06283892566948236,0.049421309118769324,60.42361344363324,Unacceptable
https://www.vr.fi/,https://vr.fi,2026-01-29 11:19:03,-0.2984371635804113,-0.43700760790502646,-0.2565853658536594,-0.14354319237352134,-0.31874865890145343,0.023959353769000578,1.1176470588235294,0.47058823529411764,0.33931213884661293,-0.16514366229282312,-0.1949169170478556,82.6689435443526,Good
https://pkp.pl/,https://pkp.pl,2026-01-29 11:19:23,0.09962907832364186,-0.30015854619053944,-0.3326829268292689,-0.14354319237352134,-0.39937637747635,0.8317054577821901,-0.10588235294117647,-0.7142857142857143,-0.321033856612562,-0.4858758583352292,-0.34195018359804114,65.4572291046601,Unacceptable
https://www.cd.cz/,https://cd.cz,2026-01-29 11:20:03,1.6161471968928043,0.27009005165919886,-0.29691056910569164,-0.1341828441064448,0.2415216741919601,2.8256562870051183,-0.08823529411764706,-0.10084033613445378,0.2277156780702431,-0.22167196238338144,0.6558194105374998,33.15293859305861,Unacceptable
https://www.zssk.sk/,https://zssk.sk,2026-01-29 11:20:44,1.0308722191993738,1.5449230813471335,0.00878048780487717,-0.10267421389919096,0.6108570995270414,2.1653990136042034,3.111764705882353,0.5042016806722689,0.8099662713047519,0.13639846227484062,0.794683865663095,41.57503935480586,Unacceptable
https://cfr.ro/,https://cfr.ro,2026-01-29 11:22:06,0.18707661842346127,0.11286786248009537,-0.22016260162601678,-0.02523640205395731,-0.2447267970213641,1.2871709291258593,1.611764705882353,0.1092436974789916,2.009565669046221,-0.04186697393603723,0.915438119251299,54.99955261120795,Unacceptable
https://potniski.sz.si/,https://slo-zeleznice.si,2026-01-29 11:23:45,0.4199784401396108,-0.23945519805577797,-0.20260162601626097,0.16107316091581403,-0.26470704499659253,1.483140409941293,1.3352941176470587,-0.31932773109243695,-0.35903125323172586,-0.2457595601169414,0.26827070800369984,50.50001189539543,Unacceptable
https://elron.ee/,https://elron.ee,2026-01-29 11:25:05,1.156843505548639,-0.8370776743603822,-0.18373983739837446,0.33109840500292514,0.21738408523370537,0.3359254186466781,-0.029411764705882353,-0.06722689075630252,0.45903781677928845,-0.06844660766011298,0.028112991213188585,76.84054482757278,Good
https://zugzugzug.com/rail-lv/,https://rail.lv,2026-01-29 11:25:22,-0.6234007318113469,-0.5238446577311842,-0.3326829268292689,-0.14354319237352134,-0.7008884731190339,0.09153725051497369,-0.058823529411764705,-0.48739495798319327,-0.6524104679754659,-0.4583023912342633,-0.5279801812888836,81.63453248322804,Good
https://www.tutu.ru/,https://tutu.ru,2026-01-29 11:26:17,0.6804842447740806,0.8973872201368845,0.37787542037595284,-0.12252636059196445,1.0190615302158286,0.8864569723884489,1.6176470588235294,1.0588235294117647,1.6848968800974007,0.5570515411028419,1.4552577380134035,64.20011157698094,Unacceptable
https://www.booking.com/?aid=2436563,https://booking.uz,2026-01-29 11:27:16,0.1433685710407934,0.8491555799655405,1.660813008130082,-0.14354319237352134,1.0265887881901714,0.542142592986741,0.029411764705882353,1.2016806722689075,0.6384590624557482,1.1736532704306084,0.7021413764981156,72.10571280994442,Unacceptable
https://railway.kg/,https://railway.kg,2026-01-29 11:28:17,0.7055327734759885,0.49481921756161495,-0.22601626016260215,1.0191184964122284,-0.1446562730299364,0.6710000041728676,-0.10588235294117647,-0.19327731092436976,0.2174735324431228,-0.2010529248727836,0.4328268759234961,69.14709310164284,Unacceptable
https://railway.uz/uz/,https://railway.uz,2026-01-29 11:28:56,0.10905873167921291,1.2279631312524555,-0.223414634146342,0.02101115007591974,-0.12672593534952162,1.6011301241865592,2.2411764705882353,0.06722689075630252,0.27926450761313343,-0.35891328383078175,0.6041743694198141,48.772732791662484,Unacceptable
https://domains.atom.com/lpd/name/railway.tm,https://railway.tm,2026-01-29 11:29:15,-0.4517642484619396,-0.6302077980980394,-0.25008130081300867,0.6283339790530321,-0.40389313875865096,-0.4081202773562846,-0.01764705882352941,-0.2184873949579832,-0.5100684066752168,-0.3403309556498833,-0.43674043067789126,89.28276213362743,Excellent
https://www.railway.am/,https://railway.am,2026-01-29 11:30:46,1.8520851740535849,0.7145971175341338,-0.25723577235772416,0.13574477346846217,0.34123319110909905,1.7832436952208717,-0.08823529411764706,-0.16806722689075632,2.7999531312057266,-0.3066786131817296,-0.008182159155675921,46.44973097536705,Unacceptable
https://rail.is/,https://rail.is,2026-01-29 11:32:34,-0.8680933320759794,-1.3443940310097662,-0.3326829268292689,-0.14354319237352134,-0.8029282198346951,-0.7591461126457106,-0.1,-0.773109243697479,-0.7276088749839932,-0.4858758583352292,-0.7917046520847154,94.65589483304818,Excellent
https://www.nationalrail.co.uk/,https://nationalrail.co.uk,2026-01-29 11:33:16,0.5068669642106749,-0.6953267823351098,0.22861788617886203,0.2501396719682151,0.15547029442902005,0.24421981732693288,-0.029411764705882353,0.19327731092436976,0.2784944029502154,0.18410438760367082,-0.27614053025196506,78.9461435426854,Good
https://www.traintickets.com/,https://traintickets.com,2026-01-29 11:33:35,-0.12203396672182645,-0.22861094488020928,-0.22731707317073224,-0.14354319237352134,-0.38397005108510274,-0.18098611134301215,1.1705882352941177,-0.6050420168067226,-0.324230625950953,-0.3257609833132624,-0.41820310174574976,85.8060322412099,Good
https://redspottedhanky.com/,https://redspottedhanky.com,2026-01-29 11:33:57,-0.4204600510360941,-0.1456912809898701,-0.27479674796748027,-0.14354319237352134,-0.43535518390262234,0.601084415877746,2.541176470588235,-0.4789915966386555,-0.4205632454614164,-0.3596936377595127,-0.26897012911260276,70.75238406273982,Unacceptable
https://www.flixbus.com/,https://flixbus.com,2026-01-29 11:34:45,-0.19837199627271573,-0.10516827219395927,0.08552845528455234,1.468465371790617,0.1449023531992745,0.36568958723661477,-0.07058823529411765,0.33613445378151263,-0.029028675037391347,0.2664055229633421,-0.04337211739062547,76.15714714806953,Unacceptable
https://www.greyhound.com/,https://greyhound.com,2026-01-29 11:35:11,-0.17828650155288767,-0.18119607548051206,0.16227642276422752,1.5692793647640104,0.4261890147295458,0.23508129259938962,-0.08235294117647059,0.5714285714285714,0.10380821957373078,0.3719624555040776,-0.03021125453989715,79.15596786799843,Good
https://www.flixbus.com/boltbus?utm_source=boltbus&utm_medium=referral/,https://boltbus.com,2026-01-29 11:35:38,-0.31479262956965365,-0.1564366797373979,0.5401766248989316,-0.051242304900891586,0.24830906574198486,0.290460294131249,-0.08823529411764706,0.12605042016806722,-0.18958906374724085,0.3881465055602003,-0.037061310133197085,77.88444297975153,Good
https://peterpan.com/,https://peterpan.com,2026-01-29 11:35:54,-0.15406796209078563,-0.9362762784498181,-0.3222764227642283,-0.01625011140828921,-0.5017966458944555,-0.6685668200208202,-0.08235294117647059,-0.008403361344537815,-0.20332172997592704,-0.4699668313519558,-0.5587226755260006,93.26940270009189,Excellent
https://trailways.com/,https://trailways.com,2026-01-29 11:36:22,-0.18146950998218406,-0.37936638709707576,0.09788617886178842,-0.14354319237352134,-0.2714242698852171,-0.38777074759582586,0.9882352941176471,-0.07563025210084033,-0.32333157735051826,0.16331850917300442,-0.049581481891800505,88.97127302718145,Excellent
https://bonanza.com/,https://bonanza.com,2026-01-29 11:36:55,-0.593326922962199,-1.3472708842785572,-0.25593495934959404,-0.022892507336865688,-0.6804514016417157,-0.9313514587603201,-0.10588235294117647,-0.6302521008403361,-0.6336213377851387,-0.2997838039777843,-0.7075071643946603,97.29183237155036,Excellent
https://www.cttransit.com/,https://cttransit.com,2026-01-29 11:37:29,0.6372320661553541,1.1596280362182603,0.127154471544715,0.02436585774680934,0.2282996308015636,1.1105391160412295,1.0176470588235293,-0.25210084033613445,-0.014844020611592594,0.04138327951070958,0.3107111537645273,59.055092440037704,Unacceptable
https://www.go-metro.com/,https://go-metro.com,2026-01-29 11:37:59,0.3087745878511726,0.8784790655514887,-0.008780487804878353,0.10608575944091665,0.9555069071550432,-0.12010696618898986,0.041176470588235294,1.504201680672269,0.5471930362608284,0.4201525560678044,0.1421506665189518,84.87415859359035,Good
https://marta.com/,https://marta.com,2026-01-29 11:38:22,3.7261428162952765,2.317726547986298,-0.3326829268292689,0.11592777812130732,1.178116897583319,1.6672597758707897,0.9470588235294117,-0.13445378151260504,0.6768304238703426,-0.45117150453247035,-0.20648139126070664,47.929197078750086,Unacceptable
https://www.metro.net/,https://metro.net,2026-01-29 11:38:55,-0.0585950977897435,0.4187120401559569,-0.0009756097560981535,0.6440277378281419,0.1304488788714357,0.9889797356405363,0.7529411764705882,0.5882352941176471,-0.03950708100013134,0.12368008758427186,0.28922664580861207,61.846146328765386,Unacceptable
https://wmata.com/,https://wmata.com,2026-01-29 11:39:19,2.9832913636271843,3.0058346419207496,-0.2344715447154471,0.4032449351416079,0.8297215910003659,0.7766245767359545,1.9941176470588236,0.12605042016806722,0.7838766146138789,-0.16267999406680897,-0.1356476519338861,66.72190902267131,Unacceptable
https://www.njtransit.com/,https://njtransit.com,2026-01-29 11:41:01,1.215041595185408,0.9522915039217462,-0.16162601626016251,-0.06137463558265422,0.49194402236113605,-0.22182396084557937,0.08823529411764706,1.4369747899159664,0.24193236315567976,0.05569457629979086,-0.05200009076457142,86.43113490453766,Good
https://www.mta.info/,https://mta.info,2026-01-29 11:41:48,0.19372838412157897,0.588694351109813,0.03479674796747941,4.173357550054654,0.16259851764963099,-0.08519798677418332,-0.03529411764705882,0.35294117647058826,0.18200683170167464,-0.05776013420356645,-0.055075408006769924,84.33980881092421,Good
https://www.caltrain.com/,https://caltrain.com,2026-01-29 11:42:17,1.5012103338902152,0.9566697554013625,0.0003252032520328164,-0.12910074997560475,0.20777587122698907,-0.35545881600389007,0.041176470588235294,0.05042016806722689,0.624136429803817,0.005585564750505213,0.08320708604347893,88.47667610933657,Excellent
https://bart.gov/,https://bart.gov,2026-01-29 11:42:35,-0.5788843988888868,-1.3407880086263886,-0.1564227642276428,-0.022892507336865688,-0.6027971855672842,-0.8050273282967657,-0.10588235294117647,-0.47058823529411764,-0.6247458336359022,-0.13584120398562183,-0.43529353662817627,95.35819601808944,Excellent
https://www.vta.org/,https://vta.org,2026-01-29 11:43:01,0.5858642103606706,1.1123068363062287,-0.26504065040650465,-0.008571485991866584,-0.10058843294245925,-0.18202863275766198,-0.06470588235294118,0.42857142857142855,0.5625581710657607,-0.26843598176866157,-0.059469481080258686,85.82199005781415,Good
https://www.samtrans.com/,https://samtrans.com,2026-01-29 11:43:28,1.528055026621417,0.7992639435034534,-0.008780487804878353,-0.12633698335222143,0.19629436127402242,-0.20926227815209222,0.0,0.09243697478991597,0.8791314161158431,-0.05838855230883457,-0.029463781599084995,86.23885393472108,Good
https://www.actransit.org/,https://actransit.org,2026-01-29 11:44:05,2.6462069959928227,1.0673155141884663,-0.0829268292682925,1.0003553207867146,0.8219446068982263,1.0396210677561395,0.8588235294117647,0.865546218487395,1.0259421650850615,0.0011049003870762342,0.4819465263197235,60.683400299082614,Unacceptable
https://www.rome2rio.com/,https://rome2rio.com,2026-01-29 11:45:11,-0.19356643691280964,0.02753876118040978,-0.11447107504177073,-0.14354319237352134,-0.23271064639631842,-0.7298078910241846,-0.029411764705882353,0.31932773109243695,-0.4096741900161392,-0.2925029046908011,-0.3403484558677294,94.20681632631235,Excellent
https://www.expedia.co.uk/,https://expedia.co.uk,2026-01-29 11:47:26,-0.2919634374944633,0.24027089660193895,0.5681300813008133,-0.1429259566463152,0.37387717317272223,0.2628294330861895,3.388235294117647,0.19327731092436976,0.15781026912529814,0.387311820150283,0.14946522315404218,78.51885903151572,Good
https://www.booking.com/flights/index.html?label=gen173nr-10EgdmbGlnaHRzKIICOOgHSDNYBGiVAogBAZgBM7gBB8gBDNgBA-gBAfgBAYgCAagCAbgC-O_rywbAAgHSAiQ0M2I4YmIwMS1iYTBkLTRjODMtOGQ1MC1mMGNhMGMxMDVmNjLYAgHgAgE&sid=8ab11d318c570dbba4cac4ca1749a9a7&keep_landing=1&,https://booking.com/flights,2026-01-29 11:48:04,-0.017274671106464537,0.859664377550207,1.397396119259486,-0.14240422607721664,0.6192696549630163,0.5384750788506838,0.12352941176470589,0.36134453781512604,0.22713392463664878,0.8208529994463378,0.5148620311776302,72.18992045856574,Unacceptable
https://www.skyscanner.com/,https://skyscanner.com,2026-01-29 11:48:25,0.38453133491981856,-0.7235425405851741,-0.01203252032520356,-0.14354319237352134,-0.003519042860019038,-0.24292882405787455,0.34705882352941175,0.31932773109243695,-0.15278501452433,0.22575259318630098,-0.33556462904653167,86.75418585760863,Good
https://www.orbitz.com/,https://orbitz.com,2026-01-29 12:03:05,-0.3625236858441307,-0.0831742388607293,0.10308943089430846,-0.04432167246983887,0.19725310135433932,-0.02080737598805177,2.123529411764706,0.15966386554621848,0.0025502701697166404,0.14678587218013284,-0.00029631963010763726,83.35418535655546,Good
https://www.travelocity.com/,https://travelocity.com,2026-01-29 12:03:41,-0.2835487946984477,0.13824253145917234,0.6273170731707315,-0.14354319237352134,0.38056286431265585,0.0287728928946657,3.0,0.17647058823529413,0.022620900511881425,0.2981553019712369,0.4856732128389155,82.5952629719391,Good
https://www.priceline.com/,https://priceline.com,2026-01-29 12:04:25,1.1367441843305353,0.45522202414951046,1.7121798134365265,-0.037396369305149404,0.8770519530430302,0.23205113489862303,0.9647058823529412,0.9747899159663865,0.37350746879012603,1.3119403526882327,0.8972424922349572,79.22554154800818,Good
https://www.hotwire.com/,https://hotwire.com,2026-01-29 12:05:00,1.0690684998045035,-0.16823510193734784,1.4457657504034942,-0.1308264865723945,0.620337453124634,0.83356457928676,-0.10588235294117647,0.6470588235294118,0.3877860250642649,1.458203104058483,0.3676792700392823,65.41454290234611,Unacceptable
https://www.cheapoair.com/,https://cheapoair.com,2026-01-29 12:06:24,-0.11673460288397447,0.2848752996695166,1.4975302565517326,-0.13641700689986602,1.3354690166933203,-0.35770216101987745,-0.03529411764705882,2.1260504201680672,1.2594525180033866,1.1489641799275907,0.3169632310051774,88.5110148652049,Excellent
https://www.flightcentre.com.au/about-us/international-websites,https://flightcentre.com,2026-01-29 12:07:30,-0.3865530005352782,0.13534512465553555,0.4016260162601642,1.5366582567625184,0.5800943182228042,0.19149143280315636,-0.01764705882352941,0.5882352941176471,-0.0026302099356505415,0.33244327468818885,-0.08904805316668257,80.10453944196465,Good
https://www.lastminute.com/,https://lastminute.com,2026-01-29 12:08:09,-0.2426342717293,-0.09081860379134976,0.8848780487804895,4.051493248774962,0.5157224871309675,0.4041078664979862,0.041176470588235294,0.8487394957983193,0.18218313721284393,1.4191522317617447,0.5992250307331509,75.27504749128263,Unacceptable
https://www.opodo.com/,https://opodo.com,2026-01-29 12:08:48,3.389169441006799,-0.6106537058218091,2.461463414634138,3.7207636216026665,1.091097531965867,1.4695353576924712,1.2352941176470589,1.1932773109243697,1.0105677222251919,1.519269284851047,0.6547088793111502,50.81238954868923,Unacceptable
https://www.edreams.com/,https://edreams.com,2026-01-29 12:09:17,-0.2694729896382129,-0.3444005774234475,-0.058861788617885984,2.8350776466109786,-0.1630211962598073,-0.14405464346132285,1.2647058823529411,-0.13445378151260504,-0.06813920552055264,-0.2463523983141845,0.04285956451692559,85.24072434143923,Good
https://tripsta.com/,https://tripsta.com,2026-01-29 12:10:28,-0.7282951122683685,-1.3531646944041391,-0.3326829268292689,-0.14354319237352134,-0.744630686827806,-0.7672107131872213,-0.1,-0.7563025210084033,-0.7252495568236563,-0.4858758583352292,-0.8088217824293138,94.77933921953225,Excellent
https://www.bravofly.com/,https://bravofly.com,2026-01-29 12:10:54,0.06562918727288801,0.20597867818794605,0.2390243902439033,1.1378229162846052,0.20537026719890594,0.010779366548952026,0.023529411764705882,0.3697478991596639,-0.08982806859023554,0.4339085178059375,-0.07868487475156535,82.87068886674918,Good
https://www.volagratis.com/,https://volagratis.com,2026-01-29 12:11:27,-0.16400696602005152,0.11626219013312053,0.7836447027496741,-0.06146935106629904,0.32057653288254956,0.07106574719992909,0.0058823529411764705,0.453781512605042,0.023859419351213513,0.9239525142854503,0.31413351201496,81.94788863200745,Good
https://www.vayama.com/,https://vayama.com,2026-01-29 12:12:08,-0.29616761530834573,-0.17867869610347298,0.23642276422764222,-0.1418391394855722,-0.17887781271046096,0.08314347703938958,1.4470588235294117,-0.226890756302521,-0.269897319150139,-0.08445179655697053,-0.2909618508497834,81.76301550128285,Good
https://www.kiwi.com/en/,https://kiwi.com,2026-01-29 12:14:07,0.378809637142108,0.2320358233385687,0.6156097560975619,4.338121471851772,0.36355314561065055,-0.11224344781679702,0.9588235294117647,0.6050420168067226,0.053379094286558466,0.601276405159941,1.672195741806829,84.75379216055191,Good
https://www.dohop.com/,https://dohop.com,2026-01-29 12:14:25,0.12882934531615886,0.17955574547719094,-0.15902439024390289,1.3779543292924195,-0.06894309257470482,-0.043461384578508996,-0.09411764705882353,-0.44537815126050423,-0.31403228293530333,0.1912352743054652,-0.49866856382417835,83.70094899071927,Good
https://www.farecompare.com/,https://farecompare.com,2026-01-29 12:16:12,0.37848383588597184,-0.35014444335351774,0.09160304063127508,2.027254287045581,-0.041567242363785124,-0.2655649236915496,1.4823529411764707,0.46218487394957986,-0.13520675277484412,0.2649212638271812,1.6541602875635184,87.10067536037917,Good
https://scottsflights.com/,https://scottsflights.com,2026-01-29 12:17:51,-0.05354495043822623,0.604687382309199,-0.3326829268292689,0.21807430505175726,-0.46325178311336124,-0.17304847321029873,-0.10588235294117647,-0.6302521008403361,-0.6713553712028355,-0.46023380326859026,-0.40588047640721797,85.68453126116982,Good
https://www.flyertalk.com/,https://flyertalk.com,2026-01-29 12:19:05,0.4136577780211461,0.41960901935812506,2.4413008130081324,0.4499919967240232,1.2524645338206697,0.20858224708825915,0.8058823529411765,1.6638655462184875,0.7529716820907753,2.089448369586764,0.6784037715348957,79.76439696477088,Good
https://deltanews.com/,https://deltanews.com,2026-01-29 12:19:18,-0.8739193463679944,-1.3639309208497326,-0.3326829268292689,-0.14354319237352134,-0.8053577376136395,-0.8737797214587477,-0.10588235294117647,-0.7563025210084033,-0.7247638953689758,-0.4858758583352292,-0.776680445974391,96.41058502973438,Excellent
https://thepointsguy.com/,https://thepointsguy.com,2026-01-29 12:26:02,-0.2181648808571122,-0.33846456846274076,2.405528455284554,0.4745564038630948,1.7270017261800743,0.45862602541845254,0.2823529411764706,1.1176470588235294,1.5695555698066135,1.5612223236997418,0.8151913197035202,74.02328790712163,Unacceptable
https://awardwallet.com/,https://awardwallet.com,2026-01-29 12:26:20,-0.47164939112428483,-0.3726347429371041,0.1164984206460897,-0.13644963035267638,-0.23783831996181037,-0.5743455522771437,0.9647058823529412,-0.14285714285714285,-0.1896427219462924,-0.15574816252609472,-0.4465216480176617,91.82716305902102,Excellent
https://www.americanexpress.com/en-us/travel/lounges/the-platinum-card/,https://loungebuddy.com,2026-01-29 12:26:52,0.0006486761404354946,0.4258854686576644,0.18112005111438575,0.8760532337993416,-0.09528947436921498,-0.15290252908244104,2.2,-0.05042016806722689,0.051989182671331007,0.004746552054484285,0.2184089237590948,85.37615842854102,Good
https://prioritypass.com/,https://prioritypass.com,2026-01-29 12:27:21,1.893103119420177,1.74463908098718,0.2923577235772353,0.6158696201196422,0.3709698256564518,0.959258001739861,1.2705882352941176,0.2184873949579832,0.3641274133100121,0.5413218560884205,0.1192406208830591,62.528569690169235,Unacceptable
https://www.southwest.com/,https://southwest.com,2026-01-29 12:30:48,1.719395362080266,0.3160111273709113,2.1851714617722178,5.2192877861937,0.9126781724876659,1.6307815702161093,-0.10588235294117647,1.1680672268907564,0.2588653576849389,2.531664795916762,0.8751333104642206,48.39450527906567,Unacceptable
https://www.jetblue.com/,https://jetblue.com,2026-01-29 12:31:54,-0.10422761674823351,-0.12007307520474589,-0.033495934959349924,0.17090499836030462,0.08948705000988474,0.14173711697087116,0.047058823529411764,0.03361344537815126,0.5234733746168384,0.8230435678377604,2.0313511507746354,80.86612595343989,Good
https://frontier.com/,https://frontier.com,2026-01-29 12:34:56,2.786276079600597,-1.1359971478597926,0.891684235822254,1.8060604235053093,1.6730503438130349,1.8829970488017018,0.9058823529411765,2.4705882352941178,1.2833531391860147,1.7839636065621762,1.2833709961812139,45.17729850241221,Unacceptable
https://www.aircanada.com/home/us/en/aco/flights,https://aircanada.com,2026-01-29 12:36:29,0.9860033449591084,1.003054355866579,1.5042071214230364,-0.12379063089437826,1.2364074398231095,0.8276015128849417,-0.09411764705882353,0.7647058823529411,0.5720786686689023,1.2939316303218578,0.521551913997899,65.55145738491977,Unacceptable
https://www.westjet.com/en-ca,https://westjet.com,2026-01-29 12:37:36,2.9657635491848167,3.9360667705239885,1.5287804878048796,-0.06758665209976424,1.7706749857194881,1.0171730249316668,-0.08235294117647059,0.9663865546218487,1.9921245642239023,2.7548998702054233,2.13001757896184,61.198816690751,Unacceptable
https://www.britishairways.com/travel/home/public/en_us/,https://britishairways.com,2026-01-29 12:38:02,1.8958968306150272,0.5501440010262337,0.3886178861788619,2.660754654140925,0.3950812325074491,1.3938476579374712,-0.07647058823529412,0.12605042016806722,0.29131570109399074,0.3015368356624099,-0.027984852994763568,52.55021058754048,Unacceptable
https://www.lufthansa.com/tw/en/homepage,https://lufthansa.com,2026-01-29 12:38:55,1.2194501538175035,2.8356133756533737,3.446516202422072,1.4359419472423618,1.0188377663702306,0.46688312611428867,-0.03529411764705882,3.411764705882353,2.533106527061356,1.861378274283121,1.3651658922758012,73.83370144385763,Unacceptable
https://wwws.airfrance.fr/splash,https://airfrance.com,2026-01-29 12:39:56,1.8783973242965146,0.2163938698063917,0.8627642276422783,0.6762768354582693,0.4874247457556423,1.8212863293100148,1.8588235294117648,2.2605042016806722,0.2672998242899306,0.9706823961913937,1.7568256959840678,45.9644672600721,Unacceptable
https://www.klm.com/,https://klm.com,2026-01-29 12:40:43,-0.31202889798229844,-0.01587072953244332,3.1430849987957084,1.332597172905547,0.9643420560006993,0.3789827524853747,0.11764705882352941,2.361344537815126,0.39543560362496727,2.3013334532151704,1.0647458391785272,75.85193054990364,Unacceptable
https://www.emirates.com/english/,https://emirates.com,2026-01-29 12:41:05,-0.24594959081735673,0.12041768880735695,0.9310569105691053,-0.14140621178758037,0.3920196395098084,-0.03884371398907271,-0.07058823529411765,0.01680672268907563,0.11505782526467558,0.92532185993488,-0.249840160920246,83.6302665669632,Good
https://www.turkishairlines.com/,https://turkishairlines.com,2026-01-29 12:43:11,0.48431409710828516,0.2175040035740995,0.38004214352240684,2.0178594462737096,-0.07602487529098485,0.61556099137868,-0.10588235294117647,0.2605042016806723,-0.20565449280305984,0.6345412151163627,0.4379897783075344,70.41999587341081,Unacceptable
https://www.iberia.com/,https://iberia.com,2026-01-29 12:44:12,0.30559403432986854,-0.3827341095298349,2.4439015154864228,-0.13650515521449266,0.850748459355865,0.8362679648634873,1.3411764705882352,0.23529411764705882,0.3114909101710417,1.9312576944556055,0.716775828860731,65.3524720460964,Unacceptable
https://www.swiss.com/xx/en/homepage,https://swiss.com,2026-01-29 12:44:48,1.7125276015749678,0.6154737512643564,1.2690311556152307,1.8419656019686257,0.5162528459777473,1.200313389282238,-0.029411764705882353,3.2436974789915967,2.350902446724903,1.100274518222731,0.45178065406551865,56.99383782018782,Unacceptable
https://www.austrian.com/xx/en/homepage,https://austrian.com,2026-01-29 12:45:31,0.615803400693589,-0.06182452319668217,1.9011302391513647,1.5522812205211027,0.575617507261417,1.1427461280892244,-0.047058823529411764,3.4285714285714284,2.4726591969982072,1.2288083783951853,0.858459324791675,58.315606059599205,Unacceptable
https://www.brusselsairlines.com/xx/en/homepage,https://brusselsairlines.com,2026-01-29 12:46:12,0.08791423926822489,0.6155730419996771,1.3651425337550827,1.318364082948724,0.4291494622755676,0.8801457707465374,-0.041176470588235294,3.2436974789915967,2.741502652692995,1.130475609612437,0.7377744794051184,64.34501938933683,Unacceptable
https://www.finnair.com/,https://finnair.com,2026-01-29 12:46:31,0.9389032070607407,-0.07120896600396456,-0.11284552845528525,-0.14354319237352134,-0.04938900790030728,0.4040562891758083,0.06470588235294118,-0.35294117647058826,-0.1556776294793218,0.008301657999675907,-0.422004535559023,75.27623172803311,Unacceptable
https://www.sas.com/en_us/home.html,https://sas.com,2026-01-29 12:47:43,0.15849863567316316,0.707381458829859,2.7098496233687253,2.4410141747686933,1.6970993970155057,0.08272366066590227,0.3352941176470588,1.1680672268907564,0.9894168099776326,1.8920803692425012,2.370634457701707,81.76944160687783,Good
https://norwegianair.com/,https://norwegianair.com,2026-01-29 12:49:33,-0.5230557730880642,-0.47606435679520703,2.7938211382113862,1.9038589984925984,1.5034969089095211,1.1021984755509167,-0.08823529411764706,0.6218487394957983,0.00024543150739637893,2.2398590650994437,4.305783171447602,59.24659701169834,Unacceptable
https://www.ryanair.com/us/en,https://ryanair.com,2026-01-29 12:49:55,0.6688252428934323,1.6132177720234762,0.012032520325202524,1.0868012570029448,-0.16091170783548595,0.048215862743409305,-0.1,0.008403361344537815,-0.23219914912058387,-0.014777682069964075,-0.2752916145548999,82.29765052702604,Good
https://www.easyjet.com/,https://easyjet.com,2026-01-29 12:50:23,1.084952715984248,3.1057491141207145,0.380125040600713,-0.03251492568857707,0.1907871814786579,0.47702756770501964,0.15294117647058825,0.2857142857142857,0.3998136746414568,0.3670331958137783,0.04517139154100886,73.60078084935105,Unacceptable
https://www.vueling.com/en,https://vueling.com,2026-01-29 12:51:11,3.367444987874896,0.1636967434956519,3.3175787924355906,0.7319281014709771,1.6112389130755536,3.209523460679752,1.4588235294117646,0.9663865546218487,1.3248153223725054,2.6341849352265316,1.0943724630968605,28.25641091201964,Unacceptable
https://www.eurowings.com/en.html,https://eurowings.com,2026-01-29 13:11:14,1.237926969794557,0.7533223524604347,0.14131223117648242,-0.14354319237352134,0.10221516193916816,0.8256267939283647,-0.029411764705882353,-0.09243697478991597,0.026965845803446322,-0.020545954456282746,-0.05677323940090055,65.59679775276906,Unacceptable
https://en.aegeanair.com/,https://aegeanair.com,2026-01-29 12:53:52,3.4415803541867604,0.7569114304952945,2.0608130081300833,0.42283562992238016,1.0062994169199373,1.905226511163958,3.5,0.5798319327731093,2.0984948259191825,1.5184966238754114,0.7584741407731805,44.89374422828805,Unacceptable
https://www.olympicair.com/,https://olympicair.com,2026-01-29 12:54:26,1.098026441323413,0.2489662276595346,2.040498055928147,1.7841325259448042,0.29462198173623066,1.177473973151848,1.2176470588235293,0.17647058823529413,1.1533385015852096,1.3652919439635764,0.36952125692914084,57.51824030559759,Unacceptable
https://www.adria.si/,https://adria.si,2026-01-29 12:55:05,0.15640252920673242,0.2797394665170664,-0.3326829268292689,-0.14238874268066715,-0.3757011680829341,0.053882513459457146,-0.09411764705882353,-0.31932773109243695,-0.3715248530884366,-0.4355182682393294,-0.4221753865169229,82.21091142352533,Good
https://www.lot.com/pl/en/,https://lot.com,2026-01-29 12:55:39,0.5545085294151241,2.338061537621242,1.7746415435371201,-0.1395275171944522,0.7196034962007054,0.04178407309807633,0.22941176470588234,0.37815126050420167,0.3894201362384412,0.9568432543980859,0.3418327235644849,82.39610156904304,Good
https://sedo.com/search/details/?partnerid=324561&language=us&domain=bulgariaair.bg&origin=sales_lander_15&utm_medium=Parking&utm_campaign=offerpage,https://bulgariaair.bg,2026-01-29 12:56:30,-0.4570561235030894,-0.8523226628222909,-0.30146341463414694,-0.04422890922231953,-0.6315207779744585,-0.6495458962127809,-0.1,-0.3697478991596639,-0.6350068691392191,-0.3211807913692745,-0.6890445827566002,92.97825049016438,Excellent
https://www.airbaltic.com/en/index,https://airbaltic.com,2026-01-29 12:57:00,0.05580474378344008,0.6440051401822652,0.13827675326707586,4.0207409029012915,-0.08573736839514041,-0.2237276672346395,-0.01764705882352941,1.8991596638655461,-0.03681869572112137,0.2625479877999346,0.16318135161794514,86.46027483106391,Good
https://www.aeroflot.ru/,https://aeroflot.com,2026-01-29 12:57:56,3.9325448439019133,-0.10271591865503389,0.7801626016260197,0.1771249070400844,1.3609633663517458,3.6697870326011275,0.28823529411764703,0.21008403361344538,1.5930630625512927,0.44698701886287534,1.5371594159566784,22.3853870916887,Unacceptable
https://www.utair.ru/,https://utair.ru,2026-01-29 13:00:40,0.8157658109748019,-0.24827018236498782,1.1472404034399881,0.927651278990233,0.28650739043558066,1.1085655429305568,-0.10588235294117647,-0.23529411764705882,-0.17731338188259654,0.5178876785576418,0.44662309077391465,59.10040649878886,Unacceptable
https://www.rossiya-airlines.ru/,https://rossiya-airlines.com,2026-01-29 13:01:11,1.0215716841094977,0.2945991267815504,-0.31447154471544775,0.37794961356016743,-0.014348221366628349,1.1181680161567396,-0.08823529411764706,0.2184873949579832,-0.26887151674276116,-0.3499134903384913,0.21885740752358196,58.87992972315051,Unacceptable
https://www.flypobeda.ru/,https://pobeda.aero,2026-01-29 13:01:47,-0.21513666491802633,-0.6106711964226816,0.13105691056910435,0.4936673357255417,0.08041064733724478,0.7461650399378991,0.3176470588235294,0.08403361344537816,0.1832426128777898,0.47653228600187164,0.432682720427768,67.4212726451974,Unacceptable
https://nordstar.ru/,https://nordstar.ru,2026-01-29 13:02:29,1.1098166307066177,3.4245310640209103,1.5611090651454915,-0.10504738200930842,1.3008496169973454,1.7895728461273939,0.3764705882352941,0.6386554621848739,1.7525719148195253,0.614288554496504,0.7806100180060891,46.36899767818357,Unacceptable
https://iraero.ru/,https://iraero.ru,2026-01-29 13:03:35,1.55761139078662,2.998616616602979,0.5798373983739828,1.2263694199064032,1.2973790661169824,2.5196961566875307,0.1,0.008403361344537815,2.918818087823004,0.3966140428607979,0.44841168673942944,37.055700668422176,Unacceptable
https://azimuth.aero/,https://azimuth.aero,2026-01-29 13:03:46,-0.7115437319715933,-1.3534307108669659,-0.3326829268292689,-0.14354319237352134,-0.7376451604948802,-0.7895957034605562,-0.10588235294117647,-0.7563025210084033,-0.7251069245700551,-0.4858758583352292,-0.8295428001671136,95.1219850054605,Excellent
https://www.hugedomains.com/domain_profile.cfm?d=smartavia.com,https://smartavia.com,2026-01-29 13:04:22,-0.27929220055729204,0.19029392766482212,-0.10373983739837439,-0.14354319237352134,-0.15206901992988184,-0.5026442511151609,-0.1,-0.226890756302521,-0.2600050468821404,-0.11962157402147382,-0.5761227777696208,90.72963527863183,Excellent
https://belavia.by/,https://belavia.by,2026-01-29 13:05:48,1.61077706427203,-0.07658495108705252,-0.07772357723577274,0.5346533771734799,0.2556278584580959,1.017710636821041,1.5823529411764705,-0.3445378151260504,0.6535252444373935,0.05407280562720033,0.16840832311119594,61.186472898363135,Unacceptable
https://www.uai.news/,https://ukraineintl.com,2026-01-29 13:06:06,0.20983180796576817,2.270307832250162,-0.3326829268292689,-0.14354319237352134,-0.35342051854193335,0.6881427205131659,-0.10588235294117647,-0.6470588235294118,-0.44342273332265186,-0.3052207985718019,-0.45580632976103563,68.75348921071125,Unacceptable
https://skyup.aero/uk,https://skyup.aero,2026-01-29 13:06:57,2.178184542075952,1.1223305276225823,0.3482929536995174,-0.14288493715187578,0.5097203544270209,1.0858404286788783,3.7,0.9243697478991597,0.3330825861965241,0.3232122117937291,0.11596241812835448,59.62218456556458,Unacceptable
https://nordwind.ru/,https://nordwind.ru,2026-01-29 13:09:14,0.39577433953074864,-0.14134402332552226,-0.00747984668019307,0.1305880038225317,-0.25250613777247394,0.9880247032312319,1.611764705882353,0.01680672268907563,-0.37179533421426775,-0.10752103962567928,0.08833261478047658,61.86807426975245,Unacceptable
https://www.vim-avia.com/,https://vim-avia.com,2026-01-29 13:09:50,0.4382285391780637,-0.5238446577311842,-0.3326829268292689,-0.11609143762283457,-0.25817634451140326,-0.6096181625841812,-0.08235294117647059,-0.5210084033613446,-0.1190337335546004,-0.48117546399926214,-0.6437317052660804,92.36707891928356,Excellent
https://aviastar.com/,https://aviastar.com,2026-01-29 13:10:08,-0.06339600606493113,0.5648555704158276,-0.3326829268292689,0.21807430505175726,-0.4673597913651177,-0.13784233969501733,-0.10588235294117647,-0.6302521008403361,-0.6713712496494936,-0.4850517507358176,-0.4333394287971959,85.14563295741631,Good
https://www.smartwings.com/,https://smartwings.com,2026-01-29 13:10:49,1.900672210839788,0.13057518132591261,0.1258536585365852,0.21510286992413855,0.3794924638875381,1.4029630676128797,-0.052941176470588235,0.4369747899159664,0.65623087699467,0.4630705797193069,0.6866526693460013,52.34091699343007,Unacceptable
https://www.volotea.com/en/,https://volotea.com,2026-01-29 13:11:56,0.348729487986479,0.6802853377651754,2.225997400547466,1.6150849467124189,1.0340138903133118,1.197128764938977,0.6764705882352942,0.07563025210084033,0.7116660932402921,1.1740143584161202,0.7466533901234801,57.06695811849879,Unacceptable
https://www.transavia.com/,https://transavia.com,2026-01-29 13:12:15,-0.2472100226906504,-0.3348768546781248,0.20390243902439,-0.12224831692813994,-0.28662056482149034,0.15229885514749159,-0.09411764705882353,-0.5210084033613446,-0.4095017172334736,0.022512465589060428,-0.4499173108059226,80.70445802175409,Good
https://www.tui.com/,https://tui.com,2026-01-29 13:13:13,0.6895401965702592,0.5541916923338074,-0.22666666666666632,0.00337326502078,-0.027793292464546107,0.44212572635112385,1.311764705882353,0.6470588235294118,0.21433507533125212,-0.23543128978849323,1.6468937827603374,74.4021416305055,Unacceptable
https://mediaoptions.com/,https://pegasus.com,2026-01-29 13:14:40,-0.40168634159053634,-0.2470573624713112,-0.3287804878048787,-0.14354319237352134,-0.589912590959425,0.9891889351930401,-0.03529411764705882,-0.29411764705882354,-0.6055728830625636,-0.40560806663828153,-0.16801323027105247,61.84134302010578,Unacceptable
https://www.tuifly.be/nl,https://jetairfly.com,2026-01-29 13:15:58,1.8514490982863177,0.8090407852142394,0.4192224214413616,-0.009130296428406522,0.3435628551764104,1.8962831520174694,-0.041176470588235294,0.36134453781512604,0.21637436066153168,0.3161356565731098,0.5475853287078994,45.00782380743792,Unacceptable
https://www.thomascook.com/,https://thomascook.com,2026-01-29 13:17:02,0.2356258306042204,0.41740294996336547,-0.04000000000000004,0.023161910873617932,0.05765499686862178,1.582941771202622,1.9352941176470588,0.29411764705882354,0.20754813445019954,0.15321766177018015,1.9386111151895844,49.00473953765698,Unacceptable
https://www.loganair.co.uk/,https://loganair.co.uk,2026-01-29 13:18:50,-0.07801868667897449,0.35484008805767564,2.622764227642275,0.7567373758677115,1.88284860452304,1.5051329622524725,3.1941176470588237,1.6722689075630253,1.2286617460364284,3.1293192626015465,2.6906276236633917,49.99725208621892,Unacceptable
https://www.cityjet.com/,https://cityjet.com,2026-01-29 13:19:29,0.6524669289033503,0.7187030240198474,-0.2571683574074416,-0.14354319237352134,-0.1632228696831159,0.12374114072422296,-0.1,-0.3865546218487395,-0.25354826818504766,-0.2589952859025902,-0.4459396869423151,81.14158934874564,Good
https://www.icelandair.com/,https://icelandair.com,2026-01-29 13:20:19,1.842557196994567,-0.5238363049446559,1.6419512195121952,-0.11233498265598645,0.6399914778693045,0.6843118981842397,0.03529411764705882,0.47058823529411764,0.31647044579628736,1.2799299748945145,0.5336396192693185,68.84144648330454,Unacceptable
https://wowair.com/,https://wowair.com,2026-01-29 13:20:36,-0.05697165169151957,0.12414925491507194,-0.15772357723577282,0.48388826777793625,-0.294072934649151,-0.586703098003885,0.2411764705882353,-0.36134453781512604,-0.2952275480646398,-0.24311991558907148,-0.4953636656073018,92.01631931577971,Excellent
https://www.papaya.is/,https://play.is,2026-01-29 13:20:49,-0.304889983184482,0.5442456518475061,-0.3326829268292689,-0.1362850213271166,-0.5680656738968601,-0.32445024283660484,-0.10588235294117647,-0.7310924369747899,-0.6965525496849942,-0.4858758583352292,-0.7378438876067652,88.00202962552392,Excellent
https://www.airnorth.com.au/,https://airnorth.com.au,2026-01-29 13:21:52,-0.28676473970550975,0.1810151541820011,-0.18504065040650455,0.6458991815615357,-0.35269626250783137,-0.19370936353165064,-0.07058823529411765,0.06722689075630252,1.0310925308950427,-0.12362575610309692,-0.2519117287847825,86.00078634619304,Good
https://www.jetstar.com/us/en/home,https://jetstar.com,2026-01-29 13:23:02,1.647459892615514,0.7196191884136247,3.100809752627901,0.5637391368157089,1.2595984553525013,0.38572900361848056,0.0,1.084033613445378,0.9005224214275257,2.279663846798656,2.250131141457919,75.69703382044251,Unacceptable
https://www.virginaustralia.com/au/en/,https://virginaustralia.com,2026-01-29 13:24:26,4.625190810372886,1.1541571029681386,3.1736585365853704,5.720865604220937,1.7756019077837302,1.4498946035073583,1.7529411764705882,1.8403361344537814,1.2993301417199274,3.202928322592423,3.013936366026821,51.26334942661233,Unacceptable
https://www.afternic.com/forsale/scoot.com?utm_source=TDFS_DASLNC&utm_medium=parkedpages&utm_campaign=x_corp_tdfs-daslnc_base&traffic_type=TDFS_DASLNC&traffic_id=daslnc&,https://scoot.com,2026-01-29 13:25:15,-0.4654148043800977,0.005943548370463139,0.506341463414634,0.0011208874662063078,-0.10378092950116848,-0.3115396495900178,-0.058823529411764705,-0.06722689075630252,0.07439093324269842,0.6117219930229707,0.051364738764881006,87.80440790151331,Good
https://cebu-pacific.com/,https://cebu-pacific.com,2026-01-29 13:26:10,-0.6149734595657395,-1.2336486390296895,0.11219512195121949,0.7217240792801223,0.04241101029570511,-0.6542685900962175,-0.08235294117647059,-0.20168067226890757,-0.23530201661063468,0.14683491475606905,1.4878528973252478,93.05054049956932,Excellent
https://www.philippineairlines.com/ph/en/home.html,https://philippineairlines.com,2026-01-29 13:26:40,1.190261962482999,1.054289108956199,0.6734959349593488,0.08077490637773221,0.7347282087253167,1.0616930725986136,-0.10588235294117647,0.7983193277310925,0.3086683793944029,1.020448109709197,0.1774527456950229,60.17661789574575,Unacceptable
https://www.airasia.com/zh/tw,https://airasia.com,2026-01-29 13:27:26,-0.19136661608605884,0.6600973468838093,3.281626016260167,4.468534247802955,3.3334837808078728,2.000273522997277,0.07058823529411765,1.1764705882352942,2.8354321514316507,2.204929211609323,0.9837678242263986,43.681344845483935,Unacceptable
https://www.garuda-indonesia.com/oc/en/,https://garuda-indonesia.com,2026-01-29 13:28:36,2.748810845505641,0.7643737909469774,1.0676422764227633,0.7488842237081552,0.7351897197341324,0.687460208932705,-0.10588235294117647,1.8319327731092436,2.4855897279043373,1.1529241275289575,0.13283395022097172,68.7691599602204,Unacceptable
https://www.citilink.co.id/,https://citilink.co.id,2026-01-29 13:28:47,-0.5537880634069617,-0.8580615180564016,-0.3326829268292689,2.3885344819455114,-0.6717511775856202,-0.6640041802487339,-0.10588235294117647,-0.7478991596638656,-0.7138589614770405,-0.4858758583352292,-0.847935973603527,93.19956262995899,Excellent
https://www.bangkokair.com/,https://bangkokair.com,2026-01-29 13:34:38,-0.37831050664955523,-0.5238243085667911,0.15186991869918684,0.5227381669522244,0.05648707603123892,-0.24283937471791345,-0.08823529411764706,0.5714285714285714,2.4788457683357903,0.16097792819637968,-0.13161663714593483,86.75281666159749,Good
https://domains.atom.com/lpd/name/orientthai.com,https://orientthai.com,2026-01-29 13:34:57,-0.19058096022546767,-0.6345500873273044,-0.2767479674796754,0.43868782101284065,-0.39328225006322165,-0.2799080013208928,-0.011764705882352941,-0.25210084033613445,-0.4422293859263989,-0.3867761982916338,-0.40192420891334785,87.32022404219346,Good
https://valuair.com/lander,https://valuair.com,2026-01-29 13:35:47,-0.09295628839365906,0.6790150969495014,-0.3248780487804884,-0.14354319237352134,-0.47709274364378695,-0.281559134732581,-0.10588235294117647,-0.5798319327731093,-0.6199491739135464,-0.26950337900943994,0.12274840461244191,87.34549784837395,Good
https://www.flightlist.io/silkair.php,https://silkair.com,2026-01-29 13:36:04,-0.5638459190485263,-0.3241342282559737,-0.3326829268292689,-0.11572772796525573,-0.6760534024898254,0.19936138618448268,-0.1,-0.5294117647058824,-0.6052542190641148,-0.4609401125238619,-0.5478255878674464,79.9761117629055,Good
https://www.singaporeair.com/en_UK/np/home,https://singaporeair.com,2026-01-29 13:36:49,2.765512675975419,0.9108040874052623,1.7219512195121984,-0.12319856747433637,1.0420772865211043,1.0872654149959318,1.464705882352941,1.0588235294117647,0.9099736561512795,1.507119707879331,0.892880453716075,59.58946628756345,Unacceptable
https://www.malaysiaairlines.com/tw/en/home.html,https://malaysiaairlines.com,2026-01-29 13:38:07,1.5001025576365723,2.5964941778526223,4.180769495549799,1.1496167661994365,2.5748613936380376,2.385506022335207,-0.09411764705882353,1.9327731092436975,2.1466095307227753,2.9764660544838817,2.7059561580424747,38.76740136189023,Unacceptable
https://www.boldcontenthub.com/navigating-brunei-air-flights-tickets-and-airport-services/?cmp=cid-98081&dark=true&ra=organic&rp=bruneiair.com,https://bruneiair.com,2026-01-29 13:38:30,-0.04487975007011296,0.6285692880927441,-0.3287804878048787,0.18999124408149465,-0.45699391778099596,-0.4658413068027708,-0.1,-0.31932773109243695,-0.5431976905620635,-0.3458573808235343,-0.21730373162517963,90.16629468190105,Excellent
https://royalbrunei.com/,https://royalbrunei.com,2026-01-29 13:38:45,-0.7330599730805613,-1.3127032202927016,-0.3326829268292689,0.051260769238173964,-0.7466176908887612,-0.6203378933975408,-0.1,-0.6050420168067226,-0.672660962790982,-0.4841261923175753,-0.6422527766617591,92.53116523536556,Excellent
https://laoairlines.com/en/,https://laoairlines.com,2026-01-29 13:39:46,2.1421883684695135,1.2044409720134628,-0.17983739837398421,-0.03144121711285902,0.4793037716355868,0.6566532206423599,0.29411764705882354,0.21008403361344538,1.8558439630522234,-0.07942156685741102,-0.2749712690088376,69.47650121339501,Unacceptable
https://bambooairways.com/vn/vi,https://bambooairways.com,2026-01-29 13:41:21,3.8976415236416635,3.1882197590283203,0.08226208057001619,0.31392980952759775,1.8652636283475943,1.5837445389317317,0.5882352941176471,2.504201680672269,3.5338483653515596,1.0633699798372465,1.5122525497503305,48.994499603959596,Unacceptable
https://www.spicejet.com/,https://spicejet.com,2026-01-29 13:43:02,1.441610557859379,3.2106928336899743,1.1469204682926861,0.4813110625816419,0.5721336051567969,1.4550172149297436,1.488235294117647,0.10084033613445378,0.6028530146565592,1.229403139830722,0.41288002658868017,51.14573213962254,Unacceptable
https://www.airindia.com/,https://airvistara.com,2026-01-29 13:44:06,1.7165983483935272,0.6745304107050714,1.7330081300813016,0.43047730758842695,0.8173456326430485,1.1650848841609653,-0.052941176470588235,0.7815126050420168,1.0077980283486394,1.3999746613357567,0.9009371441995433,57.802698937188296,Unacceptable
https://allianceair.in/,https://allianceair.in,2026-01-29 13:45:52,1.0468569769505345,1.1457384113238638,-0.3196747967479681,3.8829109494309146,0.946187874684116,0.1846971086822515,-0.10588235294117647,0.0,2.6947192735117875,-0.27453216628029503,-0.25573451896779337,80.20853977878998,Good
https://www.afternic.com/forsale/nok-air.com?utm_source=TDFS_DASLNC&utm_medium=parkedpages&utm_campaign=x_corp_tdfs-daslnc_base&traffic_type=TDFS_DASLNC&traffic_id=daslnc&,https://nok-air.com,2026-01-29 13:47:41,-0.3360041311128098,0.24887080398809325,0.5265040650406504,-0.02429821951660471,-0.05609286248598725,-0.10081261943498747,1.1176470588235294,-0.05042016806722689,0.07507699164485719,0.5659013220099461,-0.040670536618832846,84.5788211140216,Good
https://www.skymark.co.jp/ja/,https://skymark.co.jp,2026-01-29 13:48:52,2.7854726096840023,0.6308544208720355,0.6624390243902428,2.696643800386063,1.8127451666064083,0.4047957647256316,-0.08235294117647059,1.1092436974789917,2.223626293639977,0.4678017458676219,0.15455337824399917,75.25925306211568,Unacceptable
https://www.virginaustralia.com/au/en/,https://virginaustralia.com.au,2026-01-29 13:50:49,4.325411698691161,1.0955162323019227,1.0533333333333341,5.771683624100063,1.595966430470395,1.2696610765224972,1.8294117647058823,1.7899159663865547,1.2487770002890288,1.863084667439639,2.5986297219267183,55.40158610330515,Unacceptable
https://rex.com.au/,https://rex.com.au,2026-01-29 13:51:15,1.4016698821748834,0.16000019002580573,0.25723577235772305,5.647379347903456,0.20452668923524872,0.27920369757975605,0.7,0.11764705882352941,0.1756729740830214,0.15399753488934526,-0.09766534835575974,78.14289911431985,Good
https://www.hugedomains.com/domain_profile.cfm?d=originpacific.com,https://originpacific.com,2026-01-29 13:54:08,-0.2536372340199305,0.19763408326654044,-0.18291438461212936,-0.14354319237352134,-0.16392131218570558,-0.41458136214982766,-0.08823529411764706,-0.24369747899159663,-0.2717340174023669,-0.17577051536294686,-0.6131814183566006,89.38166159482888,Excellent
https://www.soundsair.com/,https://soundsair.com,2026-01-29 13:54:49,0.6180796085461799,0.584206629833675,-0.08162601626016328,-0.012383207669733316,-0.1808025642003924,-0.003307738922628681,1.088235294117647,-0.23529411764705882,-0.27077610904276855,-0.17444107690765312,-0.3540699234240668,83.08631939715481,Good
https://www.qantas.com/en-au,https://qantas.com.au,2026-01-29 13:57:41,1.1431999378177096,0.5148580653832748,0.40552845528455295,0.03931123572808762,1.426515147821545,0.46318708483223553,-0.1,2.19327731092437,1.7320443684864575,0.7992915751826271,0.7341705920119169,73.91856408760565,Unacceptable
https://www.jetconnect.co.nz/,https://jetconnect.co.nz,2026-01-29 13:58:28,0.13454918143065372,0.05791112583637321,-0.329430894308944,-0.1339906375969613,-0.2801001919257228,-0.4175575809125462,0.4647058823529412,0.42857142857142855,-0.2780758142443492,-0.16263720201526433,-0.07840724194497793,89.42721840788057,Excellent
https://www.aircalin.asia/en?acr=com-to-asia&rd=1,https://aircalin.com,2026-01-29 13:59:03,1.2560085550135562,2.1213094195004585,-0.05365853658536676,2.9318597579683985,0.7019752163347021,0.6433041948418999,-0.052941176470588235,0.37815126050420167,0.13524809148941952,-0.08359355147823586,0.45226117238461216,69.7830003930411,Unacceptable
https://www.polynesianblue.com/,https://polynesianblue.com,2026-01-29 14:00:07,-0.4456440068790998,-0.38089977290957017,-0.3326829268292689,-0.14354319237352134,-0.6267617885790207,0.11723735372976794,-0.07058823529411765,-0.40336134453781514,-0.5623158878710637,-0.48364826760706475,-0.21802450910381993,81.2411424501325,Good
https://www.airvanuatu.com/,https://airvanuatu.com,2026-01-29 14:00:57,0.9970977301898487,0.35345735850516974,0.4413963410756878,1.5428130240203086,0.3558489637344667,0.6306388187100296,-0.08823529411764706,0.48739495798319327,0.3889897755807422,0.7512067719142776,0.11364525201183671,70.07380269220168,Unacceptable
https://airmarshalls.com/,https://airmarshalls.com,2026-01-29 14:02:34,-0.5570421072263044,-1.0654164792471417,-0.25593495934959404,-0.13888358460836156,-0.6300112069205961,-0.23803860997844817,1.111764705882353,-0.6134453781512605,-0.5828456243347051,-0.35481678631211994,-0.6008214193710282,86.6793316259944,Good
https://cheapskat.com/,https://cheapskat.com,2026-01-29 14:03:30,-0.5126354675439524,-0.1524056845977413,-0.3326829268292689,0.07989494892967962,-0.6546980305044443,-0.776352293309773,0.011764705882352941,-0.4369747899159664,-0.5857861483959929,-0.4790074936575195,-0.614089064070444,94.91926887183364,Excellent
https://www.dmv.ca.gov/portal/,https://dmv.ca.gov,2026-01-30 13:31:04,0.3037948006657905,0.17629628112337617,-0.0991869918699191,0.3193205989878484,-0.1879796723900287,-0.06199172638531545,-0.01764705882352941,-0.10084033613445378,-0.17529189136322693,-0.2055186841396085,-0.28283575216466833,83.98459188957172,Good
https://www.ssa.gov/,https://ssa.gov,2026-01-30 13:31:26,0.048547878042496995,-0.5889457717654875,-0.20390243902439104,-0.12489278068965802,-0.08154893558592767,-0.10940027675672875,-0.07058823529411765,-0.13445378151260504,-0.126933260767007,-0.21413575321583367,-0.31058835463853673,84.71027190119463,Good
https://www.usps.com/,https://usps.com,2026-01-30 13:32:24,0.10100298459375895,-0.610654319437179,0.715772357723578,-0.08341232083191677,0.2646171271977384,-0.16075249605205844,-0.058823529411764705,0.8907563025210085,0.10704139983290673,0.39854449327599084,1.6484100850116992,85.49631743102312,Good
https://www.healthcare.gov/,https://healthcare.gov,2026-01-30 13:33:15,-0.03366875795033122,0.16376987199097084,0.33918699186991935,2.312795652094231,0.39550467972714326,2.81761028984391,0.029411764705882353,0.6974789915966386,0.14136868514347511,0.747901686944406,1.273910124387506,33.25557161438283,Unacceptable
https://www.va.gov/,https://va.gov,2026-01-30 13:33:50,-0.2620067211473995,-0.015283143093245135,0.67349593495935,3.4161797711632196,0.4181779582710952,0.6664531089969431,-0.1,-0.2857142857142857,-0.07755704075305997,0.3309335326449248,0.37850161040375546,69.25149170437155,Unacceptable
https://www.epa.gov/,https://epa.gov,2026-01-30 13:34:32,0.6456242476373738,-0.5237404790004807,-0.010081300813008289,4.654179222613505,-0.1716898486459133,-0.1563318074837819,-0.029411764705882353,0.025210084033613446,-0.11312503503353398,-0.16537637412369374,-0.3319340461911581,85.42865019997564,Good
https://www.nasa.gov/,https://nasa.gov,2026-01-30 13:34:56,1.1050176942488217,-0.23584588660910646,-0.12000000000000043,-0.14354319237352134,1.4084551911450678,0.09846487130599252,0.023529411764705882,-0.03361344537815126,4.129165551354079,-0.14510255788285994,-0.19873970723086645,81.52849178177735,Good
https://www.nist.gov/,https://nist.gov,2026-01-30 13:35:41,-0.07510433003487524,0.3227663880269409,1.075447154471545,0.2535075046318798,-0.04179923894961653,-0.1473879574501982,-0.06470588235294118,-0.08403361344537816,-0.009342138844559658,0.8709322008024194,0.9521657361073478,85.29174719101466,Good
https://www.nyc.gov/main,https://nyc.gov,2026-01-30 13:36:12,0.9711543620140993,-0.17631636457588,-0.041300813008128906,1.089878764712243,0.14927936683639295,0.6586205600054851,0.18235294117647058,0.18487394957983194,0.49769882296223233,0.12572304743834856,0.23718651185078307,69.43133028407803,Unacceptable
https://www.chicago.gov/city/en.html,https://chicago.gov,2026-01-30 13:36:37,0.9945053986830906,1.2720646306773618,-0.16487804878048828,0.3830291788280123,0.255860453356888,0.641579105179053,0.029411764705882353,0.0,0.20331132685570277,-0.04066639244494291,-0.14037808783074007,69.8226091685714,Unacceptable
https://www.boston.gov/,https://boston.gov,2026-01-30 13:36:57,-0.23854608420630266,-0.08747930858954363,-0.16682926829268369,-0.12306455389837508,-0.2953554151885407,-0.3416084793435703,0.7,0.11764705882352941,-0.17965600029731021,-0.25306642312059213,-0.3414216134470382,88.26466978579576,Excellent
https://www.miami.gov/Home,https://miami.gov,2026-01-30 13:37:54,1.709564285042315,2.27159221711049,-0.018407280400858376,-0.14354319237352134,0.34107281087151486,1.7245016636622372,2.823529411764706,-0.14285714285714285,0.3450905245985542,-0.020896945440854697,0.2596373955373196,47.199031783805324,Unacceptable
https://www.phoenix.gov/,https://phoenix.gov,2026-01-30 13:38:27,1.33869446076062,0.8922017258393012,0.6839024390243906,3.6599772591234725,0.6222068703569476,0.5451419565133515,-0.041176470588235294,0.5882352941176471,1.634507998459517,0.4430121661649017,0.27285164931239164,72.03684617696999,Unacceptable
https://dallascityhall.com/Pages/default.aspx,https://dallas.gov,2026-01-30 13:39:09,2.324576590819613,3.6743946032125976,1.5027680520420994,-0.14354319237352134,0.6080203586790579,2.6341989019996235,3.6411764705882352,0.23529411764705882,2.0211561138076712,1.2255835886231814,0.7953512522173916,35.59512810471857,Unacceptable
https://www.berkeley.edu/,https://berkeley.edu,2026-01-30 13:39:25,0.5173530676529999,0.6426779556460968,-0.2741463414634155,-0.0700024403586475,-0.22518046790603455,-0.4582650856660518,-0.058823529411764705,-0.3277310924369748,3.5388213305850846,-0.40030954519982437,-0.5810454209941123,90.05032589147233,Excellent
https://www.ucla.edu/,https://ucla.edu,2026-01-30 13:40:51,0.9975457543473535,1.5210419274041678,-0.3086178861788624,0.5480327725593208,0.02758305245643983,0.5088742994831588,0.9588235294117647,0.226890756302521,2.0513500751933424,-0.3103289194213639,-0.18879297802563025,72.86956665362507,Unacceptable
https://www.wisc.edu/,https://wisc.edu,2026-01-30 13:43:30,-0.23400928707261612,-0.05382865476491725,-0.30341463414634207,-0.1342162786853408,-0.35202173967847894,-0.35820547244326134,-0.09411764705882353,-0.44537815126050423,0.4727209313037485,-0.35882577648942043,-0.4813965997989832,88.51871902482821,Excellent
https://twin-cities.umn.edu/,https://umn.edu,2026-01-30 13:44:00,0.20522019795705063,0.6126053266396913,0.8217886178861794,0.09239422430283886,1.1541548353864515,0.6814136396178964,-0.041176470588235294,0.226890756302521,1.4348723951220044,0.8485471497488565,0.1501753224478137,68.90799170437646,Unacceptable
https://www.ms.now/,https://msnbc.com,2026-01-30 13:46:49,1.9012379754738293,1.9074492625844381,0.7495934959349625,4.103531583460417,1.281549222084163,0.8561495042401045,-0.041176470588235294,1.4285714285714286,1.5726921105542324,0.6918642934226885,1.1387883730584054,64.89598364011664,Unacceptable
https://www.usatoday.com/,https://usatoday.com,2026-01-30 13:52:19,-0.13711678424704543,-0.0006740745815442236,0.631710987742187,2.1609748466308525,1.197952406671313,0.2134680989979794,0.0,4.008403361344538,0.3879212656271805,0.7584655539611354,1.1554516805460824,79.6522157745787,Good
https://www.latimes.com/,https://latimes.com,2026-01-30 13:53:15,-0.0013013427115423758,-0.0006790665404160306,0.9434146341463424,-0.013361196388912337,0.4060578394098114,0.22141294516065296,0.03529411764705882,0.3025210084033613,0.11615453314937149,0.5832114280741332,0.44225571316259793,79.46979880515536,Good
https://www.overstock.com/,https://overstock.com,2026-01-30 13:54:07,-0.19498288717328757,-0.5976439637575223,2.984390243902442,-0.14354319237352134,0.6609288700687022,0.6359745269760094,0.7941176470588235,0.23529411764705882,0.1717794694559257,1.8062039339357918,1.172632879999893,69.95129261312928,Unacceptable
https://www.zappos.com/,https://zappos.com,2026-01-30 13:56:09,0.8389652838097703,-0.46089244759975806,0.2344715447154486,-0.14010892149598506,0.3289715418373814,0.1483496630500937,2.4058823529411764,0.5630252100840336,0.13849386499939326,0.6079961996811724,0.4268257360272613,80.7649080828652,Good
https://www.kohls.com/,https://kohls.com,2026-01-30 13:57:22,0.5980015218206995,0.35966520491520576,1.0982113821138222,0.3076665637190737,2.0241805074136914,0.31701963661902816,-0.03529411764705882,2.991596638655462,0.9655022267125982,3.0971742581288946,2.4618742083127,77.27462943933845,Good
https://jcpenney.com/,https://jcpenney.com,2026-01-30 13:57:34,-0.6939602382368626,-1.2814418304143196,-0.3326829268292689,0.46510064121971706,-0.7303126328862484,-0.9798155624085122,-0.10588235294117647,-0.7478991596638656,-0.682838499566183,-0.4858758583352292,-0.8521111438872063,98.03366967775749,Excellent
https://www.macys.com/,https://macys.com,2026-01-30 13:58:34,0.07704053951451896,0.7830077751497251,3.353157336408403,-0.09531529592202397,2.2025925422564168,2.1971489087185074,0.023529411764705882,2.53781512605042,2.804703250653395,3.1386503338861687,1.7246523249745391,41.1700444738707,Unacceptable
https://siteclosed.nordstrom.com/invitation.html,https://nordstrom.com,2026-01-30 13:58:46,-0.5823369117793703,-0.3861417122591012,-0.3326829268292689,-0.131388334242007,-0.6837643680553385,-0.8232479904825313,0.2529411764705882,-0.7226890756302521,-0.6714369535666995,-0.28495034799794405,-0.7663012502819708,95.63709866841634,Excellent
https://www.anthropologie.com/,https://anthropologie.com,2026-01-30 13:59:07,-0.22868244807739355,-0.2792068535159184,0.3122336780487806,-0.14301381624983597,-0.28825366302640176,0.42175226977566643,-0.10588235294117647,-0.5714285714285714,-0.5898743008778112,0.227458986342843,-0.37099484644102776,74.86992465978976,Unacceptable
https://www.urbanoutfitters.com/,https://urbanoutfitters.com,2026-01-30 13:59:25,-0.2298076305288511,-0.34215178765009385,0.004034112289340175,-0.1427048208705087,-0.43112539894962715,0.32713488380432676,-0.10588235294117647,-0.5294117647058824,-0.5905510512250324,0.10165179723010338,-0.43164159740306546,77.04237916051252,Good
https://www.forever21.com/,https://forever21.com,2026-01-30 13:59:53,-0.24535713775170312,-0.38057413223809844,-0.2565853658536585,0.9779115003113683,-0.021130438374632247,-0.5368329597017293,0.1,0.3697478991596639,0.0013881321341364633,-0.20385315979633784,0.00029631963010763726,91.25295991627848,Excellent
https://lifehacker.com/,https://lifehacker.com,2026-01-30 14:00:46,0.8985171313514887,-0.0321545899970689,1.2939837398373975,0.34204142922614256,1.7835964046277604,0.2322155233320704,-0.01764705882352941,2.7815126050420167,2.275192370461134,2.1138941704484275,1.3462174532262134,79.22176712126364,Good
https://www.zillow.com/,https://zillow.com,2026-01-30 14:03:33,-0.17790157062130502,0.38180852929707915,2.1349593495934998,-0.12915892582597255,1.3773241631256927,0.4429020094655377,0.6823529411764706,1.2857142857142858,0.7832833629947736,1.6146561334111849,0.36777537370310115,74.38431784760945,Unacceptable
https://www.redfin.com/,https://redfin.com,2026-01-30 14:05:59,-0.015552347213016088,-0.12651254553195493,1.9035093530829499,6.060285383015595,1.1430935424097846,0.7061780481460497,1.0647058823529412,0.957983193277311,1.025697691759791,2.0139492471844216,2.0470053697922155,68.33939059357195,Unacceptable
https://www.trulia.com/,https://trulia.com,2026-01-30 14:06:55,0.6120666372750904,0.034062751152455814,1.085853658536585,-0.14354319237352134,0.16552396220501525,0.06050635701255275,0.03529411764705882,-0.025210084033613446,-0.09711326417676654,0.3345006588293084,1.4867904179308078,82.10952062315407,Good
https://www.apartments.com/,https://apartments.com,2026-01-30 14:08:04,0.6225554251955955,0.007034415287355143,0.21756097560975646,-0.13879283109013932,0.6802909070318863,-0.21743767094054156,-0.07647058823529412,0.7983193277310925,0.35049576685403006,0.364769544368025,2.133087557111604,86.36399421189186,Good
https://www.rent.com/,https://rent.com,2026-01-30 14:09:02,0.02977221180025056,-0.13089083536620885,0.9537940165199841,-0.14354319237352134,0.45816089247416986,-0.39454713521709683,0.6,1.5294117647058822,0.009202791786818713,0.6649711718603464,1.5989487326996719,89.07499881101664,Excellent
https://www.padmapper.com/,https://padmapper.com,2026-01-30 14:09:27,0.03333450987468872,0.06883676092005639,0.29300267693081444,-0.14354319237352134,-0.11076689151768508,-0.21968983101952436,-0.052941176470588235,-0.226890756302521,-0.3883105613366257,0.029914528887159654,-0.16244455686200177,86.39846789943323,Good
https://www.hotels.com/,https://hotels.com,2026-01-30 14:10:13,-0.38712164898800955,0.052503640445397105,1.8728450430881833,0.01088430019191533,0.9861412320315531,0.8602501516242844,1.7705882352941176,1.2436974789915967,1.822815698938081,1.3869115461849977,0.9614397396658528,64.80183107212731,Unacceptable
https://www.yelp.com/,https://yelp.com,2026-01-30 14:10:53,0.6075114976697339,1.9276181230804055,2.0725203252032527,-0.12273819703230536,0.5769840523118325,0.28213991923706794,2.2058823529411766,0.2773109243697479,0.13300457648315814,1.2807117712519556,0.6487664694316934,78.0754822449035,Good
https://www.yellowpages.com/,https://yellowpages.com,2026-01-30 14:11:09,0.07521478151674207,-0.2144304972049018,-0.29365853658536645,-0.14354319237352134,-0.4084776461471461,-0.07148726484924345,-0.041176470588235294,-0.42857142857142855,-0.544017073162886,-0.3902014856534825,-0.5600307531724219,84.12993956227811,Good
https://www.superpages.com/,https://superpages.com,2026-01-30 14:11:35,-0.2265026142302563,0.2980891264908047,-0.3307317073170738,-0.14020291102284788,-0.5052526752821704,-0.23452922747316837,-0.08823529411764706,-0.2689075630252101,-0.5861598394251016,-0.43427970279237244,-0.04123114132444196,86.62561370555032,Good
https://citysearch.com/,https://citysearch.com,2026-01-30 14:11:51,-0.026423182454896776,-0.3113412672602083,-0.2312195121951225,-0.14191267220196935,-0.4519416808360269,-0.3945530789662223,-0.10588235294117647,-0.5630252100840336,-0.5985929369247186,-0.2856859866368586,-0.6213075170417156,89.0750897916499,Excellent
https://foursquare.com/,https://foursquare.com,2026-01-30 14:12:38,-0.16766219970326887,-1.0231089965578137,-0.1876422764227647,1.9507963783762607,-0.29530221510099497,-0.6772631483888244,0.0,0.17647058823529413,0.21744068048451984,-0.16069088488433245,-0.08328183333756023,93.40251690885233,Excellent
https://www.allrecipes.com/,https://allrecipes.com,2026-01-30 14:13:25,-0.2324026231825352,0.15561234000908813,0.7183739837398366,0.7805563832030146,1.1419395490924544,-0.21141996135685387,0.3764705882352941,3.2521008403361344,0.21254546488635515,0.934604369453108,1.0221612379219718,86.27188147006741,Good
https://www.foodnetwork.com/,https://foodnetwork.com,2026-01-30 14:14:09,-0.26639287805289297,0.10894026901661687,0.4569105691056883,1.1228216454766249,1.1348227248640579,0.4224481574099726,0.0058823529411764705,3.19327731092437,0.3338121734438318,0.8746113556161308,0.9188711556866004,74.85394679052582,Unacceptable
https://www.food.com/,https://food.com,2026-01-30 14:18:20,-0.22786953392449566,-0.44785766249583814,0.6006504065040642,-0.14354319237352134,0.9189495657122495,0.8594315212677148,-0.052941176470588235,2.8151260504201683,0.2444135073291693,0.993766544356723,1.0584510491984018,64.82062716530089,Unacceptable
https://www.delish.com/,https://delish.com,2026-01-30 14:19:02,0.9846005333384165,-0.14394656547249582,0.9700813008130057,0.2741992849102642,1.3833873385027575,0.33738754721094794,0.07647058823529412,2.0588235294117645,1.3045037776672523,1.2214366060998794,0.8154475961403699,76.80697374814088,Good
https://www.tasteofhome.com/,https://tasteofhome.com,2026-01-30 14:20:20,-0.2608931758637433,-0.0028609286654177656,-0.3326829268292689,-0.14354319237352134,-0.549718477984721,-0.7463483368887421,0.011764705882352941,0.15966386554621848,-0.36045018407705265,-0.454166467331032,-0.31238762878892035,94.46000000000001,Excellent
https://vk.com/,https://vk.com,2026-01-30 14:21:36,1.7976318993957128,3.96855469087094,1.7050406504065054,-0.07700635047106894,0.6021429041331658,1.2051613493500914,0.6705882352941176,0.453781512605042,0.276582692725844,1.418366108118184,0.370514328121934,56.882526642431095,Unacceptable
https://ok.ru/,https://ok.ru,2026-01-30 14:22:08,0.06500211337995036,0.9892450487114897,-0.10113821138211422,-0.08440769609907768,0.2793122655161244,0.36179278044991314,2.8117647058823527,1.1428571428571428,0.06657025073093897,0.006822687768758579,0.2988049776358765,76.24661945123356,Unacceptable
https://dzen.ru/?yredirect=true&is_autologin_ya=true,https://yandex.ru,2026-01-30 14:23:23,3.8230258867545346,0.26106375427818895,1.4206469571885318,-0.08512886114754045,1.380261246323008,2.0065571240299596,3.476470588235294,0.9663865546218487,0.7889500520874648,1.7744863691689048,2.2470825196778925,43.601192572762606,Unacceptable
