url,requested_url,timestamp,LCP_ms,FCP_ms,TBT_ms,CLS,TTI_ms,SpeedIndex_ms,TTFB_ms,noOfRequests,pageSize_kb,javascriptExecution_ms,loadTime_ms,target,category_fixed,category_quantile
https://www.google.com/sorry/index?continue=https://google.com/&q=EgRC-VLJGJuM0csGIin5VDM-ST7IY7MDoHGXXHHaNNw8bHPZaBpf7GvMTXuxGmHlf40Gl6etGTICclJaAUM,https://google.com,2026-01-24 09:55:11,0.9938774018695156,0.9719497683566788,0.9787572267998408,0.0041705629979861,0.9811531029472976,0.9896915012749185,1.0,0.9923554706163402,0.989272360237942,0.9625130257551188,0.9677996105009832,0.936699921001802,≥0.9,Q4 (Top 25%)
https://www.youtube.com/,https://youtube.com,2026-01-24 09:55:53,0.9022891508379436,0.5302743136687731,0.9242762321705974,0.0298260511678116,0.9164800349775848,0.8926291248535266,0.95084388185654,0.9321548017200192,0.9780495802261828,0.8010388792019696,0.7097243179334716,0.828158323961414,0.8-0.9,Q1 (Bottom 25%)
https://x.com/,https://x.com,2026-01-24 09:56:21,0.9171732587120548,0.9802663458245902,0.9341335969495834,0.0006417987556195,0.9494453008831816,0.9154751973573982,0.9856540084388186,0.9608217869087434,0.9810742905896696,0.8869337489694309,0.8967342364410203,0.8936379170921595,0.8-0.9,Q2 (25-50%)
https://www.linkedin.com/,https://linkedin.com,2026-01-24 09:57:16,0.987238482344751,0.9383755243288714,0.9829404621548032,0.0021478291986797,0.9709288889028204,0.9711759689920576,0.9989451476793249,0.968944099378882,0.994527410978867,0.9525489679287384,0.8850287365170726,0.9261585903544305,≥0.9,Q4 (Top 25%)
https://x.com/,https://twitter.com,2026-01-24 09:57:38,0.9197298310750356,0.9513322111399084,0.940855811326084,0.0006417987556195,0.951075091724385,0.922848508942424,0.9835443037974684,0.9603440038222648,0.9810035626350092,0.9055321667759392,0.8892783256954573,0.8934059119838598,0.8-0.9,Q2 (25-50%)
https://www.reddit.com/,https://reddit.com,2026-01-24 09:58:08,0.9716933335282396,0.8936491084890976,0.9872899308007343,0.0654711922708674,0.954335802724993,0.9547327170795172,0.9329113924050632,0.9641662685140946,0.9845848585169366,0.9324334580491742,0.8168804058852238,0.9098481693336581,≥0.9,Q3 (50-75%)
https://www.wikipedia.org/,https://wikipedia.org,2026-01-24 09:58:24,0.9852675533417068,0.9369260096446986,0.994633526338088,0.0006769821848914,0.9912288590489274,0.9603485371949052,0.970253164556962,0.9966555183946488,0.9987999677257946,0.9993457811560588,0.9578204478585486,0.9305393471263508,≥0.9,Q4 (Top 25%)
https://www.amazon.com/,https://amazon.com,2026-01-24 09:59:16,0.9099067833288992,0.913512964271276,0.9623217059737325,0.3924468563567893,0.9148132464654382,0.8809257267858822,0.8803797468354431,0.7740086000955566,0.8886035732776277,0.8806736484401442,0.6223203279480942,0.8751078968311834,0.8-0.9,Q1 (Bottom 25%)
https://www.ebay.com/,https://ebay.com,2026-01-24 09:59:51,0.9687771812783244,0.886648949420553,0.9721790707527184,0.0049955614065744,0.9377999329936588,0.9190300503018368,0.8748945147679325,0.9245102723363592,0.9732131544267312,0.93813051611223,0.7734840192491272,0.8896416128832907,0.8-0.9,Q2 (25-50%)
https://www.walmart.com/,https://walmart.com,2026-01-24 10:00:32,0.9747487866804906,0.9133652491970604,0.93252365485101,0.0053939110465999,0.9287220025856432,0.9606992851817971,0.9913502109704642,0.7515527950310559,0.5704174908366424,0.8807724065655135,0.7241564976069234,0.8748356006716301,0.8-0.9,Q1 (Bottom 25%)
https://aliexpress.com///_____tmd_____/punish?x5secdata=xf4CzAqJH9-jZwwMXa91JblEd1SnT3z3mBjhKys1e62eJ1CsRm7xcHNNtkBfpX_MU1dth11WdhjhMnRvjaK3RtDDcQdpklSgAkghfQj-0WwBiK46wiPdE06vcInLsQMIpGuWf-bf9FslVsa2EjlWl7_rE4j7FH4oa0zhVvQ14CFBNAc13WXZhjccIpS6tOzj3Kl_20Gq0IBv8L0NG1VEoSkEwp4RjskBla2ROW3MmoN-eVCXY2nWfNWWL__4SEJh3XMqoz-gWXaUDqKclHLUwJ4gpIGe5Ik5G8ZP7uXB9OkJaqWb-eCjEwI2x4ypQC6cCtQKmb4AkjibLzPB5DSIIWNQCgelpxjdIdLx30ZKTsRnPtKNY_47VmAMrOGC4G2FcS34k6MoGVc2BzeVheNvSzSXzaY6xOfaVsNxW6GNtf9NDL4FRq488SR_qAC4ac3Zza_GJD4BF5nLT5rnzAdmnKm6ij1jgqdahKYgrCuFJCu29hmy6v9LUAEENhyuvAVpjWmeYHwi5S4XD8okW27r9bam_0SJo4BHrxwy7P6c5I6zFhLZhsCCUAluVwiSM51I-zB4OpnosCC7QjvCJE9jBWU3HXgUzbhgZLJI_Z-SQz3aRWrBS1_PEd_hB_hqTS6MMbhnoHL5lOLEILzSZmb00BoJg8G20hJu5fKwqtrd_XIJyUyA8FvUaUjC0QgRcV9EbVjYsRojHm6kZQicAlhV0EvQ__bx__aliexpress.com%2f&x5step=1,https://aliexpress.com,2026-01-24 10:00:49,0.9750976721018858,0.94713099762139,0.9495551475780256,0.0082269503546099,0.9698284492319552,0.9515216410881732,0.9605485232067512,0.981844242713808,0.9961645507989544,0.9369215400108364,0.94318297402189,0.9155248928133605,≥0.9,Q3 (50-75%)
https://www.bing.com/?toWww=1&redig=C02DBF635D7C46C991D6AC3A591AA0DF,https://bing.com,2026-01-24 10:01:26,0.9731094542421732,0.9298323229584377,0.9422680412371136,0.1361494116098601,0.92788321459817,0.9200639147045888,0.950632911392405,0.8690874343048256,0.9661305287363784,0.8681013912585109,0.7605784816257058,0.8976300951733563,0.8-0.9,Q2 (25-50%)
https://duckduckgo.com/,https://duckduckgo.com,2026-01-24 10:01:52,0.9926554420335862,0.9807509319261172,0.9661634817717356,8.426475705869696e-05,0.9732208045429804,0.9589674504815814,0.9286919831223628,0.9445771619684664,0.983536303378142,0.9533622080675428,0.860058434184091,0.9207358650429126,≥0.9,Q3 (50-75%)
https://www.yahoo.com/,https://yahoo.com,2026-01-24 10:02:57,0.9483061547185964,0.8914057576177872,0.8945064256460951,0.0101135891873145,0.8438329873179414,0.8249243655382461,0.8879746835443038,0.6483516483516484,0.9445363590933576,0.6326505305191146,0.4907584966121797,0.8271878179231941,0.8-0.9,Q1 (Bottom 25%)
https://www.baidu.com/,https://baidu.com,2026-01-24 10:03:34,0.9407501863770872,0.9275884599379316,0.9888716283010874,0.061829524560021,0.9645208326851248,0.8921032897034347,0.9930379746835444,0.9488772097467748,0.9803908862640562,0.967064966354236,0.761145840040387,0.9044350448773505,≥0.9,Q3 (50-75%)
https://yandex.com/,https://yandex.com,2026-01-24 10:03:56,0.997952623221752,0.9889832377690356,1.0,0.0,0.9987765548246924,0.9700434941372802,0.8405063291139241,0.9823220258002868,0.996671666859504,0.9923835091829816,0.8906939222662983,0.9292691148842648,≥0.9,Q4 (Top 25%)
https://www.netflix.com/,https://netflix.com,2026-01-24 10:04:23,0.9667869181364857,0.9193715213256328,0.932411479482684,0.0042128615285011,0.9163465202962912,0.9434100028267026,0.9352320675105484,0.9608217869087434,0.968821164274324,0.8809576904089497,0.8399022799783135,0.8919207078485383,0.8-0.9,Q2 (25-50%)
https://open.spotify.com/,https://spotify.com,2026-01-24 10:05:07,0.8575347676493117,0.5864490632175616,0.8844231040813444,0.7359850970252168,0.8904677156904058,0.8433186759139478,0.999789029535865,0.9039655996177736,0.9622775201061352,0.7903589324399068,0.6931430816333577,0.8446962310757931,0.8-0.9,Q1 (Bottom 25%)
https://soundcloud.com/,https://soundcloud.com,2026-01-24 10:05:47,0.912568142539161,0.8981213183136834,0.8917102104222567,0.0572284259187132,0.8978020931387437,0.9003079668521685,0.9468354430379748,0.9101767797419972,0.9576449950606624,0.808771792834764,0.7321228442946419,0.8605508301591935,0.8-0.9,Q1 (Bottom 25%)
https://www.twitch.tv/,https://twitch.tv,2026-01-24 10:06:21,0.9268355132807023,0.9240927677288966,0.9066236488435724,0.0014559845897907,0.9347758699648154,0.9137336568557686,0.9835443037974684,0.8834209268991877,0.9743758967891132,0.8115603908867719,0.7867992120436754,0.8767368571393281,0.8-0.9,Q2 (25-50%)
https://vimeo.com/,https://vimeo.com,2026-01-24 10:07:18,0.9345705572342268,0.88862148010038,0.7798613521824633,0.0072133709267909,0.8520823011765698,0.878635174013244,0.95042194092827,0.8805542283803154,0.7087217754857112,0.7187281438537365,0.567936037803987,0.8208586003321705,0.8-0.9,Q1 (Bottom 25%)
https://www.disneyplus.com/en-tw,https://hulu.com,2026-01-24 10:08:01,0.8844987286275945,0.8714909283685677,0.8873322976980651,0.0,0.8841684635834752,0.9044830122628544,0.9945147679324896,0.8791208791208791,0.9626331908649024,0.8352968887321537,0.701013313326484,0.848404738687475,0.8-0.9,Q1 (Bottom 25%)
https://www.disneyplus.com/en-tw,https://disneyplus.com,2026-01-24 10:08:47,0.8911291963268984,0.8954006847115856,0.8263522101398108,0.0,0.8698659639993132,0.9028228397670632,0.9951476793248946,0.8776875298614429,0.9622142921542288,0.7615935082731792,0.678833145302543,0.839053797948591,0.8-0.9,Q1 (Bottom 25%)
https://github.com/,https://github.com,2026-01-24 10:09:36,0.9595944705094384,0.8400853981790726,0.7940686343736759,0.0021848166423574,0.877065250975885,0.9207877861543664,0.8869198312236287,0.9345437171524128,0.962998449912419,0.9422751136402364,0.6416888990913867,0.8452998131303716,0.8-0.9,Q1 (Bottom 25%)
https://about.gitlab.com/,https://gitlab.com,2026-01-24 10:10:10,0.9642951990371814,0.8707033865254186,0.9428329332015252,0.0183731834131552,0.9429409565626984,0.9531875839206876,0.9981012658227848,0.9354992833253702,0.975831362094282,0.898813253270079,0.7801579458639292,0.8971283905044863,0.8-0.9,Q2 (25-50%)
https://bitbucket.org/,https://bitbucket.org,2026-01-24 10:10:57,0.9662298594489436,0.9036324552461306,0.9235025661551646,0.0441377898264272,0.9210339138790058,0.9279592995196724,0.9915611814345991,0.9426660296225512,0.96353643822539,0.9099005431032516,0.6718596758405163,0.890812199442824,0.8-0.9,Q2 (25-50%)
https://stackoverflow.com/questions,https://stackoverflow.com,2026-01-24 10:11:23,0.9465685343927176,0.9404035755588136,0.9717554017794096,0.0050321033682794,0.9681531064522048,0.9634236359790026,0.9932489451476794,0.9665551839464884,0.9905805950136736,0.961320463746584,0.8598410090021491,0.9124313123803126,≥0.9,Q3 (50-75%)
https://medium.com/,https://medium.com,2026-01-24 10:11:43,0.9822978122522824,0.965357060756414,0.9533116791413642,3.598683346467034e-05,0.9667432621783572,0.9829348352986192,0.9993670886075948,0.985188724319159,0.9867977540662384,0.9152699836890816,0.91476746236818,0.923843258353374,≥0.9,Q4 (Top 25%)
https://www.quora.com/,https://quora.com,2026-01-24 10:12:03,0.9757661753455006,0.9435955950091246,0.9948877277220732,0.037037037037037,0.9843613496966108,0.9499548760851104,0.978902953586498,0.9875776397515528,0.9882601336354055,0.9793375490976785,0.9149680907549508,0.9272676644299039,≥0.9,Q4 (Top 25%)
https://wordpress.com/,https://wordpress.com,2026-01-24 10:12:23,0.9768390015004268,0.9463669210328572,0.9950007061149556,0.0001916876294364,0.9676741111105094,0.9850030521722316,0.990295358649789,0.967032967032967,0.9801050966854452,0.9788740072991126,0.9133416010891788,0.9267110180693927,≥0.9,Q4 (Top 25%)
https://www.tumblr.com/,https://tumblr.com,2026-01-24 11:00:06,0.8394816059747636,0.9282078885872312,0.9202937438214942,0.0387898551068095,0.9036354636349496,0.9276420125439804,0.9966244725738396,0.7692307692307693,0.943262008031255,0.8863370966940153,0.5555717302472022,0.8480521109158317,0.8-0.9,Q1 (Bottom 25%)
https://www.blogger.com/about/?bpli=1,https://blogger.com,2026-01-24 11:00:26,0.9694644883484456,0.8616107330901784,1.0,0.0,0.9817945150028088,0.9635535143689736,0.9981012658227848,0.9737219302436694,0.9881655495599324,0.999795019245133,0.9220395415221444,0.9189120157567603,≥0.9,Q3 (50-75%)
https://www.pinterest.com/,https://pinterest.com,2026-01-24 11:01:06,0.8957153147075995,0.8010831233714126,0.9663608346584344,0.0,0.927321255741706,0.869831244571327,0.9278481012658228,0.8686096512183469,0.929797102832977,0.8914933103973743,0.7211564033582394,0.853489691569626,0.8-0.9,Q1 (Bottom 25%)
https://www.paypal.com/us/home,https://paypal.com,2026-01-24 11:02:39,0.940238579400296,0.8829023469170922,0.9691286541448948,0.0,0.9515961390950308,0.9431314461924478,0.9972573839662447,0.9565217391304348,0.9839431244103576,0.8886849372715906,0.8102941958674285,0.8971505110687285,0.8-0.9,Q2 (25-50%)
https://stripe.com/,https://stripe.com,2026-01-24 11:03:20,0.9776782290295276,0.9115878547144116,0.963564505466804,0.0032743644911945,0.968883765204841,0.969205608793221,0.9535864978902954,0.8714763497372193,0.9915560410424344,0.9482722369532184,0.7212954434960477,0.9067294315048466,≥0.9,Q3 (50-75%)
https://www.shopify.com/,https://shopify.com,2026-01-24 11:04:48,0.9777062021853744,0.8947953492755647,0.9714447407920876,0.0,0.959601064193825,0.9784671930526692,0.9943037974683544,0.9020544672718586,0.9698408463125348,0.9414189232917856,0.286229520740776,0.9003827607485493,≥0.9,Q2 (25-50%)
https://www.alibaba.com/,https://alibaba.com,2026-01-24 11:08:07,0.9511223191957792,0.9182090019165784,0.8588131474033945,0.0419977963387045,0.8696861848479471,0.8640356766504058,0.9656118143459916,0.7716196846631629,0.9528866316837592,0.7579569660003169,0.5876013523286424,0.8505202014784151,0.8-0.9,Q1 (Bottom 25%)
https://www.ebay.co.uk/,https://ebay.co.uk,2026-01-24 11:08:38,0.9759051839308062,0.9074994287801856,0.9874029091936168,0.0036037859679942,0.9600979530815592,0.9062835412159124,0.8934599156118144,0.9464882943143812,0.9728945252774892,0.95711130412,0.8023857048075227,0.9011019578331579,≥0.9,Q2 (25-50%)
https://www.bestbuy.com/,https://bestbuy.com,2026-01-24 11:08:54,0.992851329751682,0.9654041236219004,0.97511650896766,1.0727825934681724e-05,0.9820169026032988,0.978416130344102,0.999789029535865,0.9694218824653608,0.9951392851423946,0.9629340472369454,0.942686535409044,0.9328433866815604,≥0.9,Q4 (Top 25%)
https://www.target.com/,https://target.com,2026-01-24 11:10:01,0.9192535359413702,0.9182461018060536,0.7135997740432143,0.033205278370585,0.8602238243148984,0.8568464393716269,0.9955696202531644,0.8193979933110368,0.9720512906724816,0.5852658582804044,0.4848189632084865,0.8177616791847284,0.8-0.9,Q1 (Bottom 25%)
https://www.homedepot.com/,https://homedepot.com,2026-01-24 11:10:12,0.9924387884062584,0.9720730143343556,1.0,0.0,0.995498340894229,0.9943388246665046,1.0,0.9976110845676064,0.9994749170398146,1.0,0.9943012206604314,0.9438450966132905,≥0.9,Q4 (Top 25%)
https://www.lowes.com/,https://lowes.com,2026-01-24 11:11:56,0.9801544222621792,0.9403759663664216,0.642988278491738,0.0002209461544614,0.764238281057682,0.7161315536298903,0.9318565400843882,0.789775441949355,0.9298751716222512,0.3997067661391984,0.1328337219925105,0.7757697463175616,0.7-0.8,Q1 (Bottom 25%)
https://www.ikea.com/,https://ikea.com,2026-01-24 11:12:18,0.979203430321051,0.9399525926751834,1.0,0.0,0.9876185097978832,0.98178397677831,0.9852320675105484,0.9555661729574771,0.9748709861050098,0.9844557759004224,0.8961892737532345,0.928766243751711,≥0.9,Q4 (Top 25%)
https://www.craigslist.org/about/sites,https://craigslist.org,2026-01-24 11:13:14,0.957652366827046,0.8691157047394062,0.9960457562491174,0.0,0.9747878225443832,0.8459179770768019,0.9993670886075948,0.9808886765408504,0.993134142216058,0.9870609660053196,0.5969972929165116,0.8971329417247281,0.8-0.9,Q2 (25-50%)
https://www.airbnb.com/,https://airbnb.com,2026-01-24 11:14:14,0.935686159564588,0.9611384978532224,0.9635079790989972,0.0005307976534454,0.9575095422522976,0.8884140072809202,0.9453586497890296,0.9350215002388916,0.9814742864920448,0.9265092211247188,0.53092709910949,0.8884932083469717,0.8-0.9,Q2 (25-50%)
https://www.booking.com/,https://booking.com,2026-01-24 11:15:00,0.9759729231638478,0.9238507590599,0.8828414065809915,0.0,0.9137134754333676,0.9188651944484632,0.9964135021097048,0.8838987099856666,0.9652639346151544,0.829899778675498,0.6779326504502942,0.8815842929792772,0.8-0.9,Q2 (25-50%)
https://www.expedia.com/,https://expedia.com,2026-01-24 11:15:52,0.984574094707801,0.9283295805152948,0.8993389513790465,0.0098424423451083,0.9078276965643788,0.9275046766861188,0.9221518987341772,0.906832298136646,0.9693669072590724,0.8379747307385308,0.622705721081751,0.8813277978568295,0.8-0.9,Q2 (25-50%)
https://www.uber.com/,https://uber.com,2026-01-26 09:54:23,0.9639266632829768,0.820218471131974,0.7910188532505378,0.0753217359486393,0.9154866463339524,0.9049524859820008,0.9945147679324896,0.935977066411849,0.9864373846639805,0.6607890145009911,0.7598487541910337,0.8581111881187199,0.8-0.9,Q1 (Bottom 25%)
https://www.lyft.com/,https://lyft.com,2026-01-26 09:54:55,0.9434672183771746,0.8915056327755779,0.8861460245728005,0.0025791547321764,0.9302569392977283,0.9416859895215328,0.9248945147679324,0.9335881509794554,0.9812958144401016,0.8697787943051544,0.7925829085143887,0.8756095229958004,0.8-0.9,Q1 (Bottom 25%)
https://www.google.com/maps,https://maps.google.com,2026-01-26 09:55:22,0.9583370568264225,0.8535119215501199,0.966897228713956,0.000657219741412,0.9568641713778384,0.958796239689172,0.9981012658227848,0.8198757763975155,0.9658370035861664,0.8879331327374871,0.8425888340504633,0.8952992031323037,0.8-0.9,Q2 (25-50%)
https://news.google.com/home?hl=en-US&gl=US&ceid=US:en,https://news.google.com,2026-01-26 09:55:51,0.9710696333872968,0.92424123803908,0.9886739161135432,6.721337749281245e-05,0.9699582750061346,0.964359451228398,0.9727848101265822,0.94314381270903,0.99012769798831,0.9628667494562244,0.8174263017282969,0.916185172872109,≥0.9,Q3 (50-75%)
https://www.cnn.com/,https://cnn.com,2026-01-26 09:58:33,0.9463266361060716,0.8332599727527052,0.8408517789633856,0.0093461152879961,0.6930004551043435,0.8313699699173507,0.9529535864978904,0.336359292881032,0.8559985591845305,0.6849872173297813,0.156066489180531,0.7743414693007425,0.7-0.8,Q1 (Bottom 25%)
https://www.bbc.com/,https://bbc.com,2026-01-26 09:59:33,0.9723153576658796,0.90516424193479,0.7673156439706836,0.0096222806598135,0.8718718131058247,0.8672080851636731,0.9953586497890295,0.8442427138079313,0.9686466204920742,0.677927437828888,0.5428696204764132,0.8432355112420118,0.8-0.9,Q1 (Bottom 25%)
https://www.nytimes.com/,https://nytimes.com,2026-01-26 10:01:03,0.7461421871178485,0.8071348799202206,0.445360824742268,0.2104868913857678,0.7464402336702379,0.665454143836577,0.9921940928270042,0.729574773053034,0.9136885548983872,0.3916751160163678,0.2600069240122319,0.6812286538310954,<0.7,Q1 (Bottom 25%)
https://www.theguardian.com/us,https://theguardian.com,2026-01-26 10:02:01,0.9824936108106735,0.9078783728901126,0.9372687473520688,0.1105638750032457,0.923861493681574,0.9231398191715544,0.9907172995780592,0.7080745341614907,0.9781504227929184,0.8787611330538874,0.5652224222285056,0.8890090051641126,0.8-0.9,Q2 (25-50%)
https://www.washingtonpost.com/,https://washingtonpost.com,2026-01-26 10:03:44,0.8784788926620998,0.9191296155973764,0.6923064003911746,0.0699870738913198,0.7756127116249704,0.7372500523985904,0.9605485232067512,0.449593884376493,0.951042350446364,0.5619233768259887,0.1536160233960695,0.7561250297160048,0.7-0.8,Q1 (Bottom 25%)
https://apnews.com/,https://apnews.com,2026-01-26 10:37:13,0.8409486806214876,0.9075347421641228,0.9060302217200964,0.0258583297294829,0.7335624656545608,0.8974534217658546,0.9776371308016878,0.1485905398948878,0.9153924625698132,0.7813320802345871,0.2945999236678976,0.7802567367818153,0.7-0.8,Q1 (Bottom 25%)
https://www.bloomberg.com/,https://bloomberg.com,2026-01-26 10:38:19,0.9245828581385028,0.8897112350845987,0.8869651179211976,0.0268083472338992,0.861534656336413,0.7625200929877967,0.9748945147679324,0.7912087912087913,0.7449864980531922,0.7854131708556933,0.4776327343409544,0.8246845216980486,0.8-0.9,Q1 (Bottom 25%)
https://www.forbes.com/,https://forbes.com,2026-01-26 10:39:37,0.9760488442589486,0.9105329331553544,0.900071116406154,0.0012767115454235,0.8276189369667002,0.9202004936174584,0.9848101265822784,0.8361204013377926,0.8930754976699089,0.7645777075984123,0.3576802879343955,0.8567007033227642,0.8-0.9,Q1 (Bottom 25%)
https://www.politico.com/,https://politico.com,2026-01-26 10:40:24,0.9490385184578416,0.8887030044055674,0.9411100127100692,0.0525817699113855,0.8931545189559298,0.9334678305286604,0.9970464135021097,0.7286192068800764,0.9521329005071982,0.8523048981841639,0.6622911015244959,0.8745311987231852,0.8-0.9,Q1 (Bottom 25%)
https://www.huffpost.com/,https://huffpost.com,2026-01-26 10:41:56,0.9672851043327892,0.9009875252195808,0.8172772426165167,0.0173755313627509,0.8077983967996186,0.8928670326479259,0.9951476793248946,0.4037267080745341,0.887477566921942,0.5570628512811295,0.2515590691962642,0.8132692781059044,0.8-0.9,Q1 (Bottom 25%)
https://www.vice.com/en/,https://vice.com,2026-01-26 10:42:31,0.9729397779019048,0.9152551609366998,0.9795791554865132,0.0558334621541982,0.9064853617816608,0.9255772198286488,0.9875527426160338,0.8547539417104635,0.9660473092660962,0.940598218648848,0.7738078241338219,0.8991439235539457,0.8-0.9,Q2 (25-50%)
https://www.buzzfeed.com/,https://buzzfeed.com,2026-01-26 10:44:26,0.9753445623049808,0.8670712980868712,0.0,0.0071721082569809,0.6250859642252541,0.7894345610271211,0.9837552742616034,0.7023411371237458,0.973913322340842,0.0,0.0482543930618039,0.6503239147150295,<0.7,Q1 (Bottom 25%)
https://www.msn.com/en-xl,https://msn.com,2026-01-26 10:44:57,0.9272838907560448,0.9346535042673,0.952718542578732,0.1235180289519764,0.9246693793478604,0.9169846533766176,0.9949367088607596,0.8619206880076445,0.9664103017593,0.9003481272770651,0.7975734229908934,0.8914554854948883,0.8-0.9,Q2 (25-50%)
https://www.cnbc.com/world/?region=world,https://cnbc.com,2026-01-26 10:46:17,0.9715307984723018,0.8710604605220023,0.9039966106482134,0.6564607935798442,0.8085198412522248,0.8807463900989196,0.9856540084388186,0.5360726230291448,0.9427040536668108,0.7362697676483556,0.3554995040279649,0.8676026653206957,0.8-0.9,Q1 (Bottom 25%)
https://www.economist.com/,https://economist.com,2026-01-26 10:47:29,0.913251321180482,0.8819217915653457,0.9223273548933766,0.06568039703908,0.8702104573885727,0.8572976071578383,0.9464135021097048,0.8055422838031534,0.944445684187401,0.7288288294625799,0.4186993121712378,0.8430626235827603,0.8-0.9,Q1 (Bottom 25%)
https://time.com/,https://time.com,2026-01-26 10:48:13,0.9852674872189692,0.9766346496847192,0.9424657534246574,0.00289024328005,0.9216086599583376,0.966368882126353,0.9763713080168775,0.8552317247969422,0.9760272344072826,0.8932679474036191,0.6874377702067779,0.9033470765190286,≥0.9,Q3 (50-75%)
https://www.nbcnews.com/,https://nbcnews.com,2026-01-26 10:49:17,0.9786196116331024,0.9012717146932018,0.9237678294026268,0.1518250501479891,0.863243056380015,0.8860318687996012,0.9913502109704642,0.7883420926899188,0.9475263007683574,0.7862379399406784,0.500087250019363,0.8734974030475205,0.8-0.9,Q1 (Bottom 25%)
https://www.telegraph.co.uk/,https://telegraph.co.uk,2026-01-26 10:52:31,0.9807459059139232,0.9314537716442725,0.942381019629996,0.0726524822695035,0.8652037340211768,0.9002430700384679,0.9966244725738396,0.7367415193502149,0.9562684516859976,0.798082310266374,0.4850597172726111,0.8762396950060414,0.8-0.9,Q1 (Bottom 25%)
https://www.sky.com/,https://sky.com,2026-01-26 10:56:12,0.8954214033708966,0.926816247556872,0.9476627594972462,0.0335178484948779,0.9341296048175796,0.8825371436939664,0.949789029535865,0.9426660296225512,0.978736607218661,0.9082357632756402,0.7474060615901152,0.8746875013736086,0.8-0.9,Q1 (Bottom 25%)
https://www.aljazeera.com/,https://aljazeera.com,2026-01-26 10:56:44,0.9417629199052444,0.904480359004902,0.9818952125406016,7.897133125787364e-07,0.8736004161820402,0.8954975810964577,0.9974683544303796,0.5494505494505495,0.9618714057804608,0.9343341709210436,0.7798089457864773,0.8682961166783302,0.8-0.9,Q1 (Bottom 25%)
https://www.rt.com/,https://rt.com,2026-01-26 10:57:38,0.8396846085069825,0.8217911061427953,0.9070187826578168,1.376151366791988e-05,0.9044176839915936,0.8628270939258429,0.8776371308016878,0.9460105112279026,0.9641786816700167,0.8926519499473348,0.5922204710007998,0.8264151168057189,0.8-0.9,Q1 (Bottom 25%)
https://www.npr.org/,https://npr.org,2026-01-26 10:59:20,0.9111564304637422,0.9050074424197788,0.7594972461516734,0.0130871094299111,0.7624130185552993,0.7198007612230981,0.9976793248945148,0.3922599139990445,0.933627426819917,0.5412662409632607,0.1463112838070497,0.7658122132774905,0.7-0.8,Q1 (Bottom 25%)
https://www.thetimes.com/,https://thetimes.co.uk,2026-01-26 11:00:51,0.9820609388812398,0.9247283718759548,0.8287812455867809,0.0666082666433178,0.825516202868427,0.8133436731001145,0.9936708860759492,0.5919732441471572,0.951919914435792,0.6367397109431361,0.254387462872084,0.8298694105240622,0.8-0.9,Q1 (Bottom 25%)
https://www.independent.co.uk/us,https://independent.co.uk,2026-01-26 11:02:00,0.9706214902257646,0.9195244142389876,0.9481146730687756,0.0640583158214555,0.8043707374489824,0.9036425810533024,0.9871308016877636,0.3960821786908743,0.9631398548879349,0.8193162060872218,0.4544540901595976,0.8498625508575163,0.8-0.9,Q1 (Bottom 25%)
https://techcrunch.com/,https://techcrunch.com,2026-01-26 11:03:17,0.981410667878343,0.9633167852806036,0.9185793462548127,0.0700266571867916,0.8531450269499923,0.9113973248575914,0.9945147679324896,0.5007166746297181,0.960815331538736,0.7812493453903447,0.3825722052232434,0.8633829595170746,0.8-0.9,Q1 (Bottom 25%)
https://www.theverge.com/,https://theverge.com,2026-01-26 11:04:57,0.9525187842636148,0.8845623888651982,0.8098573647789856,0.0011982889378324,0.756607844417472,0.8799559628707919,0.9848101265822784,0.3191591017677975,0.9529068396708048,0.3889627653338118,0.1660083256114735,0.7903780966688949,0.7-0.8,Q1 (Bottom 25%)
https://www.wired.com/,https://wired.com,2026-01-26 11:06:29,0.9156381933064752,0.9162842391683887,0.7486795506758144,0.0361501199007754,0.7789580429919888,0.8319706897573466,0.988818565400844,0.6889632107023411,0.8038036716002445,0.5108911414235134,0.2434807438740689,0.7885917844945243,0.7-0.8,Q1 (Bottom 25%)
https://www.engadget.com/,https://engadget.com,2026-01-26 11:07:04,0.975843026901248,0.9592012056469196,0.9486230758367462,0.0016655961067073,0.9362529633897246,0.9239140553486752,0.9443037974683544,0.9354992833253702,0.9742264570058936,0.9027416146652576,0.760885489715229,0.9002928440125061,≥0.9,Q2 (25-50%)
https://arstechnica.com/,https://arstechnica.com,2026-01-26 11:08:10,0.9826779762069554,0.9360463363455744,0.8366049992938853,0.0031933015836348,0.8592840384739888,0.9015589597861308,0.9641350210970464,0.7654085045389394,0.9612576343327052,0.7032113156567631,0.4893512984389245,0.8540217439338155,0.8-0.9,Q1 (Bottom 25%)
https://www.cnet.com/,https://cnet.com,2026-01-26 11:08:55,0.8231812673990839,0.8954012904664485,0.933201525208304,0.0321515435429446,0.8912096171010292,0.8850435497364666,0.9069620253164556,0.8705207835642619,0.9610498880764656,0.8361903234389189,0.672541812355536,0.8351034810004443,0.8-0.9,Q1 (Bottom 25%)
https://www.zdnet.com/,https://zdnet.com,2026-01-26 11:09:26,0.9511583460059264,0.8575437094810479,0.9449795226662902,0.0235653781744848,0.8969522602999452,0.8932082545149999,0.930379746835443,0.8982322025800287,0.9616849180209908,0.8950285933497604,0.7945154731143964,0.8729507651549054,0.8-0.9,Q1 (Bottom 25%)
https://gizmodo.com/,https://gizmodo.com,2026-01-26 11:10:04,0.968411901135601,0.9171021836288816,0.9724615167349244,0.0,0.9469761212918628,0.9415473783421204,0.8732067510548523,0.9383659818442428,0.9816347598107248,0.8998444100321685,0.7400173380252382,0.8953373818967535,0.8-0.9,Q2 (25-50%)
https://mashable.com/,https://mashable.com,2026-01-26 11:10:37,0.9813379481942768,0.9433518965454148,0.9794379324954102,0.0209831041344148,0.9253744007574282,0.9481323254238192,0.9957805907172996,0.8222646918299092,0.9677150221025016,0.9134212878591051,0.7857736743829278,0.9064994494996602,≥0.9,Q3 (50-75%)
https://thenextweb.com/,https://thenextweb.com,2026-01-26 11:11:03,0.9627504541767722,0.919249471076429,0.9959610224544556,0.0168793158801039,0.977434698619909,0.936565762428054,0.9457805907172996,0.9761108456760632,0.9923849314146712,0.9697760664392454,0.8357105464277416,0.9136344714481542,≥0.9,Q3 (50-75%)
https://hackernoon.com/,https://hackernoon.com,2026-01-26 11:11:30,0.9609114287592554,0.9222761912484712,0.9917525773195875,0.019487090604829,0.974554892685346,0.9588789282558402,0.9968354430379748,0.9483994266602962,0.986859606805416,0.9672986326904324,0.8368042044244625,0.9175030976951909,≥0.9,Q3 (50-75%)
https://venturebeat.com/,https://venturebeat.com,2026-01-26 11:12:12,0.989860341667426,0.988619633803816,0.9384832650755544,0.000790108169235,0.9191570868922952,0.8720674199910631,0.9976793248945148,0.8729096989966556,0.9749206911317478,0.840602040787614,0.727067008948026,0.8973002915913936,0.8-0.9,Q2 (25-50%)
https://stackexchange.com/,https://stackexchange.com,2026-01-26 11:12:45,0.9837503212272586,0.950360368613692,1.0,0.0,0.9899385943915509,0.986053301361942,0.9968354430379748,0.9655996177735308,0.9977435242139848,0.9996771895071114,0.8947736771823935,0.9342393149194392,≥0.9,Q4 (Top 25%)
https://stackoverflow.blog/,https://stackoverflow.blog,2026-01-26 11:13:00,0.9785355344869376,0.9614998476440454,0.9988419714729558,0.0038874543251129,0.9856638001604334,0.9857146027480396,0.991772151898734,0.961299569995222,0.9908176345743862,0.988272521464162,0.9358091809416096,0.9331336615050055,≥0.9,Q4 (Top 25%)
https://www.mozilla.org/,https://mozilla.org,2026-01-26 11:13:15,0.9858426702045544,0.9246937768205916,0.9850420728654208,0.1140973136708596,0.9810082667388146,0.9763097131821552,0.99957805907173,0.9832775919732442,0.9959992069351928,0.9777126320670096,0.9514544624885573,0.9348940917487787,≥0.9,Q4 (Top 25%)
https://www.firefox.com/,https://mozilla.org/firefox,2026-01-26 11:13:29,0.9809074223085726,0.899679257338356,0.9921871562270071,0.0040303918750856,0.982119851458824,0.9762134294890564,0.99957805907173,0.9847109412326804,0.9958065498186188,0.983411409701698,0.954990187872154,0.9271186713257809,≥0.9,Q4 (Top 25%)
https://www.opera.com/,https://opera.com,2026-01-26 11:13:52,0.9780038437399526,0.9328082658561444,0.9793249541025278,0.9966693541840332,0.9661398350948548,0.9378710665867398,0.99873417721519,0.9665551839464884,0.9922286283012578,0.9722720637454584,0.8789706923918916,0.9684970220579576,≥0.9,Q4 (Top 25%)
https://www.google.com/chrome/,https://chrome.google.com,2026-01-26 11:14:14,0.950364225515839,0.9038896626921672,0.9865838158452196,0.6078102387797141,0.9626236857639074,0.9593908910921906,0.9966244725738396,0.94314381270903,0.9752820155428452,0.9602927852089326,0.8760359190133189,0.9398843139581775,≥0.9,Q4 (Top 25%)
https://workspace.google.com/intl/en-US/products/drive/,https://drive.google.com,2026-01-26 11:14:39,0.9485794216789682,0.8482223199044272,0.9889281174975286,0.0211688812346239,0.9677016214530378,0.9689018165010268,0.9966244725738396,0.9488772097467748,0.9802923866523406,0.9779084287461104,0.8604858193056765,0.9070748005875112,≥0.9,Q3 (50-75%)
https://accounts.google.com/v3/signin/identifier?continue=https%3A%2F%2Fdocs.google.com%2F&dsh=S756334534%3A1769405380933504&emr=1&followup=https%3A%2F%2Fdocs.google.com%2F&ifkv=AXbMIuDidPw38YqB2KqdHAxGdJ6VuPpieAwTr2TxXbfDlH-pzHtikeH_ZNfDKitBp2TNqRqS9RKLTw&osid=1&passive=1209600&flowName=GlifWebSignIn&flowEntry=ServiceLogin,https://docs.google.com,2026-01-26 11:14:57,0.9760144249208188,0.8659716240961566,0.9786470793095184,0.0078041304030586,0.9747043645467236,0.9725472477820924,0.9597046413502108,0.9894887720974678,0.9948003588719484,0.95834544849711,0.9241801997512208,0.915046866028379,≥0.9,Q3 (50-75%)
https://accounts.google.com/v3/signin/identifier?continue=https%3A%2F%2Fdocs.google.com%2Fpresentation%2F%3Fusp%3Ddirect_url&dsh=S588530859%3A1769405398550590&followup=https%3A%2F%2Fdocs.google.com%2Fpresentation%2F%3Fusp%3Ddirect_url&ifkv=AXbMIuC76sp7rZ7rqQ-_UgzTZTCR7UNq6Tnpsux1nggOdKI7CvRkWRu6vwRJyKEZ6K2zsIJZZ56LGw&ltmpl=slides&osid=1&passive=1209600&service=wise&flowName=GlifWebSignIn&flowEntry=ServiceLogin,https://slides.google.com,2026-01-26 11:15:12,0.9618235898762504,0.8285629323659147,0.985454031916396,0.0081827043749817,0.9728372700819052,0.964864083780615,0.9618143459915612,0.989010989010989,0.994784620326272,0.9697380013762829,0.945324565406254,0.9085496529906758,≥0.9,Q3 (50-75%)
https://accounts.google.com/v3/signin/identifier?continue=https%3A%2F%2Fdocs.google.com%2Fspreadsheets%2F%3Fusp%3Ddirect_url&dsh=S-399054888%3A1769405413159792&followup=https%3A%2F%2Fdocs.google.com%2Fspreadsheets%2F%3Fusp%3Ddirect_url&ifkv=AXbMIuAKrxOTNOlmJ5Q1g3PtTd2wU7TqFk5pEhfNr8hfvSSqsXUNiY0ttPEQTXuGaVYjiDP9lrI_&ltmpl=sheets&osid=1&passive=1209600&service=wise&flowName=GlifWebSignIn&flowEntry=ServiceLogin,https://sheets.google.com,2026-01-26 11:15:25,0.9639792655684164,0.8355239174357597,0.9908487501765288,0.0081827043749817,0.9753705653579096,0.966293761949772,0.960126582278481,0.989010989010989,0.9947867340791702,0.9763746099308078,0.959887386819928,0.9114058923204716,≥0.9,Q3 (50-75%)
https://www.dropbox.com/,https://dropbox.com,2026-01-26 11:15:57,0.9747705659834106,0.9118655513833682,0.9807371840135574,0.0021578573042363,0.9654931721629338,0.9387722059733624,0.8531645569620253,0.8982322025800287,0.9846950028697696,0.9473619582606816,0.7915144457104251,0.8991466443775874,0.8-0.9,Q2 (25-50%)
https://www.box.com/,https://box.com,2026-01-26 11:17:01,0.9266461928063529,0.8461646784272403,0.9892952972743962,0.0,0.9534443765059,0.949586421876146,0.9957805907172996,0.8743430482560918,0.9851556609336362,0.95541064777514,0.4881717901557717,0.8855616536825627,0.8-0.9,Q2 (25-50%)
https://www.scribd.com/,https://scribd.com,2026-01-26 11:17:37,0.9606312447452384,0.78001234864152,0.9304053099844656,0.0008109589435629,0.9312459155523258,0.954892548293304,0.9860759493670886,0.9187768752986144,0.9787204548358206,0.8713435263286746,0.762200305515041,0.8803933784491079,0.8-0.9,Q2 (25-50%)
https://www.academia.edu/,https://academia.edu,2026-01-26 11:18:06,0.9426945179435776,0.8360789272804507,0.9825497924518708,0.0,0.9577644117289584,0.9503722627736756,0.99873417721519,0.903010033444816,0.9704079432949368,0.9612430439419336,0.8247338407831786,0.8959208700597389,0.8-0.9,Q2 (25-50%)
https://www.slideshare.net/,https://slideshare.net,2026-01-26 11:18:29,0.9465407366682052,0.9085965152743845,0.9857647224968225,0.0066804374044755,0.967727634034196,0.9604430145076784,0.9953586497890295,0.9584328714763496,0.985532456487935,0.95160121039084,0.8719897576875666,0.910756136958396,≥0.9,Q3 (50-75%)
https://www.coursera.org/,https://coursera.org,2026-01-26 11:19:15,0.9842056660885984,0.9486689842614424,0.7255478570483439,1.6044968890488612e-06,0.8958041439818089,0.9287121733892892,0.9953586497890295,0.9039655996177736,0.9757041294499456,0.716660906101698,0.6700558866701567,0.8595422296678582,0.8-0.9,Q1 (Bottom 25%)
https://www.edx.org/,https://edx.org,2026-01-26 11:20:19,0.8077577868164805,0.8744232587789905,0.6232306209491677,0.0396326940527961,0.8484134581746408,0.8593912389081225,0.979957805907173,0.923554706163402,0.9683462956789244,0.4488132376376069,0.4993799183115862,0.7710856707092933,0.7-0.8,Q1 (Bottom 25%)
https://www.udemy.com/,https://udemy.com,2026-01-26 11:21:01,0.8288376659011374,0.9285723344511544,0.8830578365670833,0.0482857114910643,0.8819266840847337,0.8665874740702203,0.9974683544303796,0.8939321548017201,0.931843533974812,0.742593922220961,0.7023906505305455,0.8356155483602694,0.8-0.9,Q1 (Bottom 25%)
https://www.khanacademy.org/,https://khanacademy.org,2026-01-26 11:21:26,0.949873987644589,0.8274736990047717,0.9925604659326812,0.6873111082366113,0.9701568700785336,0.9402872091474632,0.9957805907172996,0.926899187768753,0.9700245390794678,0.9531718436715548,0.853172681319071,0.934684030371009,≥0.9,Q4 (Top 25%)
https://www.futurelearn.com/,https://futurelearn.com,2026-01-26 11:22:00,0.9829060204209266,0.92377942544082,0.9809066516028808,0.002980505276992,0.955924986894464,0.9163011629579112,0.8822784810126583,0.9407548972766364,0.9869436412165744,0.962158911242278,0.7691271172127024,0.9027242755733967,≥0.9,Q2 (25-50%)
https://www.udacity.com/,https://udacity.com,2026-01-26 11:22:48,0.94470906290658,0.9496371765143028,0.8935186574861527,0.0343343710631851,0.9011708501903806,0.9452227401215536,0.9951476793248946,0.8251313903487817,0.9540905094602252,0.8485565837551772,0.6421909366359566,0.8771790428410444,0.8-0.9,Q2 (25-50%)
https://web.mit.edu/,https://mit.edu,2026-01-26 11:23:06,0.971178614174368,0.8919649282652589,0.9990114390622792,0.0036202166160336,0.9819550744499204,0.9695044246656044,1.0,0.987099856665074,0.9920797169562628,0.9910633862242304,0.9296858159463176,0.9238497436825743,≥0.9,Q4 (Top 25%)
https://www.stanford.edu/,https://stanford.edu,2026-01-26 11:23:29,0.9709355170350488,0.8906280930429078,0.9959610224544556,0.0015840822515066,0.9676820964835552,0.9581028070528717,0.990084388185654,0.9584328714763496,0.9714953227264236,0.9752789692324864,0.8657226867780294,0.9154565531647907,≥0.9,Q3 (50-75%)
https://www.harvard.edu/,https://harvard.edu,2026-01-26 11:23:51,0.936483482230296,0.9384353036847304,0.9851998305324108,0.00347295992966,0.9614403193286076,0.9688253919835276,0.9964135021097048,0.965121834687052,0.9791215012479196,0.963788635257284,0.8923222782426447,0.9116216424762095,≥0.9,Q3 (50-75%)
https://www.ox.ac.uk/,https://ox.ac.uk,2026-01-26 11:24:11,0.9738240203480444,0.9132795500576356,0.9967801158028528,0.0009141906423449,0.9726736024271956,0.9545245818791426,0.99873417721519,0.9713330148112757,0.99140756263478,0.984835332257194,0.904700583128739,0.9218992611300895,≥0.9,Q3 (50-75%)
https://www.cam.ac.uk/,https://cam.ac.uk,2026-01-26 11:24:31,0.9817134345336438,0.9087981304622946,0.9901430057590916,0.1305036832022964,0.9711824046547184,0.9681452169684914,0.99873417721519,0.967032967032967,0.9883841319831383,0.9746640269678856,0.9126547987977228,0.9297084837518473,≥0.9,Q4 (Top 25%)
https://www.w3schools.com/,https://w3schools.com,2026-01-26 11:24:53,0.976016376359398,0.942010534758418,0.986894506425646,0.0,0.9735510982649556,0.95278561565981,0.9873417721518988,0.979933110367893,0.9915111428935224,0.9789298542960058,0.8832202815702764,0.9226386644551967,≥0.9,Q3 (50-75%)
https://www.tutorialspoint.com/,https://tutorialspoint.com,2026-01-26 11:25:59,0.960797629770467,0.908801512978426,0.8976980652450218,0.0021689562215739,0.8973327846570742,0.9296621811909552,0.9993670886075948,0.8079311992355471,0.9691460710150048,0.838411619176789,0.4753782311668267,0.8707171070614501,0.8-0.9,Q1 (Bottom 25%)
https://www.geeksforgeeks.org/,https://geeksforgeeks.org,2026-01-26 11:26:19,0.821627982303656,0.9246975188452726,0.9730546532975568,0.0035085648141063,0.8936492683244697,0.95375600629768,0.99915611814346,0.968944099378882,0.9390174712436812,0.9623556849507154,0.9097181591085756,0.8671257937317837,0.8-0.9,Q1 (Bottom 25%)
https://medium.com/tag/technology,https://medium.com/topic/technology,2026-01-26 11:26:54,0.9559368314729058,0.9638749380849816,0.6896957043633682,0.2161865515643098,0.8994078706747253,0.8487837411694287,0.9983122362869198,0.9474438604873388,0.9798150286672324,0.5870873145324689,0.778564116633213,0.8536933027200471,0.8-0.9,Q1 (Bottom 25%)
https://www.nytimes.com/section/technology,https://nytimes.com/section/technology,2026-01-26 11:27:44,0.98174753733516,0.914491156555859,0.8505300171655352,0.0092278269184795,0.8350763099099472,0.8426340435294459,0.9936708860759492,0.7859531772575251,0.9492651362964104,0.7555755937759013,0.6195917818880159,0.8508574956910786,0.8-0.9,Q1 (Bottom 25%)
https://www.techradar.com/,https://techradar.com,2026-01-26 11:29:26,0.9732968244144684,0.9004237368024898,0.8756107894365212,0.0001182472841138,0.8018440782664046,0.892780791960084,0.988818565400844,0.316292403248925,0.9595816638532,0.7255417119617484,0.1561542057775378,0.8220431677704573,0.8-0.9,Q1 (Bottom 25%)
http://www.xtremesystems.org/forums/forum.php,https://xtremesystems.org,2026-01-26 11:29:46,0.9839892969404728,0.9271198806259282,1.0,5.054165200503913e-05,0.990416238637284,0.959154919250492,0.9056962025316456,0.9832775919732442,0.9966789058265084,0.999548807852252,0.9076250917991514,0.9229872012085029,≥0.9,Q3 (50-75%)
https://forums.anandtech.com/,https://anandtech.com,2026-01-26 11:31:22,0.9595283399119008,0.908935390354432,0.8750288173710081,0.0007277719280495,0.8489165483360843,0.9011378109158108,0.960337552742616,0.5451505016722409,0.9613459344500142,0.6920269091075089,0.1945871394404614,0.8343367411927245,0.8-0.9,Q1 (Bottom 25%)
https://www.tomshardware.com/,https://tomshardware.com,2026-01-26 11:32:52,0.9754313501309598,0.9093218700051188,0.8973591300663741,0.0,0.7849417594521149,0.9153277126775582,0.9331223628691984,0.3960821786908743,0.9481527802004052,0.7312644463557756,0.2636098365765147,0.8269846022726141,0.8-0.9,Q1 (Bottom 25%)
https://www.pcmag.com/,https://pcmag.com,2026-01-26 11:33:23,0.9701016090869852,0.8654981346996677,0.979042508120322,0.0175618545448617,0.9310893663420442,0.9244898434611992,0.9267932489451476,0.9087434304825608,0.979299654963583,0.9166022608927828,0.8019825817234072,0.8929589541702124,0.8-0.9,Q2 (25-50%)
https://www.pcgamer.com/,https://pcgamer.com,2026-01-26 11:35:09,0.973686739795708,0.9053877205095898,0.8598503036294309,0.0001110750625714,0.8252637193824022,0.900306305550249,0.9860759493670886,0.4357381748686096,0.950361594678599,0.6305295952347254,0.1210293076081084,0.8261249895479266,0.8-0.9,Q1 (Bottom 25%)
https://www.ign.com/,https://ign.com,2026-01-26 11:35:46,0.9728752310406876,0.914023830795308,0.8842818810902414,6.0437243309597165e-06,0.9077262341022172,0.9065359215386892,0.9945147679324896,0.8413760152890588,0.9670553274630128,0.8309020935315684,0.744098959251908,0.8774747586590084,0.8-0.9,Q2 (25-50%)
https://www.gamespot.com/,https://gamespot.com,2026-01-26 11:36:45,0.9320427026788308,0.9549638101209952,0.9209998587770089,0.5542433660052594,0.9000459853941247,0.9425460371952656,0.9976793248945148,0.7004300047778309,0.9691466631204854,0.8344112311788993,0.5440052704610627,0.8977964480675599,0.8-0.9,Q2 (25-50%)
https://www.metacritic.com/,https://metacritic.com,2026-01-26 11:37:35,0.9390618638071638,0.8610193072401422,0.9482558960598786,9.726165565813472e-05,0.8750468788260085,0.9341866741763843,0.9924050632911392,0.6445293836598185,0.9280050924127357,0.8775770125788229,0.6190888111881587,0.8600134439906425,0.8-0.9,Q1 (Bottom 25%)
https://kotaku.com/,https://kotaku.com,2026-01-26 11:38:08,0.9778782676334806,0.8763865426834168,0.9819799463352632,0.0,0.9555980695177736,0.94438911298718,0.918987341772152,0.9393215480172,0.9771690366091752,0.9298983795694884,0.7800963576149671,0.9015623403239017,≥0.9,Q2 (25-50%)
https://www.polygon.com/,https://polygon.com,2026-01-26 11:39:26,0.9698307337791576,0.9034111210081334,0.7818573521428809,0.012398872860335,0.8503272173311567,0.8767486518667816,0.9354430379746836,0.5547061634018156,0.9679052789635256,0.6986516760664705,0.3665116695734455,0.82296445744179,0.8-0.9,Q1 (Bottom 25%)
https://www.espn.com/,https://espn.com,2026-01-26 11:40:47,0.9526602576971804,0.872639761665966,0.8390627237067435,0.243998940660103,0.8894846444447183,0.9175001818544096,0.9727848101265822,0.8881987577639752,0.9505350561174972,0.7419494736703884,0.3474333097245046,0.8618209040653404,0.8-0.9,Q1 (Bottom 25%)
https://www.foxsports.com/,https://foxsports.com,2026-01-26 11:41:56,0.7910428098080539,0.8273630296359341,0.9060762297548696,0.0082701117984541,0.8433143209379618,0.850695958275793,0.9784810126582278,0.6440516005733397,0.9350790720897272,0.7364995649483774,0.4491379044878237,0.7935451467449385,0.7-0.8,Q1 (Bottom 25%)
https://www.skysports.com/,https://skysports.com,2026-01-26 11:42:20,0.9794392835411432,0.9480632237760636,0.9995480864284706,0.0056492928334321,0.9837538494014184,0.9356707395520658,0.9561181434599156,0.9775441949354992,0.9950674493774804,0.9803216130457334,0.8636706783012468,0.9232847353105057,≥0.9,Q3 (50-75%)
https://www.nba.com/,https://nba.com,2026-01-26 11:43:41,0.9354751989451756,0.8895162581072126,0.9257449512780682,0.1364196714422534,0.9184477697746376,0.9127888939811502,0.9983122362869198,0.8193979933110368,0.9482451995891756,0.794583919941747,0.3377938156066489,0.8707674680050788,0.8-0.9,Q1 (Bottom 25%)
https://www.nfl.com/,https://nfl.com,2026-01-26 11:45:23,0.9159804701446058,0.917031182786591,0.6456432707244739,0.1041451998055263,0.7764975849340604,0.798515455869198,0.989240506329114,0.7329192546583851,0.8322493293275339,0.6168190207133359,0.15096399606955,0.7761798139422104,0.7-0.8,Q1 (Bottom 25%)
https://www.mlb.com/,https://mlb.com,2026-01-26 11:46:41,0.8350662132711149,0.6566024503940369,0.8454532936444292,0.0202102584833743,0.8266172268911065,0.7895240409316798,0.938818565400844,0.8241758241758241,0.9237726778706988,0.6718623523552365,0.3599627857671422,0.7708602215312255,0.7-0.8,Q1 (Bottom 25%)
https://www.nhl.com/,https://nhl.com,2026-01-26 11:47:58,0.9054812005493176,0.9050013121806396,0.9347549781104364,0.1564179463693333,0.9348050801417438,0.9267231870824234,0.9976793248945148,0.9006211180124224,0.9637235244570664,0.8197048683574129,0.3786837471410456,0.8761535601202394,0.8-0.9,Q1 (Bottom 25%)
https://www.fifa.com/en,https://fifa.com,2026-01-26 11:55:19,0.8026850985614147,0.7117569136026617,0.882564628942272,0.3838986003069614,0.8812455630454861,0.8829366870234168,1.0,0.9383659818442428,0.9438106924432296,0.7930007025231753,0.6393429466991032,0.8278410334724178,0.8-0.9,Q1 (Bottom 25%)
https://www.espncricinfo.com/,https://espncricinfo.com,2026-01-26 11:56:19,0.9720515673307724,0.8861995362325819,0.8646977786128669,0.0254585818721697,0.887281965194164,0.8500585158959804,0.9259493670886076,0.824653607262303,0.974119228613384,0.7683443510977597,0.5417255720941778,0.8529368489761673,0.8-0.9,Q1 (Bottom 25%)
https://www.cricbuzz.com/,https://cricbuzz.com,2026-01-26 11:56:59,0.9872172451386384,0.9455207635797568,0.9716424233865274,0.1927220522518021,0.934561439081175,0.9518794830726156,0.9858649789029535,0.7797419971333015,0.984822203680478,0.9332626823879284,0.711796855826575,0.91446397504172,≥0.9,Q3 (50-75%)
https://www.cbssports.com/,https://cbssports.com,2026-01-26 11:57:43,0.971737248344136,0.8946733869695115,0.9589329146625828,0.0011611682520533,0.9456222205298676,0.9735020084771636,0.9962025316455696,0.8862876254180602,0.9715527505913112,0.9122330638608268,0.6879883318262876,0.9015074258079346,≥0.9,Q2 (25-50%)
https://bleacherreport.com/,https://bleacherreport.com,2026-01-26 11:59:33,0.9465975306781896,0.9160500750898266,0.7697181590784494,0.0122509423430522,0.8859628991918921,0.8885031787748091,0.9841772151898734,0.9163879598662208,0.9624699862209416,0.7042438402599205,0.638169037347674,0.8468061665245431,0.8-0.9,Q1 (Bottom 25%)
https://www.sportingnews.com/us,https://sportingnews.com,2026-01-26 12:00:08,0.9713411277352744,0.8846546025991064,0.9883632255331168,0.0028282135997736,0.9598082488871014,0.956194334749208,0.9645569620253164,0.8772097467749642,0.9825520585346056,0.9511635403291134,0.7683637961876874,0.9052328834164156,≥0.9,Q3 (50-75%)
https://www.goal.com/en-in,https://goal.com,2026-01-26 12:01:08,0.9739160961876984,0.9161164501460346,0.9759831329543264,0.0034727043771188,0.9730092794999904,0.9404239450931252,0.9921940928270042,0.9622551361681796,0.9898018171386128,0.9643984188069864,0.5308459145994945,0.9090182528844059,≥0.9,Q3 (50-75%)
https://www.rottentomatoes.com/,https://rottentomatoes.com,2026-01-26 12:02:00,0.9188713369865162,0.8664658480051259,0.8780680694817113,0.0106932823332536,0.886883614520518,0.8758779988285899,0.941350210970464,0.7931199235547062,0.9567754722456636,0.7653950512604315,0.6123607615666931,0.8420885846131921,0.8-0.9,Q1 (Bottom 25%)
https://www.imdb.com/,https://imdb.com,2026-01-26 12:02:12,0.994388671052209,0.9686445998041784,1.0,0.0,0.9966592271965768,0.9794654813720336,1.0,0.9995222169135212,0.9999936396411284,1.0,0.98104948242542,0.9425086838708544,≥0.9,Q4 (Top 25%)
https://www.boxofficemojo.com/,https://boxofficemojo.com,2026-01-26 12:02:31,0.9814545490391828,0.8963703532445155,1.0,0.0434731618348209,0.9889587406524248,0.937325773998854,0.8892405063291139,0.972766364070712,0.9934321941081696,0.992714057748218,0.9055833480305292,0.9170038501227968,≥0.9,Q3 (50-75%)
https://variety.com/,https://variety.com,2026-01-26 12:03:21,0.985852445837552,0.9510092896960952,0.938087840700466,0.2251026284082501,0.8941476575534566,0.894255326821366,0.9725738396624471,0.7959866220735786,0.9623682332124456,0.827464083619955,0.6262890373850003,0.894295193074171,0.8-0.9,Q2 (25-50%)
https://www.hollywoodreporter.com/,https://hollywoodreporter.com,2026-01-26 12:03:58,0.9754096876266352,0.8843839524862634,0.9553487718191572,0.5186516853932585,0.9377113427298918,0.934450617762554,0.9037974683544304,0.928810320114668,0.9801612193715852,0.9184547085154124,0.7520765038030743,0.9177007636777352,≥0.9,Q3 (50-75%)
https://www.billboard.com/,https://billboard.com,2026-01-26 12:04:55,0.9505168625708644,0.910642449743358,0.8683801722920494,0.0021396683521196,0.845978804070163,0.8759472841220101,0.9280590717299578,0.7740086000955566,0.941866167111305,0.6945665991656647,0.5584579795508351,0.841489226902192,0.8-0.9,Q1 (Bottom 25%)
https://pitchfork.com/,https://pitchfork.com,2026-01-26 12:06:12,0.925508627912444,0.9518162292255956,0.8024579183011269,0.0804165961565494,0.8167582087714613,0.8910598741280903,0.989451476793249,0.7333970377448638,0.9039463823911804,0.6014006379923422,0.3804828705349687,0.8268555413016433,0.8-0.9,Q1 (Bottom 25%)
https://www.rollingstone.com/,https://rollingstone.com,2026-01-26 12:06:56,0.96481135115168,0.92379816960307,0.947606270300805,0.264374850585704,0.8891952955663285,0.8919451228125161,0.9767932489451476,0.8251313903487817,0.9615478169519788,0.8497674748340693,0.6770536181696533,0.8916631945065505,0.8-0.9,Q2 (25-50%)
https://www.nytimes.com/section/arts,https://nytimes.com/section/arts,2026-01-26 12:07:44,0.9752176349529784,0.9071142487864048,0.8852427834037555,0.0092278269184795,0.8444820380412774,0.8568053652835896,0.9940928270042194,0.7993311036789298,0.9538929626983924,0.791223564321829,0.6511175001143115,0.8586196948120762,0.8-0.9,Q1 (Bottom 25%)
https://www.theguardian.com/us/culture,https://guardian.co.uk/culture,2026-01-26 12:08:54,0.9761260046615592,0.9173385251656232,0.9756249117356304,0.0625380248750739,0.8593214266851381,0.8803314985675632,0.9943037974683544,0.3702818920210224,0.9725145145267636,0.8982334449804297,0.4415821461265191,0.8622198274270961,0.8-0.9,Q1 (Bottom 25%)
https://deviantart.com/,https://deviantart.com,2026-01-26 13:07:18,0.9992417123043524,0.9957627837573214,1.0,0.0,0.9995485442157536,0.99920433519936,1.0,1.0,0.9999943590811208,1.0,0.9923462603335284,0.9490861211740348,≥0.9,Q4 (Top 25%)
https://www.behance.net/,https://behance.net,2026-01-26 13:07:58,0.877812851606116,0.8532042477366364,0.9535658805253496,0.0,0.9234129320119342,0.9287246476584664,0.9938818565400844,0.8939321548017201,0.9553642111163168,0.8893928145667105,0.713632372276703,0.8647358312184281,0.8-0.9,Q1 (Bottom 25%)
https://dribbble.com/,https://dribbble.com,2026-01-26 13:08:32,0.9722899488469902,0.9177977131056544,0.9924304476768818,0.0024461772772081,0.9660156222393704,0.9617627548265284,0.9677215189873418,0.9221213569039656,0.977353366048668,0.9673443967445696,0.7787470150695247,0.9132362920296385,≥0.9,Q3 (50-75%)
https://www.adobe.com/,https://adobe.com,2026-01-26 13:09:33,0.974243094461326,0.954486615973526,0.9752596332060132,0.0066193769860349,0.9232809029620684,0.9486942958837932,0.999789029535865,0.8265647396082179,0.9628689761806724,0.9355875041543288,0.5211933563076165,0.899687002279241,0.8-0.9,Q2 (25-50%)
https://www.canva.com/,https://canva.com,2026-01-26 13:09:54,0.9689317275278876,0.923729587513314,0.981725744951278,0.0036889890505622,0.957962479391559,0.972952164076608,0.9949367088607596,0.9350215002388916,0.9812218076217588,0.9501620461776896,0.8876117103523314,0.916038934298805,≥0.9,Q3 (50-75%)
https://flickr.com/,https://flickr.com,2026-01-26 13:11:07,0.9531176045827852,0.8523531756071184,0.9964411806242056,0.1105756418920229,0.9549603947548994,0.9589939830516018,0.99957805907173,0.906832298136646,0.9793746613578448,0.9654776454124488,0.4170896193006375,0.900719003812815,≥0.9,Q2 (25-50%)
https://www.pexels.com/,https://pexels.com,2026-01-26 13:11:44,0.954421542095041,0.9203385080452466,0.9715576895918656,0.0094171040532349,0.9562332163041573,0.9678863164865787,0.9981012658227848,0.9593884376493071,0.986241003012932,0.9444967611086674,0.8616541297253817,0.9108636557730014,≥0.9,Q3 (50-75%)
https://www.istockphoto.com/,https://istockphoto.com,2026-01-26 13:12:50,0.8832805533767725,0.943341500544981,0.9767546956644542,0.0253134281407146,0.915668048842541,0.958323938369758,0.9873417721518988,0.9326325848064978,0.9548791239263336,0.9416169866789476,0.8740650950465318,0.8869172170747267,0.8-0.9,Q2 (25-50%)
https://stock.adobe.com/,https://stock.adobe.com,2026-01-26 13:13:30,0.9562111761919476,0.932562506556737,0.9133455726592288,0.0085716654944826,0.8996242774943758,0.9532734813091704,0.9869198312236288,0.8676540850453894,0.9213668832692504,0.8560459825960597,0.7284611429472589,0.8822150213736847,0.8-0.9,Q2 (25-50%)
https://www.indeed.com/,https://indeed.com,2026-01-26 13:13:50,0.9835256744377746,0.9165268691966688,0.995113684507838,0.0063815882688674,0.965624582750858,0.9829305095663616,0.959493670886076,0.9421882465360726,0.9893940156306552,0.9589501514942612,0.9047864334151712,0.9215544918437383,≥0.9,Q3 (50-75%)
https://www.linkedin.com/jobs,https://linkedin.com/jobs,2026-01-26 13:14:15,0.984638748452299,0.93837649488912,0.9614180922336466,0.0139614628260216,0.9682267657722562,0.9782752487783996,0.9989451476793249,0.9608217869087434,0.9936010142041076,0.9282189052206508,0.8600183085067369,0.9218269314554212,≥0.9,Q3 (50-75%)
https://www.glassdoor.com/index.htm,https://glassdoor.com,2026-01-26 13:14:50,0.9438178539166964,0.8923636463333664,0.8004655448597978,0.0236470697786027,0.9040183589521305,0.9440865371788848,0.959493670886076,0.9488772097467748,0.9780867746371222,0.8043998210394913,0.7694714515137179,0.861769899388425,0.8-0.9,Q1 (Bottom 25%)
https://www.monster.com/,https://monster.com,2026-01-26 13:15:20,0.9919946484702364,0.955267102809436,0.9587628865979382,0.0100997565199847,0.9108101939508988,0.9141555515325808,0.9333333333333332,0.9536550406115624,0.9630847636113414,0.928941828767558,0.80782879959837,0.9019535488629868,≥0.9,Q2 (25-50%)
https://www.ziprecruiter.com/,https://ziprecruiter.com,2026-01-26 13:15:40,0.9495625647683908,0.9481844049379372,0.99474650473097,0.1735104985367472,0.969687684866201,0.9510957716630782,0.9911392405063292,0.9784997611084568,0.9848601557317634,0.9739292227442424,0.9081812523503848,0.92612705763462,≥0.9,Q4 (Top 25%)
https://www.chegg.com/,https://chegg.com,2026-01-26 13:16:22,0.9778333122546904,0.9392626280684662,0.9567893601951748,4.068236873595424e-05,0.9723586351534006,0.9251982978552716,1.0,0.9827998088867654,0.9970886619192244,0.9393279632674488,0.9094428782988206,0.9164496097403344,≥0.9,Q3 (50-75%)
https://www.coursehero.com/,https://coursehero.com,2026-01-26 13:17:40,0.9752534529873166,0.9130626474293752,0.7958463092532936,0.0486900848673201,0.8134215549799773,0.8872513240577207,0.990506329113924,0.9383659818442428,0.9025687375729872,0.7783290828649063,0.374015171238661,0.8435942244617697,0.8-0.9,Q1 (Bottom 25%)
https://www.kaggle.com/,https://kaggle.com,2026-01-26 13:18:08,0.8888310573986014,0.6334298412771519,0.936901567575201,0.2619199783749963,0.9299877112485476,0.9090253337652509,1.0,0.9440993788819876,0.9540139050178388,0.918788110006313,0.8316811818971607,0.8605165897902652,0.8-0.9,Q1 (Bottom 25%)
https://data.gov/,https://data.gov,2026-01-26 13:18:28,0.9574047809672576,0.8759065685933469,0.997316763169044,0.0954906765479321,0.9744385446730848,0.9515483024179828,0.9943037974683544,0.9875776397515528,0.9879663156158164,0.9828171413778646,0.8998705713616508,0.9188543286136166,≥0.9,Q3 (50-75%)
https://www.npmjs.com/,https://npmjs.com,2026-01-26 13:19:02,0.985430613578675,0.9707409063694734,0.994831238525632,0.0052981069958847,0.9867391481724058,0.9874140270360297,0.99873417721519,0.9918776875298616,0.9977309499309304,0.9692061066053124,0.907170645174234,0.9366842248009567,≥0.9,Q4 (Top 25%)
https://pypi.org/,https://pypi.org,2026-01-26 13:19:14,0.985852518135492,0.9613808005310152,0.9998870216071176,0.0299548794941059,0.9912933527323912,0.9921428100936796,0.999789029535865,0.9875776397515528,0.9962693089019322,0.9974971244072558,0.9758303449035256,0.9407938404171984,≥0.9,Q4 (Top 25%)
https://www.docker.com/,https://docker.com,2026-01-26 13:19:51,0.9052058419485306,0.6526661877209294,0.929599949440877,0.0046585385289664,0.8970036647414915,0.9287376256254132,0.9949367088607596,0.9077878643096036,0.841250574143356,0.841374480181312,0.7583127805881305,0.8402155303379385,0.8-0.9,Q1 (Bottom 25%)
https://kubernetes.io/,https://kubernetes.io,2026-01-26 13:20:06,0.9809386288628036,0.9262844205638464,0.9963382879922458,0.0104947093908731,0.9848714538638932,0.9849345589981746,0.9930379746835444,0.9827998088867654,0.9850995191473192,0.985364569508368,0.9487893709880156,0.9309048418258423,≥0.9,Q4 (Top 25%)
https://aws.amazon.com/,https://aws.amazon.com,2026-01-26 13:20:57,0.8308144884875724,0.8809673994858515,0.899901143906228,0.3679724668488713,0.8927645737753418,0.899042410612866,0.9976793248945148,0.919732441471572,0.8180260388762834,0.8657807511776723,0.6197634824608798,0.8520386540046904,0.8-0.9,Q1 (Bottom 25%)
https://cloud.google.com/,https://cloud.google.com,2026-01-26 13:21:35,0.9588564339257508,0.8596845144389678,0.9550910888292614,0.0334688022950035,0.8671038164005558,0.90731865382413,0.9761603375527426,0.923554706163402,0.9052190781046277,0.8883124546072173,0.7534809025104676,0.8754967467242645,0.8-0.9,Q1 (Bottom 25%)
https://azure.microsoft.com/en-us,https://azure.microsoft.com,2026-01-26 13:22:33,0.9317560909105658,0.6888856413033919,0.9144223475133058,0.2082826818870029,0.8820283009418948,0.8587927213295574,0.9489451476793248,0.8772097467749642,0.9227670981296858,0.8686540381325957,0.5527461360372441,0.8439312794474955,0.8-0.9,Q1 (Bottom 25%)
https://www.digitalocean.com/,https://digitalocean.com,2026-01-26 13:23:34,0.98726054863569,0.9292982892849292,0.9121028103375228,0.0,0.9500158721399375,0.958817381129663,0.9976793248945148,0.9302436693741042,0.938413619154406,0.893873510186586,0.5233993354068044,0.8978506010165702,0.8-0.9,Q2 (25-50%)
https://www.heroku.com/,https://heroku.com,2026-01-26 13:24:06,0.9746943602131952,0.9153739662399292,0.9645812738313796,0.0008476306586047,0.9359256177211396,0.9342983750860124,0.9955696202531644,0.937888198757764,0.9778057855696114,0.9176154012339024,0.7968091688105909,0.904321059845939,≥0.9,Q3 (50-75%)
https://www.netlify.com/,https://netlify.com,2026-01-26 13:24:37,0.9707080636813836,0.948183664019446,0.9455161700324812,0.0084565835725454,0.9444657914704874,0.9614164345701012,0.9833333333333332,0.9498327759197324,0.969859481718358,0.8574337550660925,0.8040887132068535,0.9062419555210224,≥0.9,Q3 (50-75%)
https://vercel.com/,https://vercel.com,2026-01-26 13:25:11,0.9809778115206156,0.9760294623985613,0.9388786894506426,0.0035054944169417,0.9679182620977828,0.9752108646713904,0.9962025316455696,0.8724319159101768,0.9791890458397812,0.9286856516754416,0.7767612606181408,0.9144332822877757,≥0.9,Q3 (50-75%)
https://docs.stripe.com/,https://stripe.com/docs,2026-01-26 13:26:00,0.9743915412498494,0.8974553532456728,0.9938426775879112,0.0,0.973051171390198,0.970288747564236,0.9464135021097048,0.9789775441949355,0.9918552580453304,0.9881439053222618,0.6288318855429051,0.9122922808158601,≥0.9,Q3 (50-75%)
https://developer.mozilla.org/en-US/,https://developer.mozilla.org,2026-01-26 13:26:15,0.96607414171774,0.9437104023662556,0.9996045756249118,0.0492780510138086,0.9797170214130316,0.9708540660929548,0.9981012658227848,0.963688485427616,0.9946781623075596,0.9933563568342498,0.9386301093751312,0.9291596208811556,≥0.9,Q4 (Top 25%)
https://security.googleblog.com/,https://security.googleblog.com,2026-01-26 13:26:35,0.9752537453561122,0.91498907474311,0.9996893094195736,0.0347844432875562,0.985215421797467,0.9694988032413024,0.9875527426160338,0.9679885332059244,0.9770156749229876,0.9937500214946454,0.911555541869278,0.9266476549861209,≥0.9,Q4 (Top 25%)
https://snyk.io/,https://snyk.io,2026-01-26 13:27:08,0.964153079923088,0.9515737827002873,0.9697500353057478,0.0002749622602991,0.9303751235415396,0.9478990273192044,0.9959915611814346,0.8786430960344004,0.9561653170980472,0.931399174793206,0.7789149830212395,0.903296017498931,≥0.9,Q3 (50-75%)
https://owasp.org/,https://owasp.org,2026-01-26 13:27:22,0.9268054480835508,0.9698500851827444,0.9735065668690864,0.0202127390964497,0.956396934507822,0.9897066057737826,0.9981012658227848,0.9737219302436694,0.9422772092825916,0.9656374092496072,0.9534355511635046,0.9130227193330347,≥0.9,Q3 (50-75%)
https://www.shodan.io/,https://shodan.io,2026-01-26 13:27:32,0.981721292318656,0.9460787994385436,1.0,0.000238987662744,0.9891175495017814,0.989000016841458,0.999789029535865,0.9847109412326804,0.9969618940458568,1.0,0.9877663341834378,0.936323148973748,≥0.9,Q4 (Top 25%)
https://haveibeenpwned.com/,https://haveibeenpwned.com,2026-01-26 13:27:49,0.9800094768469524,0.9028230701859992,1.0,0.0024416302327087,0.9880983993814524,0.974012778663488,0.9993670886075948,0.9589106545628284,0.9937617103581832,0.997468556069447,0.9292808265516272,0.9276140448534095,≥0.9,Q4 (Top 25%)
https://letsencrypt.org/,https://letsencrypt.org,2026-01-26 13:28:13,0.9853700977424904,0.968739873967888,0.9990114390622792,0.003145335005878,0.9886615617891988,0.978843093393941,0.9839662447257383,0.9885332059245102,0.993788463339143,0.9923445061718552,0.8664253527093697,0.9345946015760509,≥0.9,Q4 (Top 25%)
https://certbot.eff.org/,https://certbot.eff.org,2026-01-26 13:28:32,0.9792442701760788,0.8937047880083454,1.0,0.0035124383204355,0.9876428243013176,0.978243208714213,0.9972573839662447,0.9737219302436694,0.9918457206903856,0.9976782265651306,0.9125428201632462,0.9269356304667243,≥0.9,Q4 (Top 25%)
https://www.reddit.com/r/webdev/,https://reddit.com/r/webdev,2026-01-26 13:29:01,0.9659754343483404,0.8878178650641009,0.9816127665583956,0.0652193238460291,0.946024969301422,0.9428274770566188,0.929113924050633,0.9603440038222648,0.9823485907179672,0.9329810634518818,0.8154685419355321,0.9039708291838393,≥0.9,Q3 (50-75%)
https://www.reddit.com/r/programming/,https://reddit.com/r/programming,2026-01-26 13:30:16,0.9691307383388952,0.8656041556876309,0.7075344448110983,0.0569206791773252,0.8706546931292386,0.8960315480374357,0.929535864978903,0.9584328714763496,0.9855766988641106,0.6926938684140067,0.4217413984078505,0.8324326169555151,0.8-0.9,Q1 (Bottom 25%)
https://dev.to/,https://dev.to,2026-01-26 13:30:46,0.9878465503764448,0.955205506414194,0.9942666717297935,1.6295671529402498e-05,0.977185058288357,0.9667859667330324,0.9890295358649788,0.9550883898709984,0.9887533256670742,0.9827927156444438,0.8166853764301771,0.9277449525273465,≥0.9,Q4 (Top 25%)
https://hashnode.com/,https://hashnode.com,2026-01-26 13:31:46,0.8217548568642021,0.9128336110622852,0.8682389493009461,0.0062220383736203,0.8439342061890708,0.945264612309685,0.9981012658227848,0.9321548017200192,0.918107380799187,0.8858121583719221,0.5304297273413566,0.8305690380762878,0.8-0.9,Q1 (Bottom 25%)
https://medium.com/tag/programming,https://medium.com/tag/programming,2026-01-26 13:32:23,0.9767805337374048,0.9554016557960654,0.799716432061361,0.209986126145808,0.9174062866874226,0.8748662061943814,0.9978902953586498,0.94314381270903,0.9800926179032744,0.6792083623706435,0.7555571730247203,0.8807456253140952,0.8-0.9,Q2 (25-50%)
https://stackoverflow.com/tags/python,https://stackoverflow.com/tags/python,2026-01-26 13:32:46,0.9472292174682218,0.9464889428532794,0.9667843524925858,0.0880299055418116,0.9685822740499064,0.9656982054752236,0.9938818565400844,0.968944099378882,0.9904870487144724,0.9567409318389944,0.8651786572455309,0.9170586946870016,≥0.9,Q3 (50-75%)
https://www.python.org/,https://python.org,2026-01-26 13:33:01,0.9741748876225216,0.923972234274224,1.0,0.1128176055293959,0.9846247058622376,0.9809477223826232,0.9993670886075948,0.9837553750597228,0.9961933092984772,0.9965491323823163,0.9538218774524488,0.9355250383867514,≥0.9,Q4 (Top 25%)
https://pandas.pydata.org/,https://pandas.pydata.org,2026-01-26 13:33:15,0.9917318907701608,0.9552516056937388,1.0,0.3299453045093197,0.995077480805745,0.9894690651072872,1.0,0.9923554706163402,0.9984635499452338,0.9999019844169292,0.9664605326637012,0.9571239382830461,≥0.9,Q4 (Top 25%)
http://scikit-learn.org/stable/,https://scikit-learn.org,2026-01-26 13:33:32,0.9665947184030816,0.8471109645307177,0.9988419714729558,0.0058361049405431,0.9751636567600354,0.952363889295666,0.99957805907173,0.9665551839464884,0.9889516491694298,0.9956851648803444,0.9199016827589296,0.9144870694685452,≥0.9,Q3 (50-75%)
https://www.tensorflow.org/,https://tensorflow.org,2026-01-26 13:34:05,0.9363222684854864,0.8270185980013129,0.94305888998729,0.1124254477634845,0.8983295857063692,0.9193566592100726,0.9964135021097048,0.9245102723363592,0.926122840023878,0.8832803627108078,0.7855683802197208,0.8776630161065296,0.8-0.9,Q2 (25-50%)
https://pytorch.org/,https://pytorch.org,2026-01-26 13:34:27,0.9662450227590816,0.8985478444582263,0.9809631407993222,0.0058749567892363,0.9570410380499652,0.9496597618488124,0.9966244725738396,0.9331103678929766,0.9853904912405668,0.9406134212253292,0.8766247399996081,0.9101911463830769,≥0.9,Q3 (50-75%)
https://keras.io/,https://keras.io,2026-01-26 13:34:44,0.9631678654918534,0.9367803229260628,0.9956220872758084,0.0046315005478151,0.977426588142675,0.9860025975901926,1.0,0.9823220258002868,0.9601130180380988,0.983573440246918,0.941387583249116,0.925455756988208,≥0.9,Q4 (Top 25%)
https://opencv.org/,https://opencv.org,2026-01-26 13:35:10,0.9774891629086028,0.9372876020557612,0.9732811225677576,0.2805155789305921,0.9787282860619568,0.9716978232906004,0.9964135021097048,0.945054945054945,0.990834493663768,0.9780113294758652,0.8466947173146031,0.9357408021561079,≥0.9,Q4 (Top 25%)
https://huggingface.co/,https://huggingface.co,2026-01-26 13:36:03,0.9857212300408468,0.9366494574433274,0.9768676740573364,0.0011439179017502,0.9648286381778776,0.9856555274544196,0.9989451476793249,0.9722885809842332,0.9803640377822124,0.9536006813880756,0.6009128125020413,0.9190844351731622,≥0.9,Q3 (50-75%)
https://openai.com/,https://openai.com,2026-01-26 13:36:56,0.9541119563464396,0.9464893122126108,0.9861601468719108,6.38240512919692e-05,0.941967699548462,0.9473567103444314,0.9976793248945148,0.9350215002388916,0.9642241910245862,0.946702424377148,0.5863481247777924,0.9035801441331338,≥0.9,Q3 (50-75%)
https://www.anthropic.com/,https://anthropic.com,2026-01-26 13:37:16,0.9547403776814588,0.8801446517730641,0.9849456291484254,0.0033067260235009,0.9628131243145522,0.9550507663785456,0.991772151898734,0.9751552795031057,0.9887351422987682,0.9576529301031648,0.90365824867282,0.9096573981556408,≥0.9,Q3 (50-75%)
https://stability.ai/,https://stability.ai,2026-01-26 13:37:58,0.9218198166857068,0.8688784086559416,0.9572659228922468,0.0,0.9437024326618088,0.8898143854733657,0.9635021097046412,0.9436215957955087,0.9147275790489626,0.9205700161108228,0.6980122859225126,0.8752552687282824,0.8-0.9,Q1 (Bottom 25%)
https://deepmind.google/,https://deepmind.com,2026-01-26 13:38:31,0.91997439168049,0.6545204750248785,0.9630057354374546,0.0,0.8497836059944693,0.8716185579296536,0.9871308016877636,0.926899187768753,0.822393739970537,0.882390249903783,0.7824516415601237,0.8367649215042352,0.8-0.9,Q1 (Bottom 25%)
https://www.nvidia.com/zh-tw/,https://nvidia.com,2026-01-26 13:39:17,0.9452159499984948,0.806825271946981,0.8050840276797064,0.0238374014313329,0.569995601855571,0.8338560177887393,0.9267932489451476,0.8795986622073578,0.7479559898055734,0.8051190318749178,0.6564178221462011,0.7763023140516053,0.7-0.8,Q1 (Bottom 25%)
https://www.intel.com/content/www/us/en/homepage.html,https://intel.com,2026-01-26 13:39:45,0.9638635220381128,0.9296143556729952,0.9478042043724212,0.0001627524597958,0.963299507636902,0.9544984504485916,0.9945147679324896,0.934065934065934,0.9907819745443158,0.9074604709562788,0.8322821339021849,0.9074008054222535,≥0.9,Q3 (50-75%)
https://www.arm.com/,https://arm.com,2026-01-26 13:40:43,0.9580877368995612,0.8986020605975766,0.9857082333003812,0.0,0.9638081440360204,0.9292913176815528,0.9970464135021097,0.9364548494983278,0.950470841323123,0.9587479064215372,0.7368950004339172,0.9038923275033994,≥0.9,Q3 (50-75%)
https://www.qualcomm.com/,https://qualcomm.com,2026-01-26 13:41:30,0.8806708220271958,0.7293308653459122,0.8430946697924397,0.0,0.8764779670915189,0.8178810314891536,0.999789029535865,0.8733874820831342,0.9518937408268616,0.7192325645597499,0.6583625177649438,0.8133710636486623,0.8-0.9,Q1 (Bottom 25%)
https://www.oracle.com/,https://oracle.com,2026-01-26 13:42:28,0.9562524014304808,0.9364385914494814,0.9983053241067644,1.000618847525938,0.9724056904017658,0.8633683342767731,0.9738396624472574,0.965121834687052,0.9875863112318164,0.9667251946320602,0.5450457386064073,0.9509323049801269,≥0.9,Q4 (Top 25%)
https://www.sap.com/index.html,https://sap.com,2026-01-26 13:43:24,0.9328271203024868,0.8466628277192663,0.9838158452196016,6.112369101138518e-07,0.9351768241455009,0.9193585054591888,0.99873417721519,0.8380315336837076,0.9804639253401084,0.946914127093852,0.5621159482770688,0.8804769984056643,0.8-0.9,Q2 (25-50%)
https://www.salesforce.com/?bc=SM,https://salesforce.com,2026-01-26 13:44:14,0.9487515060782464,0.9140157204081292,0.9700889704843948,0.0442481445826801,0.9531815601172166,0.9157131930319424,0.9516877637130802,0.9101767797419972,0.9800607269747575,0.9048664189858232,0.6298340943214702,0.8933022863148069,0.8-0.9,Q2 (25-50%)
https://slack.com/,https://slack.com,2026-01-26 13:44:43,0.9721765999753126,0.9364122303160772,0.972009603163395,0.0272664029756164,0.94531019113234,0.9723874323650906,0.9983122362869198,0.8967988533205924,0.5752301496494394,0.9533123404901904,0.8175438792944973,0.8970486689725348,0.8-0.9,Q2 (25-50%)
https://www.zoom.com/,https://zoom.us,2026-01-26 13:45:19,0.9679980604857682,0.8599174509665934,0.9837876006213812,0.0125132614607666,0.9582972248434692,0.9660802205376332,0.9966244725738396,0.9503105590062112,0.93551544109544,0.9605144536248726,0.7670928386863787,0.9062528128208289,≥0.9,Q3 (50-75%)
https://teams.microsoft.com/v2/?clientexperience=t2,https://teams.microsoft.com,2026-01-26 13:45:53,0.9821355966367116,0.9001759615365272,0.7308572235559949,0.0,0.8686028813678235,0.9288429246951472,0.970042194092827,0.9565217391304348,0.927713521847282,0.7770983776310622,0.7833306738407645,0.8525361705168893,0.8-0.9,Q1 (Bottom 25%)
https://trello.com/,https://trello.com,2026-01-26 13:46:15,0.9840917322290544,0.9188972466101896,0.9483971190509816,0.0063805880946688,0.9541861187530832,0.9778886177133168,0.9983122362869198,0.9536550406115624,0.9712207704184916,0.9171259095361506,0.8820379738212616,0.9142513235762614,≥0.9,Q3 (50-75%)
https://asana.com/,https://asana.com,2026-01-26 13:47:20,0.8480501117985149,0.8411907868335862,0.9528599607363244,0.1393923881399389,0.8707149181942928,0.940373090933904,0.979535864978903,0.7310081223124701,0.9484153439640376,0.84367417275317,0.4769151379250173,0.8426263610359036,0.8-0.9,Q1 (Bottom 25%)
https://www.notion.com/,https://notion.so,2026-01-26 13:47:53,0.9580318929628464,0.9165775064086766,0.9244456929804776,0.0118932534464897,0.922360953699204,0.9529763536653992,0.9369198312236288,0.9173435260391782,0.9244858912055584,0.8805626188263082,0.7853033641181263,0.8860231017689644,0.8-0.9,Q2 (25-50%)
https://evernote.com/,https://evernote.com,2026-01-26 13:48:31,0.9265308948995682,0.9808709483840372,0.8894517590800424,0.0,0.9235799111673642,0.9007010970229753,0.9672995780590716,0.910654562828476,0.9630592203082452,0.8780494648849407,0.7399072257013362,0.8764363301846244,0.8-0.9,Q1 (Bottom 25%)
https://www.todoist.com/,https://todoist.com,2026-01-26 13:49:08,0.9713475577858932,0.9196136256117752,0.9725744951278068,0.0116039566845531,0.9598163120151976,0.948535827405075,0.980590717299578,0.9498327759197324,0.982946158849078,0.9313357069674856,0.7536787314313762,0.9095493571965324,≥0.9,Q3 (50-75%)
https://calendly.com/,https://calendly.com,2026-01-26 13:50:00,0.9781976471755972,0.9343228799728754,0.9682775213857294,0.0,0.956999387193888,0.9749646577774108,0.9968354430379748,0.9646440516005732,0.991252959437101,0.5853327652494278,0.6115470501561635,0.9061900140485274,≥0.9,Q3 (50-75%)
https://www.zoominfo.com/,https://zoominfo.com,2026-01-26 13:50:29,0.9651509192890508,0.9239110347779425,0.95337519838895,0.0463235574325746,0.9085370784532923,0.9289877278855674,0.9438818565400844,0.8924988055422838,0.940168167761233,0.9144428306525212,0.808098481476401,0.8914486791845045,0.8-0.9,Q2 (25-50%)
https://www.crunchbase.com/,https://crunchbase.com,2026-01-26 13:50:56,0.9784474220108558,0.9088993294049488,1.0,0.0041408434927593,0.9871684110734348,0.9629949236751206,0.931434599156118,0.9842331581462016,0.9961974031030364,0.9963487632059194,0.846575273437828,0.9206740557617079,≥0.9,Q3 (50-75%)
https://wellfound.com/,https://angel.co,2026-01-26 13:52:57,0.9301936011703276,0.9045930703624512,0.992148001694676,0.0,0.9584263685391576,0.9420387823780266,0.99915611814346,0.961299569995222,0.9882386459365148,0.8840838325562437,0.5287173873891529,0.8959677835893589,0.8-0.9,Q2 (25-50%)
https://www.producthunt.com/,https://producthunt.com,2026-01-26 13:53:20,0.9803274636441102,0.9618646213205524,0.9683942945911592,0.0,0.9708923565362316,0.980536548218465,0.9945147679324896,0.9546106067845198,0.9931110819359448,0.9466014386248934,0.879400876979339,0.9242050758295404,≥0.9,Q4 (Top 25%)
https://techmeme.com/,https://techmeme.com,2026-01-26 13:53:45,0.9947244841745672,0.9723975627619794,1.0,0.0634616325073129,0.9968391645734408,0.967964108663934,0.8862869198312237,0.9813664596273292,0.9965762169093496,0.9979558983026576,0.8684083076948919,0.932764189265531,≥0.9,Q4 (Top 25%)
https://slashdot.org/,https://slashdot.org,2026-01-26 13:54:17,0.974281040841068,0.9093536097620004,0.9903685920067788,0.2208788776460694,0.9310324971208808,0.9469203763087004,0.9968354430379748,0.8270425226946967,0.9860518603288876,0.9485065676693648,0.7881168273093494,0.9154548447323451,≥0.9,Q3 (50-75%)
https://betanews.com/,https://betanews.com,2026-01-26 13:54:36,0.9835714925264654,0.9367741084394088,0.9874029091936168,0.0095968853369213,0.9694734126365928,0.9810855259939586,0.9989451476793249,0.9622551361681796,0.988942411050588,0.970928804732011,0.9153292218511376,0.9273788033510904,≥0.9,Q4 (Top 25%)
https://www.slashgear.com/,https://slashgear.com,2026-01-26 13:55:33,0.9827324618805746,0.9495755790392072,0.94593983900579,0.0,0.889543509389137,0.9125543546916964,0.9989451476793249,0.6082178690874342,0.9796714335381111,0.903688043443258,0.5665913610349813,0.8800553831114056,0.8-0.9,Q2 (25-50%)
https://arstechnica.com/civis/,https://arstechnica.com/civis,2026-01-26 13:56:55,0.9655790935050284,0.9158306171889932,0.8929247281457419,0.0002208591758508,0.8673681994018446,0.884360246385608,0.9985232067510548,0.7396082178690875,0.9664534999924778,0.7472470830593746,0.3385375403706305,0.8553088595477949,0.8-0.9,Q1 (Bottom 25%)
https://www.wired.com/,https://wired.co.uk,2026-01-26 13:58:33,0.9184065447869972,0.8912841882007803,0.6962580337080193,0.0361501199007754,0.7476674933754173,0.8274308840960265,0.989451476793249,0.6693741041567128,0.8063161534225266,0.3966911064693112,0.1877956352594593,0.7697429417651891,0.7-0.8,Q1 (Bottom 25%)
https://www.ft.com/,https://ft.com,2026-01-26 13:59:00,0.9715965071608312,0.9065383085848254,0.9964411806242056,0.0017869949796796,0.9636509852030364,0.9256061917068172,0.9970464135021097,0.910654562828476,0.984452366957257,0.9677081252260844,0.8314908182185505,0.9117687205829331,≥0.9,Q3 (50-75%)
https://www.investopedia.com/,https://investopedia.com,2026-01-26 14:25:07,0.976514462557184,0.9158604488933872,0.943652026549922,0.0003397605407452,0.9024220534393044,0.9474058495225584,0.9898734177215188,0.7424749163879598,0.978713114001207,0.8684708646725265,0.4459465134052424,0.8817090877011555,0.8-0.9,Q2 (25-50%)
https://finance.yahoo.com/,https://yahoo.com/finance,2026-01-26 14:26:12,0.9723548240073242,0.8493965373201721,0.8514200227135572,0.0140460166641102,0.8976701116109512,0.9120629509289258,0.879746835443038,0.8155757286192069,0.9719573369028424,0.8054352767306634,0.5026823548733569,0.850343897897028,0.8-0.9,Q1 (Bottom 25%)
https://www.morningstar.com/,https://morningstar.com,2026-01-26 14:27:04,0.9664620184896504,0.9090806511927136,0.9259144188673916,0.000404025209941,0.910241551220788,0.9324121604653643,0.9930379746835444,0.9053989488772096,0.970916491868746,0.8743851749789203,0.7331978391856167,0.8878556984497569,0.8-0.9,Q2 (25-50%)
https://www.cnn.com/business,https://money.cnn.com,2026-01-26 14:28:49,0.9593883102284406,0.8136531761904908,0.8195375774440559,0.0216342194776252,0.7337017147428059,0.8040285914410665,0.9457805907172996,0.139034878165313,0.9362098471228852,0.5928290032956383,0.1307471867700977,0.7688266191924028,0.7-0.8,Q1 (Bottom 25%)
https://www.sec.gov/,https://sec.gov,2026-01-26 14:29:17,0.9748247752957312,0.9462473818937682,0.9948877277220732,0.1232998437510725,0.975348536789736,0.9708687295792218,0.9938818565400844,0.9770664118490204,0.9924144666547172,0.9825331384902348,0.8274978467441746,0.9316086402036012,≥0.9,Q4 (Top 25%)
https://www.irs.gov/,https://irs.gov,2026-01-26 14:30:03,0.9613263495519224,0.9485426237081132,0.978279903968366,0.0165296389557429,0.9666852707165272,0.9407951366927616,0.9719409282700422,0.9756330625895844,0.98970494740865,0.955601754713424,0.6780614258799421,0.9108786798519893,≥0.9,Q3 (50-75%)
https://www.revolut.com/,https://revolut.com,2026-01-26 14:30:25,0.8952261643796338,0.9237298775184604,0.9597796921338796,0.0539325842696629,0.937105675106852,0.9481629364318016,0.9175105485232068,0.9483994266602962,0.7860346243293506,0.9429178817003504,0.8789790907894773,0.8774414021607665,0.8-0.9,Q2 (25-50%)
https://wise.com/,https://wise.com,2026-01-26 14:31:39,0.9290889706222802,0.9615015542758122,0.7436803302417524,0.0,0.9113610365367116,0.8756904698605288,0.8274261603375528,0.9020544672718586,0.9119685139442972,0.7766944346220439,0.4038518783949356,0.8266135884219638,0.8-0.9,Q1 (Bottom 25%)
https://wise.com/,https://transferwise.com,2026-01-26 14:32:57,0.9723545599725112,0.9335352413911748,0.6524222909315058,0.0,0.8727212794730932,0.8602112300971534,0.9630801687763711,0.9020544672718586,0.9117985605712032,0.7435859978095793,0.3751218934094043,0.8232095151428623,0.8-0.9,Q1 (Bottom 25%)
https://venmo.com/,https://venmo.com,2026-01-26 14:33:31,0.9796236932474928,0.9512713726131004,0.9089113236370908,0.0247842553072107,0.9218081756524892,0.931453812719108,0.929957805907173,0.9574773053033924,0.9490240029311386,0.847093814513247,0.7727804201624997,0.8920797409993616,0.8-0.9,Q2 (25-50%)
https://www.wellsfargo.com/,https://wellsfargo.com,2026-01-26 14:43:06,0.9740881620130638,0.931944849040922,0.7179576378864367,0.1157985047676777,0.8981993003997796,0.8997675049186852,0.9989451476793249,0.9455327281414238,0.984196265420106,0.8121459050277461,0.5771761414588763,0.8597979543670826,0.8-0.9,Q1 (Bottom 25%)
https://www.bankofamerica.com/,https://bankofamerica.com,2026-01-26 14:44:02,0.8799510573039426,0.9174345838389598,0.8782602604978466,0.1444154912742051,0.898181477521585,0.903547627320558,0.9972573839662447,0.9034878165312948,0.9598302526541462,0.788388303348694,0.5682141180796039,0.8572183826218455,0.8-0.9,Q1 (Bottom 25%)
https://www.ally.com/,https://ally.com,2026-01-26 14:44:38,0.8901231988129301,0.9376514556161512,0.9387657110577602,0.0696776672242562,0.9300128483540068,0.8551510494187305,0.9978902953586498,0.9273769708552316,0.9805239508290396,0.8364502914048615,0.752360183010415,0.873535187464067,0.8-0.9,Q1 (Bottom 25%)
https://www.capitalone.com/,https://capitalone.com,2026-01-26 14:45:29,0.906163519385079,0.859324248085152,0.8179917476581289,0.0,0.8778977930955769,0.8542462471172688,0.9934599156118143,0.8566650740563784,0.9602820227690788,0.7426188560096357,0.6141216255938367,0.8315708472336006,0.8-0.9,Q1 (Bottom 25%)
https://www.chime.com/,https://chime.com,2026-01-26 14:46:16,0.969445417840215,0.9018173786197464,0.917469283999435,1.6503396573074e-05,0.9068571024739897,0.9188604252221972,0.950210970464135,0.8791208791208791,0.9726123583657428,0.852965057366473,0.6613971387592581,0.8784523690442008,0.8-0.9,Q2 (25-50%)
https://robinhood.com/us/en/,https://robinhood.com,2026-01-26 14:46:40,0.931667194325326,0.932804747251718,0.9474085581132607,0.010493012871027,0.9578825591155492,0.9173584502941288,0.9658227848101266,0.9660774008600096,0.9444505165321294,0.947716229098216,0.8633841996280442,0.8941603846188099,0.8-0.9,Q2 (25-50%)
https://us.etrade.com/home,https://etrade.com,2026-01-26 14:47:41,0.8842519205116464,0.8913440221553846,0.9143341335969496,0.3290261674236991,0.92973883854614,0.8891335536532727,0.9561181434599156,0.9173435260391782,0.9831932196358808,0.9140280230772766,0.5218017735549392,0.8734005091378657,0.8-0.9,Q1 (Bottom 25%)
https://www.fidelity.com/,https://fidelity.com,2026-01-26 14:48:05,0.9458547017040392,0.8965235515088039,0.9824318599067928,0.0,0.95634650275471,0.91636371917731,0.99957805907173,0.9369326325848064,0.9886185739198076,0.9496543035719256,0.8712059072462307,0.9019746540961326,≥0.9,Q2 (25-50%)
https://www.schwab.com/,https://schwab.com,2026-01-26 14:48:46,0.943885751948874,0.8682816969379029,0.9253777715012006,0.7771128421531417,0.9200514243194378,0.8971933123107269,0.94831223628692,0.9092212135690396,0.976492400112872,0.8827381895912141,0.7111315161067269,0.9113598779570232,≥0.9,Q3 (50-75%)
https://www.coinbase.com/,https://coinbase.com,2026-01-26 14:49:22,0.9612623314337824,0.8561767743913666,0.9784750668674932,0.0108113191047647,0.9609102875981512,0.9562251726125768,0.9964135021097048,0.9225991399904444,0.9848288823756296,0.9342696479036392,0.7582521254944556,0.9028647832153062,≥0.9,Q2 (25-50%)
https://www.binance.com/en,https://binance.com,2026-01-26 14:49:57,0.9799013787111824,0.9060191222961242,0.952351362801864,0.000672850419228,0.950510113654582,0.9765837649216652,0.9968354430379748,0.9297658862876256,0.977820352637778,0.9110605895754564,0.7695974274775039,0.9083619427301163,≥0.9,Q3 (50-75%)
https://www.kraken.com/,https://kraken.com,2026-01-26 14:50:48,0.9599624096698154,0.8222790444499379,0.7922327354893377,0.0048179137779902,0.8865889317941653,0.940974509361813,0.9848101265822784,0.8800764452938366,0.9632733396568076,0.758821207070502,0.6194042176752677,0.8484634135995773,0.8-0.9,Q1 (Bottom 25%)
https://www.kucoin.com/,https://kucoin.com,2026-01-26 14:51:14,0.9774246579899888,0.9286936309491444,0.9517299816410112,0.008050866035851,0.9464370332745456,0.9249345718746248,0.9981012658227848,0.9006211180124224,0.9273938994888468,0.9151403514366712,0.850279899928427,0.9031236873121757,≥0.9,Q2 (25-50%)
https://coinmarketcap.com/,https://coinmarketcap.com,2026-01-26 14:52:00,0.9857005030771824,0.9399522874842028,0.8649343313091371,0.0113093444854402,0.92597357626588,0.9445476576217272,0.9940928270042194,0.8122312470138557,0.9607107198704468,0.8285352595036821,0.6654181048922532,0.8844009457640416,0.8-0.9,Q2 (25-50%)
https://www.coingecko.com/,https://coingecko.com,2026-01-26 14:52:44,0.9811943686084068,0.904601611678124,0.94449936449654,0.081492879298916,0.9138664248882328,0.8984885523676552,0.9915611814345991,0.8370759675107502,0.97321244772019,0.903845775059396,0.6809971324138021,0.8918704102028108,0.8-0.9,Q2 (25-50%)
https://opensea.io/,https://opensea.io,2026-01-26 14:53:22,0.923781253906066,0.956659331003459,0.9264793578599584,0.0562403378755279,0.8963457519370309,0.9187305151018356,0.9521097046413504,0.8466316292403249,0.9082819506213444,0.8987176607197692,0.726423131799786,0.8735882168665366,0.8-0.9,Q1 (Bottom 25%)
https://rarible.com/all,https://rarible.com,2026-01-26 14:54:28,0.9374146873574478,0.9570953920097076,0.8573504301388106,0.0359016745424986,0.910544412104557,0.878046362682037,0.9272151898734178,0.9006211180124224,0.8503576594055073,0.8202218732012867,0.4883556217473707,0.8552350735577302,0.8-0.9,Q1 (Bottom 25%)
https://metamask.io/,https://metamask.io,2026-01-26 14:55:12,0.9693648852029688,0.9711865328053008,0.9074989408275668,0.0,0.9164335163002828,0.8719929679415193,0.9744725738396623,0.9096989966555185,0.9663381922251852,0.852513396244644,0.680117166977874,0.8839009446714531,0.8-0.9,Q2 (25-50%)
https://etherscan.io/,https://etherscan.io,2026-01-26 14:55:32,0.947435357359272,0.816209613356381,0.9787035729416748,0.0011144188936671,0.9538703092927402,0.9623269040097412,0.9989451476793249,0.9732441471571908,0.97691688880862,0.9707944045764366,0.8963973673823035,0.8999201830484291,0.8-0.9,Q2 (25-50%)
https://polygonscan.com/,https://polygonscan.com,2026-01-26 14:55:53,0.9471549601028214,0.8064075644383207,0.980963140799322,0.0010524473278232,0.9560256644634532,0.960313715472408,0.9989451476793249,0.9713330148112757,0.976068127885794,0.9737816913143812,0.8977065842503917,0.8993032342061099,0.8-0.9,Q2 (25-50%)
https://ethplorer.io/,https://ethplorer.io,2026-01-26 14:56:33,0.9873341681577746,0.9760141844762084,0.9337453013856684,0.2328902999865993,0.9302864945561606,0.904055409408993,0.9993670886075948,0.9393215480172,0.9706977184437718,0.8803159384593454,0.7156797149770491,0.9143598366343425,≥0.9,Q3 (50-75%)
https://www.blockchain.com/,https://blockchain.com,2026-01-26 14:57:02,0.9790582407693488,0.8829800841135677,0.9569269877135996,0.0186077766167858,0.9479652321748888,0.9435112133102078,0.9381856540084388,0.9550883898709984,0.9851756524520116,0.9313209342839126,0.8216656261985213,0.9018030569720714,≥0.9,Q2 (25-50%)
https://www.gov.uk/,https://gov.uk,2026-01-26 14:57:15,0.9915938392596798,0.9530274313668772,0.9997740432142352,0.2441947565543071,0.9939633912277912,0.9901160609468116,0.9993670886075948,0.9923554706163402,0.998703409965386,0.997038780404762,0.9679946399560296,0.9523755527594009,≥0.9,Q4 (Top 25%)
https://www.usa.gov/,https://usa.gov,2026-01-26 14:57:33,0.9794389952986996,0.9546066108305322,0.9910747069622936,0.0250298075364794,0.9749522913059492,0.960841993779571,0.9989451476793249,0.981844242713808,0.99238321239876,0.9792669294172122,0.9185476744370508,0.9294011514986797,≥0.9,Q4 (Top 25%)
https://www.canada.ca/,https://canada.ca,2026-01-26 14:57:52,0.965309840275458,0.8911258683918576,0.99186555571247,0.0,0.979346792313828,0.93107250986626,1.0,0.9847109412326804,0.995036971862046,0.9763327539940178,0.9205707550999268,0.9163571368042889,≥0.9,Q3 (50-75%)
https://my.gov.au/en/services?redirectFrom=australia.gov.au,https://australia.gov.au,2026-01-26 14:58:07,0.9748209628744188,0.8833684297546328,0.995028950713176,0.1396398597273967,0.9775930095908548,0.9639433412746634,0.99957805907173,0.9608217869087434,0.985026543738523,0.9808998190072694,0.9454384103513048,0.9276386473923094,≥0.9,Q4 (Top 25%)
https://european-union.europa.eu/index_en,https://europa.eu,2026-01-26 14:58:42,0.9647139135084392,0.9401098587682812,1.0,0.0209737827715355,0.9787572677544736,0.9255795760388744,0.99873417721519,0.9655996177735308,0.9863064338518952,0.9958219489875004,0.7575158659727724,0.9186514337010108,≥0.9,Q3 (50-75%)
https://www.un.org/,https://un.org,2026-01-26 14:59:00,0.9812640229225386,0.9060773540246452,0.9963846914277644,0.0,0.9852183783757232,0.9304543745912246,1.0,0.9885332059245102,0.9657318634796528,0.9934868097913034,0.9278316363904432,0.9228066107625462,≥0.9,Q3 (50-75%)
https://www.worldbank.org/ext/en/home,https://worldbank.org,2026-01-26 14:59:23,0.9861224852694268,0.93749381917785,0.9984465470978676,0.0048907034984657,0.9690709104727928,0.9688281741372078,0.999789029535865,0.9307214524605828,0.8805670720248375,0.9870247377575098,0.8794997914397933,0.922300128385617,≥0.9,Q3 (50-75%)
https://www.who.int/,https://who.int,2026-01-26 15:03:00,0.907412717457132,0.8423705954905576,0.9784576023577154,0.0011527546101678,0.94346597571826,0.9371383105240628,0.99873417721519,0.941710463449594,0.966418368400632,0.9495139239968098,0.784956230351249,0.884063534945835,0.8-0.9,Q2 (25-50%)
https://cdc.gov/,https://cdc.gov,2026-01-26 15:03:55,0.9370286467122352,0.9734392464930152,0.9994915972320294,0.0484463015093194,0.9620344465476754,0.9368609111617368,0.99957805907173,0.9765886287625418,0.9733066816257554,0.9813577721980284,0.5715893407537842,0.9109593984862623,≥0.9,Q3 (50-75%)
https://www.nih.gov/,https://nih.gov,2026-01-26 15:04:18,0.9678616279059366,0.9450082294453828,0.9905380595961022,0.2032762994622876,0.9668329088934504,0.9462113866942806,0.9978902953586498,0.972766364070712,0.9882267146927454,0.9766464585734872,0.8799794332574677,0.930260293452847,≥0.9,Q4 (Top 25%)
https://health.gov/,https://health.gov,2026-01-26 15:04:46,0.9398124059766942,0.9651332947426168,0.9573506566869086,0.0004280761549557,0.9640375954337566,0.946701660487324,0.9542194092827004,0.9713330148112757,0.9810119985464256,0.9515771363879804,0.8315169465665951,0.9044594735790308,≥0.9,Q3 (50-75%)
https://www.oecd.org/,https://oecd.org,2026-01-26 15:05:13,0.965216209542414,0.9188872066695898,0.9878265781669257,0.0228212434159399,0.9644401409518136,0.966977747143617,0.9725738396624471,0.9589106545628284,0.9844472799435048,0.9624125871392925,0.8412030984488159,0.9154841560705433,≥0.9,Q3 (50-75%)
https://www.unesco.org/en,https://unesco.org,2026-01-26 15:05:49,0.9747584757450102,0.8734811366597336,0.9514757802570258,0.0341213748473026,0.961716072580572,0.8605988272715839,0.8616033755274262,0.9765886287625418,0.9851581121229912,0.9320869643651608,0.7639994289089642,0.887102329540487,0.8-0.9,Q2 (25-50%)
https://www.uspto.gov/,https://uspto.gov,2026-01-26 15:06:37,0.9313269753860756,0.9061099512265512,0.95359412512357,0.0017241049449454,0.9231037647683056,0.9467875986069156,0.9873417721518988,0.9503105590062112,0.9615685979443284,0.8842070945773779,0.8324585002514854,0.889508207507645,0.8-0.9,Q2 (25-50%)
https://mohp.gov.np/,https://mohp.gov.np,2026-01-26 15:07:17,0.929677054107547,0.8055642847947153,0.9998305324106764,0.005846627288445,0.9463711421838368,0.8992590933961728,0.9974683544303796,0.9546106067845198,0.9678713252159152,0.9834338422952716,0.8878636622799037,0.8892468796255261,0.8-0.9,Q2 (25-50%)
https://www.ntc.net.np/,https://ntc.net.np,2026-01-26 15:07:56,0.9820608420812892,0.95266379888835,0.9451489902556136,0.0434333483710904,0.9284061783015876,0.9051347679034356,0.9120253164556962,0.9206880076445294,0.958901780326842,0.9039672393465504,0.7314901650098495,0.8953547748240741,0.8-0.9,Q2 (25-50%)
https://kathmandupost.com/,https://kathmandupost.com,2026-01-26 15:09:23,0.9498984297724574,0.9516335917054832,0.9955091088829262,0.0417910447761194,0.9684317364135498,0.96396914229812,0.9061181434599156,0.965121834687052,0.9698042058067224,0.9777898173846192,0.8473889848483576,0.9121056290179558,≥0.9,Q3 (50-75%)
https://ekantipur.com/,https://ekantipur.com,2026-01-26 15:09:55,0.9727012217550904,0.9418887808459114,0.9965259144188674,0.1095400350569587,0.9612455753991804,0.9762835384295012,0.9957805907172996,0.9684663162924032,0.9416896687442968,0.981625321911626,0.7890126563851617,0.9256167088166567,≥0.9,Q4 (Top 25%)
https://www.setopati.com/,https://setopati.com,2026-01-26 15:10:30,0.936489169339894,0.8606536058758445,0.9882502471402344,0.6091544000887307,0.9314961983421314,0.9174421596797754,0.9970464135021097,0.9517439082656474,0.9634534479572294,0.9434299232351958,0.7689899433854687,0.9209715603788241,≥0.9,Q3 (50-75%)
https://www.onlinekhabar.com/,https://onlinekhabar.com,2026-01-26 15:11:14,0.873043877477634,0.8737801960691256,0.9518712046321144,0.0781165367107037,0.85900339804146,0.8575163269635967,0.9968354430379748,0.8050645007166747,0.6113370156224611,0.9092754397335476,0.6968299781734979,0.8354526433639964,0.8-0.9,Q1 (Bottom 25%)
https://www.ratopati.com/,https://ratopati.com,2026-01-26 15:11:53,0.9301818366386166,0.8538653150846882,0.986979240220308,0.0692148753728084,0.9532992396913887,0.9545337458095132,0.9974683544303796,0.9125656951743908,0.8091523577745287,0.955197225486803,0.7305094188028924,0.8902682043626504,0.8-0.9,Q2 (25-50%)
https://nagariknews.nagariknetwork.com/,https://nagariknews.com,2026-01-26 15:12:19,0.9512632852326868,0.9044799829634378,0.9876288659793816,0.0782385799445201,0.9591657473966416,0.9632219928568994,0.9974683544303796,0.9536550406115624,0.9516159605890516,0.9685229676930008,0.8439465749934912,0.9127748391500197,≥0.9,Q3 (50-75%)
https://merolagani.com/,https://merolagani.com,2026-01-26 15:13:18,0.98461745497225,0.9349889965051884,0.9969495833921762,0.0339515370019792,0.9760822501372896,0.6972963836878998,0.5706751054852321,0.9622551361681796,0.9769323281181934,0.9832740393769398,0.5397314192452081,0.8607168698246067,0.8-0.9,Q1 (Bottom 25%)
https://merojob.com/,https://merojob.com,2026-01-26 15:13:58,0.967328632998962,0.9546012545427294,0.9270160145278548,0.0101981481753713,0.9340183520463806,0.9315871264064226,0.7759493670886076,0.8967988533205924,0.972477797620244,0.9133788066235404,0.7180284668351946,0.8795912196134563,0.8-0.9,Q2 (25-50%)
https://www.daraz.com.np/,https://daraz.com.np,2026-01-26 15:14:46,0.9531259930725812,0.8561145542222311,0.9517017370427906,0.000891019283062,0.9229060057060746,0.8705850220572743,0.9556962025316456,0.8944099378881988,0.9703001100634954,0.8675293992035571,0.6496225853440497,0.8735743060841304,0.8-0.9,Q1 (Bottom 25%)
https://hamrobazaar.com/,https://hamrobazar.com,2026-01-26 15:15:53,0.9763952408342054,0.9196497194628211,0.964496540036718,0.004215749067872,0.9465315598412338,0.9219999880161792,0.9149789029535864,0.9331103678929766,0.9090622692439996,0.8477349802452561,0.6549397041711109,0.8920674948016311,0.8-0.9,Q2 (25-50%)
https://khaltibyime.khalti.com/,https://khalti.com,2026-01-26 15:16:25,0.980240819677635,0.9005224014495601,0.9996045756249118,0.8933532562933822,0.9795699536525552,0.9194817244218472,0.99915611814346,0.9603440038222648,0.9700963812111076,0.9848601488023496,0.7965908104733617,0.9613835837511645,≥0.9,Q4 (Top 25%)
https://esewa.com.np/,https://esewa.com.np,2026-01-26 15:17:11,0.9395348372212552,0.8614173732381991,0.989041095890411,7.089583672564772e-05,0.963551509973506,0.8616104435259633,1.0,0.9393215480172,0.9536344227053376,0.9589801658354884,0.6659947948598075,0.8882966646959612,0.8-0.9,Q2 (25-50%)
https://nepalnews.com/,https://nepalnews.com,2026-01-26 15:18:38,0.720912273714547,0.0,0.8211269594690016,0.31397936208042,0.4795014031193131,0.5619713806642335,0.990506329113924,0.8107978977544195,0.6608120571317613,0.4956380720663053,0.470816034967195,0.6046524156525596,<0.7,Q1 (Bottom 25%)
https://nepalitimes.com/,https://nepalitimes.com,2026-01-26 22:36:18,0.8446953374532801,0.7234519571285274,0.922864002259568,0.908915289965955,0.8959030548008308,0.8935808275706525,0.8483122362869198,0.8380315336837076,0.9500680313280336,0.8747265490292089,0.711821117864045,0.862257850731884,0.8-0.9,Q1 (Bottom 25%)
https://thehimalayantimes.com/,https://thehimalayantimes.com,2026-01-26 22:37:00,0.9827543130138614,0.9786928554653876,0.9950854399096172,2.0515366281032285e-05,0.9888941519829794,0.9740404230703588,0.9092827004219408,0.9498327759197324,0.9901822862935812,0.9872367922047752,0.8836383351389888,0.9263205917284066,≥0.9,Q4 (Top 25%)
https://myrepublica.nagariknetwork.com/,https://myrepublica.nagariknetwork.com,2026-01-26 22:37:29,0.8790416742535179,0.9315131856450444,0.995932777856235,0.0544038484030241,0.927908599834852,0.9579769340197664,0.99873417721519,0.9154323936932632,0.844722757081997,0.9680672030479563,0.8174132375542746,0.886020378623945,0.8-0.9,Q2 (25-50%)
https://www.setopati.com/category/technology,https://setopati.com/category/technology,2026-01-26 22:37:40,0.9932187414646386,0.9621071804583314,1.0,0.0,0.995962695415168,0.9793887368768688,1.0,0.9971333014811276,0.9996101399247754,0.9924062935071164,0.9795265729965388,0.941157076398264,≥0.9,Q4 (Top 25%)
https://www.bossnepal.com/,https://bossnepal.com,2026-01-26 22:37:51,0.9630575943069856,0.9319048267657556,1.0,0.001118976228001,0.9780058903371126,0.9764832027739976,0.9970464135021097,0.9899665551839464,0.9925726925192612,0.9972961299320832,0.9753451041541272,0.9268781415627101,≥0.9,Q4 (Top 25%)
https://annapurnapost.com/,https://annapurnapost.com,2026-01-26 22:38:20,0.9551928756926482,0.889625887460185,0.9878830673633668,1.261309040620692,0.9503495071325898,0.9567370002205776,0.9580168776371308,0.9073100812231248,0.9471865531903092,0.9682245438523596,0.8142293117139916,0.9637051385955014,≥0.9,Q4 (Top 25%)
https://risingnepal.com.np/,https://risingnepal.com.np,2026-01-26 22:38:31,0.9942915703628986,0.9968545521582092,1.0,0.0,0.9966014171225176,0.984124615351506,1.0,0.9990444338270426,0.9999257639795356,1.0,0.9847317131891236,0.9458144640861194,≥0.9,Q4 (Top 25%)
https://nepalnews.com.np/,https://nepalnews.com.np,2026-01-26 22:38:45,0.9991767162161542,0.997215543611954,1.0,0.0005994221171526,0.9995098480056752,0.9902594558312252,1.0,0.9971333014811276,0.9998899893484045,0.9998677493089668,0.9579706858598046,0.9475358276416221,≥0.9,Q4 (Top 25%)
https://www.gov.uk/,https://gov.uk/government,2026-01-26 22:39:16,0.9883765328938614,0.9368049463234792,1.0,0.2441947565543071,0.9930611245961332,0.9870953115146196,0.99915611814346,0.9918776875298616,0.9986998318656004,0.9998087367370222,0.9783302679182144,0.9497714358448107,≥0.9,Q4 (Top 25%)
https://asiafoundation.org/,https://asiafoundation.org,2026-01-26 22:39:30,0.9766441096901484,0.9719123717812826,1.0,0.0012404217415297,0.986043190997786,0.961112546762782,0.9544303797468354,0.965121834687052,0.9939686862406256,0.9966398397859476,0.9432790890164824,0.9289484488065906,≥0.9,Q4 (Top 25%)
https://example.org/,https://example.org,2026-01-26 22:40:04,0.9997183502844738,0.998426176824148,1.0,0.0,0.9998323164229942,0.9997513547498,1.0,1.0,0.9999976697784314,1.0,0.994866712764538,0.9496194292383905,≥0.9,Q4 (Top 25%)
https://example.net/,https://example.net,2026-01-26 22:40:13,0.9999350039118016,0.999636810036342,1.0,0.0,0.9999613037899218,1.0,0.999789029535865,1.0,0.9999976697784314,1.0,1.0,0.9499246567040794,≥0.9,Q4 (Top 25%)
https://news.ycombinator.com/,https://news.ycombinator.com,2026-01-26 22:41:05,0.999501696657146,0.998426176824148,1.0,0.0,0.9997033290560666,0.9845755066160368,0.999789029535865,0.9976110845676064,0.9999249745055616,1.0,0.980078067771336,0.9476172179479376,≥0.9,Q4 (Top 25%)
https://www.ycombinator.com/,https://ycombinator.com,2026-01-26 22:41:30,0.928634262725508,0.7060581362483793,0.9942945911594409,0.0,0.9574238305638896,0.9397035022150833,0.9993670886075948,0.7921643573817487,0.8126743221406149,0.980083061562853,0.8462430701555477,0.8701619296900931,0.8-0.9,Q1 (Bottom 25%)
https://news.ycombinator.com/,https://hackernews.com,2026-01-26 22:41:41,0.994193682787614,0.967555029913204,1.0,0.0,0.996543138566342,0.9917507540583448,0.999789029535865,0.9971333014811276,0.9999222113466524,0.9999371965542284,0.9822439211931696,0.9434694351099382,≥0.9,Q4 (Top 25%)
https://www.producthunt.com/upcoming,https://producthunt.com/upcoming,2026-01-26 22:41:59,0.9718742339891449,0.9621680348013608,0.9825901199966788,0.0,0.9819975853747308,0.9595754985524648,0.9993670886075948,0.979933110367893,0.9945845459743772,0.963057231095733,0.9207013968401496,0.9264363135393963,≥0.9,Q4 (Top 25%)
https://wellfound.com/jobs,https://angel.co/jobs,2026-01-26 22:42:57,0.9777490053174652,0.914284626769672,0.9647507414207032,0.001429825794496,0.9475501218133372,0.9637062584618774,0.9978902953586498,0.9311992355470616,0.9842627149351648,0.9548520605626885,0.5461729901934711,0.9056231632904562,≥0.9,Q3 (50-75%)
https://stackoverflow.com/jobs,https://stackoverflow.com/jobs,2026-01-26 22:44:12,0.9653402543590202,0.9452751934151082,0.9922044908911172,0.0,0.9793648997076648,0.9766043795501608,0.9955696202531644,0.981844242713808,0.9937103563495154,0.9808693356919604,0.9460178997847212,0.926463927768419,≥0.9,Q4 (Top 25%)
https://www.indeed.com/worldwide,https://indeed.com/worldwide,2026-01-26 22:44:52,0.9769566091823771,0.9174312603027736,0.9958480440615732,7.449897525296345e-05,0.9633217795276372,0.974911802363546,0.9978902953586498,0.9225991399904444,0.989754556934504,0.9740018355645556,0.9030460988043482,0.9212189872424384,≥0.9,Q3 (50-75%)
https://www.glassdoor.com/Job/index.htm,https://glassdoor.com/Job,2026-01-26 22:45:27,0.960677721085987,0.8970731526590348,0.8240973263946625,0.0067220156558123,0.8954138634193021,0.9440270299741814,0.8774261603375527,0.9383659818442428,0.9737543261025008,0.8065203655121477,0.7616124176840392,0.8605837885985013,0.8-0.9,Q1 (Bottom 25%)
https://www.monster.com/jobs,https://monster.com/jobs,2026-01-26 22:45:52,0.9863941522038115,0.923972234274224,0.9747210845925716,0.0053892520906063,0.93430308745149,0.912415486888769,0.9073839662447256,0.9679885332059244,0.9768164728124996,0.9511377076734476,0.85005034372775,0.9032670771467307,≥0.9,Q2 (25-50%)
https://remoteok.com/,https://remoteok.io,2026-01-26 22:46:19,0.9762467858432456,0.909771790066319,0.99453758285309,0.0632615192546341,0.9830393633975708,0.9580636472715672,0.99957805907173,0.9765886287625418,0.9962065648211708,0.9648889266152484,0.8419645531632565,0.9256599801595878,≥0.9,Q4 (Top 25%)
https://weworkremotely.com/,https://weworkremotely.com,2026-01-26 22:47:01,0.937164731262664,0.7628948235489744,0.8880471469670533,0.0364173474064065,0.9121889747451148,0.9383160659361792,0.9936708860759492,0.8929765886287625,0.9662076488835384,0.8553070748492018,0.6993830910395631,0.8612234010956702,0.8-0.9,Q1 (Bottom 25%)
https://www.flexjobs.com/,https://flexjobs.com,2026-01-26 22:47:24,0.9857007431601696,0.9334145171106648,0.9790989973167632,0.0081264501394234,0.9586658171927832,0.9804026598476248,0.9926160337552744,0.9479216435738176,0.9877729836263288,0.957932165087631,0.8739988410211332,0.9223536360798775,≥0.9,Q3 (50-75%)
https://remote.co/,https://remote.co,2026-01-26 22:47:44,0.967817988262256,0.9703516853837024,0.9832227086569694,0.0,0.975874276797186,0.9803701628205652,0.9919831223628692,0.9703774486383182,0.9926952392535576,0.9704685848331908,0.9016762268425852,0.926215683242334,≥0.9,Q4 (Top 25%)
https://www.icann.org/,https://icann.org,2026-01-26 22:48:21,0.9694518385467746,0.92934779005032,0.9799745798616016,0.790082843176098,0.9761676491496336,0.9580989985386256,0.9654008438818564,0.956043956043956,0.9920642330796102,0.9755451120238388,0.8793719491654326,0.956287851305355,≥0.9,Q4 (Top 25%)
https://www.ietf.org/,https://ietf.org,2026-01-26 22:48:35,0.9744478442599848,0.9319691176220694,1.0,0.0267288991199441,0.9847872139096956,0.986102107441515,0.99915611814346,0.9923554706163402,0.9935915277829676,0.9977331356138603,0.9652427650137688,0.9331034980138079,≥0.9,Q4 (Top 25%)
https://www.iana.org/,https://iana.org,2026-01-26 22:48:53,0.9805499356972656,0.9192532548789444,1.0,0.0439200066078052,0.9884201681184656,0.9345341790965356,0.999789029535865,0.9928332537028188,0.9855822188152036,0.9999279343161154,0.915655826201694,0.9284066693439706,≥0.9,Q4 (Top 25%)
https://en.wikipedia.org/wiki/List_of_most_popular_websites,https://wikipedia.org/wiki/List_of_most_popular_websites,2026-01-26 22:49:17,0.9863074907528806,0.9343836798990915,1.0,0.0801233061529888,0.9917964034634086,0.9520724121482323,0.9575949367088608,0.9732441471571908,0.991711554681874,0.9944544205653264,0.8591159473439134,0.9302753380885694,≥0.9,Q4 (Top 25%)
https://archive.org/,https://archive.org,2026-01-26 22:49:35,0.9858416854541258,0.9889832377690356,0.9995763310266912,0.0068097308674723,0.9910533607928343,0.9656197586383202,1.0,0.9546106067845198,0.9968167008686104,0.9885115028399508,0.9219882179813425,0.9371227480431205,≥0.9,Q4 (Top 25%)
https://web.archive.org/,https://web.archive.org,2026-01-26 22:50:18,0.965417667865156,0.8334061412901449,0.9936167208021466,0.0816232554067069,0.9789652231160472,0.93777052302165,0.9672995780590716,0.9708552317247968,0.9674092091718872,0.9828010008532202,0.8757783681540229,0.910526669016271,≥0.9,Q3 (50-75%)
https://archive.org/details/texts,https://archive.org/details/texts,2026-01-26 22:50:43,0.966595768187494,0.9766097623136304,0.98429405155472,0.0813945527353001,0.9773104718576816,0.9382370596961932,1.0,0.923554706163402,0.9901091135162916,0.95123326114259,0.8586941611540518,0.9241891316296016,≥0.9,Q4 (Top 25%)
https://opensource.org/,https://opensource.org,2026-01-26 22:51:05,0.9774565363094332,0.901209379249018,0.9983053241067644,0.0,0.9823276209658216,0.9797845351439616,0.9959915611814346,0.9574773053033924,0.9921214062754738,0.9964559237835828,0.8883722319114846,0.9249183037491149,≥0.9,Q4 (Top 25%)
https://www.gnu.org/,https://gnu.org,2026-01-26 22:51:23,0.9559447449403804,0.9674339665919846,1.0,0.0217984171709818,0.9737711691258112,0.9421805816659508,0.971097046413502,0.9880554228380316,0.9952896481008258,0.9998757218683552,0.9130056651857492,0.922382431580026,≥0.9,Q3 (50-75%)
https://www.fsf.org/,https://fsf.org,2026-01-26 22:51:43,0.9780013516962266,0.9206571165797464,1.0,0.105338925587726,0.986748052856584,0.913754619016598,0.961603375527426,0.9827998088867654,0.9952744761937274,0.99967492279905,0.9020000317272798,0.9253054062275052,≥0.9,Q4 (Top 25%)
https://creativecommons.org/,https://creativecommons.org,2026-01-26 22:51:58,0.7345757645494251,0.953971856329726,0.9959892670526762,0.0279306403653629,0.8335092601207423,0.976382121589008,0.9993670886075948,0.9770664118490204,0.8462994639427149,0.9817305284306156,0.9504998446296448,0.8440292596049928,0.8-0.9,Q1 (Bottom 25%)
https://network.creativecommons.org/chapter/,https://creativecommons.net,2026-01-26 22:52:18,0.9819359460113756,0.899060338960306,1.0,0.0863184541317137,0.9892453461833632,0.9250237868710034,0.9012658227848102,0.9813664596273292,0.9968571550430556,0.9919212570631404,0.8994114589602971,0.9196519884501339,≥0.9,Q3 (50-75%)
https://creativecommons.org/licenses/,https://creativecommons.org/licenses,2026-01-26 22:52:36,0.9912471934559552,0.9510904182273672,1.0,0.0191751395764558,0.9947889103761276,0.9700644206631772,0.959493670886076,0.990922121356904,0.9991718991017372,0.9998072516524302,0.9208814958105992,0.9348814052267775,≥0.9,Q4 (Top 25%)
https://opensource.com/,https://opensource.com,2026-01-26 22:53:26,0.9828122486123372,0.9275877037961496,0.9988702160711764,0.0004128308416774,0.9881830066367464,0.9789198654913124,0.999789029535865,0.9617773530817008,0.9828544716337512,0.9943854032129726,0.6083537927630076,0.9242556233011096,≥0.9,Q4 (Top 25%)
https://opensource.org/licenses,https://opensource.org/licenses,2026-01-26 22:53:45,0.977641345659767,0.8969751136423005,0.998954949865838,0.0,0.9843512526443512,0.9789148827830392,0.9981012658227848,0.9660774008600096,0.9949158767411856,0.996446192571388,0.9157454091092752,0.9260269308374879,≥0.9,Q4 (Top 25%)
https://creativecommons.org/about/,https://creativecommons.org/about,2026-01-26 22:53:57,0.9797689644904086,0.9496986702529504,0.9964411806242056,0.0255823866510693,0.9879552074304716,0.9790773347902348,0.9983122362869198,0.9866220735785952,0.998143762051933,0.9925884117755016,0.9707306512584064,0.9352804127565286,≥0.9,Q4 (Top 25%)
https://creativecommons.org/mission/contact/,https://creativecommons.org/contact,2026-01-26 22:54:18,0.9799383032332536,0.9521801401259185,0.9676316904392036,0.030133963750985,0.966313708932632,0.9632965037090654,0.99957805907173,0.9698996655518396,0.9842949433001384,0.9521703886013037,0.9014886626298368,0.9233379583895767,≥0.9,Q3 (50-75%)
https://www.mozilla.org/en-US/blog/,https://mozilla.org/blog,2026-01-26 22:54:32,0.9844430312216372,0.9130696156974564,0.98900752086892,0.004810665039547,0.9829499801589396,0.9649906982865843,1.0,0.985188724319159,0.9963041985582052,0.9819249572686448,0.950672478357796,0.9278626132375929,≥0.9,Q4 (Top 25%)
https://www.chromium.org/chromium-projects/,https://chromium.org,2026-01-26 22:54:43,0.987659901362183,0.9671204237759948,1.0,0.002335992851841,0.9926531724829628,0.993321639522302,0.999789029535865,0.9923554706163402,0.9988362516949736,0.997425293210412,0.9782416181659206,0.9411180866682602,≥0.9,Q4 (Top 25%)
https://getbootstrap.com/,https://getbootstrap.com,2026-01-26 22:54:57,0.9928504302981812,0.9808719952473366,1.0,0.0211862000956251,0.9957434168913912,0.9915673908756636,0.9993670886075948,0.9918776875298616,0.9987426098948886,0.9999115202232568,0.9552869312535168,0.9445555167404684,≥0.9,Q4 (Top 25%)
https://jquery.com/,https://jquery.com,2026-01-26 22:55:09,0.9939403785582176,0.966139597747685,1.0,0.0128951588425059,0.9963923308185816,0.9869431603465352,0.999789029535865,0.990922121356904,0.9987642440284682,0.9999228928447372,0.9793110141251716,0.9430522331315713,≥0.9,Q4 (Top 25%)
https://react.dev/,https://reactjs.org,2026-01-26 22:55:28,0.9724410841330284,0.9598063600338268,0.9929106058466318,0.0,0.9798969169929512,0.9908310511675904,0.99873417721519,0.9708552317247968,0.9930844626562224,0.983140264520141,0.913856702807771,0.9304914018783504,≥0.9,Q4 (Top 25%)
https://angular.dev/,https://angular.io,2026-01-26 22:55:39,0.9726103307347332,0.8469499740553044,1.0,0.0050782345564269,0.9836932279273732,0.9686404964341316,0.9985232067510548,0.9928332537028188,0.9945804649032692,0.9924318525945678,0.973085002048276,0.9212082680267389,≥0.9,Q3 (50-75%)
https://vuejs.org/,https://vuejs.org,2026-01-26 22:55:53,0.9920859532417085,0.9623449851402028,0.9999152662053382,0.0,0.9924899875223184,0.9881604430704028,0.9926160337552744,0.9679885332059244,0.9963527066405312,0.9971166301023208,0.9500342001412796,0.9388587680897883,≥0.9,Q4 (Top 25%)
https://svelte.dev/,https://svelte.dev,2026-01-26 22:56:06,0.992221880123478,0.9808719952473366,1.0,0.0,0.9953163019334248,0.9955911704769874,0.99873417721519,0.959866220735786,0.9327113568740762,0.9951769533004988,0.958713477468499,0.9396788777903051,≥0.9,Q4 (Top 25%)
https://webpack.js.org/,https://webpack.js.org,2026-01-26 22:56:31,0.9875047366204788,0.935022050890516,1.0,0.0029322920817063,0.9925607932704876,0.982644585319806,0.99957805907173,0.990922121356904,0.9972554382962454,0.9889227931095826,0.8585831156748626,0.9341170466583637,≥0.9,Q4 (Top 25%)
https://rollupjs.org/,https://rollupjs.org,2026-01-26 22:56:43,0.9944103364149416,0.9857145280961122,0.9998305324106764,0.0,0.995343556053916,0.9921597280845128,0.99957805907173,0.9885332059245102,0.9972528597723784,0.997381756783163,0.974936382138288,0.9445101731235297,≥0.9,Q4 (Top 25%)
https://babeljs.io/,https://babeljs.io,2026-01-26 22:57:02,0.97580518130716,0.9706530496856156,0.9819612811749752,1.5611611471794612e-05,0.980876280628188,0.9726960369586536,0.999789029535865,0.9436215957955087,0.9902961806477912,0.9708084347177136,0.9034268261615684,0.9275371574804516,≥0.9,Q4 (Top 25%)
https://emberjs.com/,https://emberjs.com,2026-01-26 22:57:20,0.9740439104316052,0.988497918387312,0.9844654709786752,0.0053546591742392,0.9791421676862346,0.9854920348428052,0.9864978902953586,0.9847109412326804,0.9925990825968618,0.9802027671972012,0.9212183648693164,0.9317595065075022,≥0.9,Q4 (Top 25%)
https://backbonejs.org/,https://backbonejs.org,2026-01-26 22:57:45,0.9962735576099612,0.9812351852109948,1.0,0.0,0.9977246628473982,0.9851327889889648,0.9957805907172996,0.9923554706163402,0.9983937706326874,0.997727898736615,0.9315773217136836,0.9432424075659472,≥0.9,Q4 (Top 25%)
https://gruntjs.com/,https://gruntjs.com,2026-01-26 22:57:59,0.9970101799428758,0.9905570609448876,1.0,0.0005053825707347,0.9981941768630144,0.972407170922775,1.0,0.989010989010989,0.9989917844345898,0.9999579486573428,0.9546887787143546,0.943916409315731,≥0.9,Q4 (Top 25%)
https://gulpjs.com/,https://gulpjs.com,2026-01-26 22:58:19,0.9752007686111248,0.9451046670797064,0.9886456715153228,0.0005449477001465,0.9849117182706972,0.9688777980245828,0.999789029535865,0.9794553272814144,0.9952734384174552,0.9753125399605,0.9080580758524608,0.9278989798232036,≥0.9,Q4 (Top 25%)
https://circleci.com/,https://circleci.com,2026-01-26 22:59:10,0.9819916692675495,0.9308484239785576,0.9515605140516876,0.0022124866030777,0.9402409283775368,0.8625666387201316,0.9968354430379748,0.9058767319636885,0.9873329664868488,0.9078973984757092,0.6053966236575394,0.8944613681050183,0.8-0.9,Q2 (25-50%)
https://www.travis-ci.com/,https://travis-ci.org,2026-01-26 22:59:35,0.9840749588555044,0.9158557788237276,0.9854257873181752,0.0169203547168196,0.9753645441009547,0.9723634707956212,0.9989451476793249,0.968944099378882,0.9929946281580448,0.970911296366295,0.8532706626242379,0.9246820322201552,≥0.9,Q4 (Top 25%)
https://github.com/features/actions,https://github.com/features/actions,2026-01-26 23:00:06,0.9482765448169268,0.8604768057821659,0.9723885833409024,0.0102955370285559,0.9584947333727248,0.950753107937343,0.9255274261603376,0.9460105112279026,0.983072379184044,0.9675036134452992,0.8043229351839669,0.8949814426165446,0.8-0.9,Q2 (25-50%)
https://gitlab.com/explore/projects,https://gitlab.com/explore/projects,2026-01-26 23:00:30,0.9774896881206376,0.9759083990773416,0.9800875582544838,0.0003204412923561,0.9697976080339172,0.9685901422113312,0.9989451476793249,0.9832775919732442,0.986199326427172,0.9672162495767512,0.867535807501262,0.9267108028588277,≥0.9,Q4 (Top 25%)
https://bitbucket.org/product/,https://bitbucket.org/product,2026-01-26 23:01:13,0.9627883781752172,0.8872254665212654,0.9331732806100832,0.0441377898264272,0.9199466605721832,0.9124956691397372,0.991772151898734,0.9421882465360726,0.9634702179124528,0.9136425263821368,0.6886611367884341,0.8884582727718169,0.8-0.9,Q2 (25-50%)
https://app.readthedocs.org/welcome/,https://readthedocs.org,2026-01-26 23:01:27,0.9850841943643128,0.9709837927036216,0.994633526338088,0.0088867712984852,0.9898465887444176,0.9873144612780026,1.0,0.9918776875298616,0.997699460106126,0.9782009904107306,0.9490105287911068,0.938344546106017,≥0.9,Q4 (Top 25%)
https://pypi.org/project/requests/,https://pypi.org/project/requests,2026-01-26 23:01:46,0.9671465145014642,0.9153935904819612,0.9894930094619404,0.0264862905948009,0.9748851614582228,0.9799553642661591,0.99915611814346,0.9775441949354992,0.9884329074679392,0.9862064170661544,0.913345333710328,0.9238651728310866,≥0.9,Q4 (Top 25%)
https://www.npmjs.com/package/express,https://npmjs.com/package/express,2026-01-26 23:02:39,0.9848350443202474,0.9706811398566686,0.9811326083886456,0.0052981069958847,0.958389795603834,0.985380794881563,0.9983122362869198,0.9918776875298616,0.9977195152917576,0.8826855472505455,0.5897121495885252,0.9219050414551508,≥0.9,Q3 (50-75%)
https://rubygems.org/,https://rubygems.org,2026-01-26 23:02:52,0.9850681972137604,0.9217317414815784,1.0,2.175621376936492e-05,0.991110169958226,0.9827860571472372,1.0,0.967032967032967,0.9963342877033782,0.9995476744982212,0.9746685665708316,0.9334054574815788,≥0.9,Q4 (Top 25%)
https://packagist.org/,https://packagist.org,2026-01-26 23:03:07,0.998180109530446,0.9898306810175714,0.9992656404462646,0.1169435771700029,0.9961045815187884,0.977957067235216,0.999789029535865,0.9933110367892976,0.9978615633065588,0.99379598095465,0.948842560839392,0.9499593115637327,≥0.9,Q4 (Top 25%)
https://maven.apache.org/,https://maven.apache.org,2026-01-26 23:03:20,0.9963488479161716,0.9806964686180416,1.0,0.0,0.9978262422865768,0.9927721167588904,1.0,0.9937888198757764,0.998688390859702,0.999843089088505,0.9658745111432738,0.9451214472937772,≥0.9,Q4 (Top 25%)
https://gradle.org/,https://gradle.org,2026-01-26 23:04:13,0.9862851412758676,0.9282121669787772,0.982020899481214,0.0076268235632425,0.9669711686861192,0.9845260398203528,0.99957805907173,0.9713330148112757,0.9813563811007088,0.9543972338658064,0.5923828400207907,0.9195846794420918,≥0.9,Q3 (50-75%)
https://docs.python.org/3/,https://docs.python.org,2026-01-26 23:04:23,0.9943771023984704,0.9756662724349028,1.0,0.0,0.9966523396581448,0.99391487165869,1.0,0.9904443382704252,0.9997488263084612,1.0,0.9894292169054144,0.9444465518789622,≥0.9,Q4 (Top 25%)
https://www.ruby-lang.org/en/,https://ruby-lang.org,2026-01-26 23:04:46,0.9395861015297836,0.6648360024791893,1.0,0.0406528035102398,0.9640060547249208,0.9312371164744804,0.99873417721519,0.957955088389871,0.9718829671811404,0.9982885572512616,0.8687666393252167,0.8855707459936482,0.8-0.9,Q2 (25-50%)
https://www.php.net/,https://php.net,2026-01-26 23:05:08,0.9889534856920136,0.9470383485970856,0.9919502895071316,0.0024012546100186,0.98836727431364,0.947336958415256,0.999789029535865,0.9789775441949355,0.9942341150307764,0.9840444856307904,0.8949659071715783,0.9303353960157993,≥0.9,Q4 (Top 25%)
https://laravel.com/,https://laravel.com,2026-01-26 23:05:35,0.9803820140454642,0.919432359728497,0.9950854399096172,0.0,0.9856888516393896,0.9755731304216224,0.9881856540084388,0.9813664596273292,0.9093358601763664,0.9801733781547496,0.8363357604702356,0.9227253241440515,≥0.9,Q3 (50-75%)
https://symfony.com/,https://symfony.com,2026-01-26 23:05:52,0.9907918833310192,0.9566575901268004,1.0,0.0007900134935472,0.9945178359663644,0.9720610772382272,0.8383966244725738,0.9832775919732442,0.9974644515308788,0.997147543310538,0.9219938169130664,0.9244712525413326,≥0.9,Q4 (Top 25%)
https://www.djangoproject.com/,https://djangoProject.com,2026-01-26 23:06:04,0.984333003520066,0.94247849840613,1.0,0.0018041816435378,0.990672463468374,0.9839766676880484,0.999789029535865,0.9933110367892976,0.9979052836112352,0.9998384775100352,0.9719278894920182,0.936486948610799,≥0.9,Q4 (Top 25%)
https://flask.palletsprojects.com/,https://flask.palletsprojects.com,2026-01-26 23:06:43,0.9897315268879294,0.9984050111939567,0.9739302358423952,0.0088867712984852,0.9723341647590472,0.992054841206429,0.999789029535865,0.978021978021978,0.9976701859018298,0.9171894555242176,0.7328572375057506,0.9308746083975825,≥0.9,Q4 (Top 25%)
https://fastapi.tiangolo.com/,https://fastapi.tiangolo.com,2026-01-26 23:07:02,0.9466337241921808,0.8591782824121308,1.0,0.0579602630348211,0.967685992958393,0.9711520009594335,0.99915611814346,0.956043956043956,0.977891513529779,0.9882862780372248,0.9081010009956768,0.9129600252957858,≥0.9,Q3 (50-75%)
https://spring.io/,https://spring.io,2026-01-26 23:07:24,0.978475414301336,0.9629910118710664,0.9655136677024264,0.0084658583297294,0.9724282054902312,0.9824774438512208,0.9962025316455696,0.9665551839464884,0.9894218955220456,0.943433479621982,0.8875538547245185,0.9248353054402647,≥0.9,Q4 (Top 25%)
https://dotnet.microsoft.com/en-us/,https://dotnet.microsoft.com,2026-01-26 23:07:53,0.973891773967506,0.9135095002124782,0.9951820965527508,0.0009110576987646,0.9761366472513244,0.9460161837961604,0.9421940928270042,0.9761108456760632,0.9922631295872696,0.9792516877595576,0.8230821559246496,0.9153260396586677,≥0.9,Q3 (50-75%)
https://go.dev/,https://golang.org,2026-01-26 23:08:11,0.9793049546437516,0.9082083227732838,0.9972885185708232,0.01703303186341,0.9816423321148858,0.9800909507779332,0.9993670886075948,0.9675107501194458,0.9944683977993056,0.9879069561674938,0.918275193093158,0.9278996212026572,≥0.9,Q4 (Top 25%)
https://rust-lang.org/,https://rust-lang.org,2026-01-26 23:08:26,0.9982992690254764,0.990496529284278,1.0,0.0027757232099607,0.9989874491696188,0.9950244141176798,0.999789029535865,0.9899665551839464,0.9990977776823334,0.9998115115003388,0.9697163114611066,0.9470500672692551,≥0.9,Q4 (Top 25%)
https://crates.io/,https://crates.io,2026-01-26 23:08:46,0.9792836922190008,0.9005782964537723,0.9847749646236408,0.0030765899826239,0.98332607211429,0.9577685210241024,1.0,0.9937888198757764,0.9947819845018746,0.973877635595258,0.906370931093014,0.92317239332123,≥0.9,Q3 (50-75%)
https://deno.com/,https://deno.land,2026-01-26 23:09:25,0.9738171242176652,0.9486687537790284,0.9768542327368034,0.0001939486538611,0.9702266297310574,0.931192344334624,0.9348101265822784,0.9517439082656474,0.9823093525881113,0.9664012507851408,0.7183877316208067,0.9093549378775053,≥0.9,Q3 (50-75%)
https://www.cloudflare.com/,https://cloudflare.com,2026-01-26 23:10:50,0.9524794695496376,0.9288142680036544,0.9507979584191938,0.0653378105435929,0.9275960255570084,0.8298096309706152,0.9926160337552744,0.8791208791208791,0.9231445621901724,0.6067395561816871,0.3045529579622875,0.8687339960441898,0.8-0.9,Q1 (Bottom 25%)
https://www.fastly.com/,https://fastly.com,2026-01-26 23:12:02,0.9545298685646838,0.8960063999320508,0.9470864806852366,0.0,0.930935173240826,0.9554274979745646,0.9928270042194092,0.9139990444338272,0.9816375293363596,0.8830402479809888,0.416079945279774,0.8867131321743174,0.8-0.9,Q2 (25-50%)
https://www.akamai.com/,https://akamai.com,2026-01-26 23:13:00,0.9623658326115934,0.9346853411450468,0.9850303629430872,3.950049194326873e-06,0.9439145343245796,0.9768913239479814,0.99873417721519,0.9139990444338272,0.982221090671156,0.9330025971784642,0.5384604617438993,0.9062678575146726,≥0.9,Q3 (50-75%)
https://stackpath.com/,https://stackpath.com,2026-01-26 23:13:12,0.9998483424608704,0.9991525567514644,1.0,0.0,0.9999097088431508,0.9916658158846402,1.0,1.0,0.999998102715772,1.0,0.982425886474194,0.9486788210434154,≥0.9,Q4 (Top 25%)
https://domains.atom.com/lpd/name/stackpathcdn.com,https://stackpathcdn.com,2026-01-26 23:13:30,0.98675130810942,0.9524821933931008,0.9926564044626464,0.0026912417741927,0.9816553871118052,0.9721280557462392,0.9947257383966244,0.9718107978977544,0.9958016474399088,0.9825523664275836,0.9190711745532284,0.9317452104710192,≥0.9,Q4 (Top 25%)
https://www.jsdelivr.com/,https://jsdelivr.com,2026-01-26 23:13:52,0.98414749061921,0.928367036963936,0.9979663889281176,0.002880700502029,0.9879255143309612,0.985362296045742,0.99957805907173,0.9660774008600096,0.9955097267045474,0.9819100673415518,0.8832249473467129,0.9311700565918195,≥0.9,Q4 (Top 25%)
https://cdnjs.com/,https://cdnjs.com,2026-01-26 23:14:06,0.9801900358972514,0.9856992313134696,0.9956503318740292,0.0135247553933151,0.9828529216763112,0.9920575433857116,0.9993670886075948,0.9885332059245102,0.996348772004112,0.988646567375474,0.9629192083483804,0.9386508739666773,≥0.9,Q4 (Top 25%)
https://unpkg.com/,https://unpkg.com,2026-01-26 23:14:18,0.991004582213256,0.9931481201476616,0.9946900155345292,0.0,0.9902331008788744,0.9986673239222328,0.999789029535865,0.9952221691352128,0.998117391074509,0.990147284436845,0.9710703197829854,0.9436122142779687,≥0.9,Q4 (Top 25%)
https://www.google.com/amp,https://google.com/amp,2026-01-26 23:14:28,0.994193682787614,0.9714290561922244,1.0,0.0,0.996543138566342,0.9942065656703396,1.0,0.9985666507405638,0.9999134507322304,1.0,0.994165913143772,0.9444159759898987,≥0.9,Q4 (Top 25%)
https://amp.dev/,https://amp.dev,2026-01-26 23:14:41,0.9901205183727494,0.9472159660344228,1.0,0.0,0.994092333215561,0.9892335731902376,0.9921940928270042,0.9827998088867654,0.9948985656142866,0.992463820994469,0.9655395083951316,0.9379324624919819,≥0.9,Q4 (Top 25%)
https://schema.org/,https://schema.org,2026-01-26 23:14:53,0.990328648851286,0.9459577065390868,0.9988702160711764,0.2072797295004815,0.9888076436316994,0.9889751462415276,1.0,0.9875776397515528,0.9971468601579092,0.995555063653852,0.973594504835144,0.9483630842874968,≥0.9,Q4 (Top 25%)
https://microformats.org/,https://microformats.org,2026-01-26 23:15:11,0.993088749288242,0.9662233333797906,1.0,0.0,0.9958853029950115,0.9610145729507936,0.9934599156118143,0.9875776397515528,0.9992252649956936,0.9983526112945842,0.9242744484352384,0.937780224037802,≥0.9,Q4 (Top 25%)
https://developers.google.com/speed,https://developers.google.com/speed,2026-01-26 23:16:08,0.9817754501074394,0.9199035848348074,0.7309094379360888,0.0010435819676754,0.9017860096813172,0.9523022856588246,0.99957805907173,0.974199713330148,0.9889745948484824,0.778025031335285,0.636682520974998,0.864408313916307,0.8-0.9,Q1 (Bottom 25%)
https://pagespeed.web.dev/,https://pagespeed.web.dev,2026-01-26 23:16:20,0.990770260686909,0.9497571654116244,0.99779683645232,0.0,0.9906373346143034,0.9897554960555516,0.9989451476793249,0.9928332537028188,0.9972952748983076,0.9888776152730476,0.9770882382308124,0.9387490270069065,≥0.9,Q4 (Top 25%)
https://web.dev/,https://web.dev,2026-01-26 23:16:44,0.9699492737854952,0.9138363787819378,0.9662477051263946,0.0902465193370825,0.953890013080574,0.968142583284915,0.9993670886075948,0.9531772575250836,0.9763677014253234,0.929510381679246,0.8607079102640549,0.9161537296364483,≥0.9,Q3 (50-75%)
https://web.dev/,https://developers.google.com/web/fundamentals,2026-01-26 23:17:10,0.9787306182520876,0.890834706992303,0.9700607529717374,0.1292463390139865,0.9514334487060664,0.9651432229308632,0.99957805907173,0.9536550406115624,0.9763763410719588,0.9263770095148588,0.850096068336828,0.9176638563078214,≥0.9,Q3 (50-75%)
https://developer.apple.com/,https://developer.apple.com,2026-01-26 23:17:25,0.8923448125807967,0.8110201555765347,1.0,0.0001906651860251,0.9356997975866226,0.9466825651101012,0.9989451476793249,0.9722885809842332,0.9627638551743356,0.999524616605872,0.9438623110710476,0.8854064259253845,0.8-0.9,Q2 (25-50%)
https://developer.microsoft.com/en-us/,https://developer.microsoft.com,2026-01-26 23:18:05,0.9848840055447972,0.920376417186967,0.9694393447253212,1.010173423550469,0.9643245807399246,0.9458924294306386,0.9981012658227848,0.9617773530817008,0.986385298481869,0.9661071258735814,0.7185398359326374,0.9648886926097601,≥0.9,Q4 (Top 25%)
https://developer.ibm.com/,https://developer.ibm.com,2026-01-26 23:19:05,0.8992998249182087,0.9290487803223232,0.9805959610224544,0.6583186215483227,0.9225438194672708,0.9102073335682572,0.9993670886075948,0.8657429526994744,0.9737723121023132,0.939994570843381,0.5221125142656114,0.9099095851523441,≥0.9,Q3 (50-75%)
https://developer.amazon.com/,https://developer.amazon.com,2026-01-26 23:19:28,0.9276666090893276,0.8541789974262297,0.9983618133032056,0.0520440635652029,0.9532977203400432,0.9071541017335542,0.8059071729957805,0.965121834687052,0.9774717935115032,0.9779053804145792,0.8799607701517217,0.8827347373919884,0.8-0.9,Q2 (25-50%)
https://developer.android.com/,https://developer.android.com,2026-01-26 23:19:55,0.9724536392363043,0.865444803673439,0.978421332791126,0.0093910876107232,0.9497024506389689,0.9509977002659712,0.9972573839662447,0.9488772097467748,0.9747786049165932,0.945779522465578,0.8311800775078781,0.9067117974013709,≥0.9,Q3 (50-75%)
https://developer.apple.com/documentation,https://developer.apple.com/documentation,2026-01-26 23:20:18,0.8677394723330158,0.9391522360024624,0.9864425928541166,0.0420662680942391,0.9175938481590908,0.9273643240815208,1.0,0.9751552795031057,0.9073505814338936,0.973012026684,0.8703772653511044,0.8834633239265274,0.8-0.9,Q2 (25-50%)
https://developers.google.com/maps,https://developers.google.com/maps,2026-01-26 23:21:26,0.9843313838647304,0.9124457443134758,0.8948031186126907,0.0950896485775759,0.8074845995837823,0.8680742086582695,0.9947257383966244,0.8853320592451027,0.9104707290140834,0.7512668162381348,0.4577378636156222,0.8598227456208793,0.8-0.9,Q1 (Bottom 25%)
https://developers.facebook.com/,https://developers.facebook.com,2026-01-26 23:21:53,0.7152881870091019,0.9303186019087802,0.9985877700889704,0.0839241519591516,0.826831977787659,0.8885792828963515,0.9130801687763712,0.9393215480172,0.8301262237093309,0.9846946400326906,0.8260514560488526,0.8187602513050425,0.8-0.9,Q1 (Bottom 25%)
https://developer.x.com/en,https://developers.twitter.com,2026-01-26 23:22:16,0.9368948619179,0.8886990581854789,0.9798898460669396,0.0,0.9624004880511716,0.8980907005166456,0.9668776371308015,0.9842331581462016,0.988421275460273,0.9654149982913716,0.8742853196943356,0.8972966361418413,0.8-0.9,Q2 (25-50%)
https://developer.microsoft.com/en-us/windows/,https://developers.microsoft.com/en-us/windows,2026-01-26 23:22:49,0.9386894590918696,0.7466295324880314,1.0,2.43778937128255e-05,0.9634980252388018,0.9372755437023174,0.999789029535865,0.9827998088867654,0.9566620108287944,0.9839791809899168,0.782676531984364,0.8904835044834855,0.8-0.9,Q2 (25-50%)
https://stackoverflow.blog/engineering,https://stackoverflow.blog/engineering,2026-01-26 23:23:08,0.984336716147006,0.9663430477431042,0.9954243750882644,0.005393559372727,0.98887535590526,0.9747292962804988,0.9377637130801688,0.963688485427616,0.9924113023920952,0.9824798317696174,0.9062272251787692,0.9291452807549465,≥0.9,Q4 (Top 25%)
https://engineering.fb.com/,https://engineering.fb.com,2026-01-26 23:23:21,0.929249378484336,0.9782007626521962,1.0,0.0,0.9575975687635828,0.9937973862821894,0.9970464135021097,0.9837553750597228,0.973826480203695,0.999728698493749,0.9667414124051796,0.9205481843377441,≥0.9,Q3 (50-75%)
https://blog.x.com/engineering/en_us,https://engineering.twitter.com,2026-01-26 23:23:37,0.9621630443721104,0.9156814765093616,1.0,0.0032011542468877,0.9774172830570154,0.9446861629641058,0.9679324894514768,0.9837553750597228,0.9814562495584278,0.9931813122582632,0.9317275597149396,0.9178914167915792,≥0.9,Q3 (50-75%)
https://medium.com/tag/performance,https://medium.com/tag/performance,2026-01-26 23:24:03,0.9682807317788156,0.9555859754544938,0.8977827990396837,0.019284405131883,0.9413197502075208,0.9321786983555312,0.9976793248945148,0.9503105590062112,0.9820895795872184,0.8172783964588066,0.8419766841819913,0.8979717061174957,0.8-0.9,Q2 (25-50%)
https://www.perfplanet.com/,https://perfplanet.com,2026-01-26 23:24:16,0.9947786475813992,0.9708237395861274,1.0,0.00336410708226,0.9968914044570464,0.9772213799755924,1.0,0.9976110845676064,0.9996965936916612,1.0,0.9703844506468166,0.9425010860174988,≥0.9,Q4 (Top 25%)
https://workspace.google.com/intl/en-US/products/calendar/,https://calendar.google.com,2026-01-26 23:24:38,0.9512853855761102,0.8774592599843786,0.990820505578308,0.0071395974969132,0.9697677226085476,0.9689935768314852,0.9978902953586498,0.956043956043956,0.9853115374764346,0.9809437462462534,0.8796080374531206,0.911608323221983,≥0.9,Q3 (50-75%)
https://accounts.google.com/v3/signin/identifier?continue=https%3A%2F%2Fdrive.google.com%2Fdrive&dsh=S-399054888%3A1769449182496446&followup=https%3A%2F%2Fdrive.google.com%2Fdrive&ifkv=AXbMIuAMPjBBwX7mfjfHTbEr8_bi_V1idus0yqmLFLwSavsVcm22zIPNpkMrX3Lf8lU94v3cYueAcw&osid=1&passive=1209600&service=wise&flowName=GlifWebSignIn&flowEntry=ServiceLogin,https://drive.google.com/drive,2026-01-26 23:24:53,0.9757977069883228,0.8708137976157431,0.9829967518712046,0.0081827043749817,0.9766546262898788,0.9626358438397588,0.9622362869198312,0.9899665551839464,0.9948007345087586,0.9645813186988408,0.939888935857705,0.9161102324679682,≥0.9,Q3 (50-75%)
https://accounts.google.com/v3/signin/identifier?continue=https%3A%2F%2Fmail.google.com%2Fmail%2Fu%2F0%2F&dsh=S19172394%3A1769449198176358&emr=1&followup=https%3A%2F%2Fmail.google.com%2Fmail%2Fu%2F0%2F&ifkv=AXbMIuDM1fcMki1woUWQtCf2LGKb7YlP9nLEZqrR6HOcpJnsS8fHPZIK2brtHaOOs0z5rl7oz2Hj&osid=1&passive=1209600&service=mail&flowName=GlifWebSignIn&flowEntry=ServiceLogin,https://mail.google.com,2026-01-26 23:25:08,0.9743244623226331,0.8613708585614113,0.9911311961587348,0.0039407961941452,0.977451768217574,0.9574860915559976,0.9645569620253164,0.9885332059245102,0.9948073877370078,0.977673355487669,0.9477591675508312,0.9159581262278087,≥0.9,Q3 (50-75%)
https://proton.me/,https://proton.me,2026-01-26 23:34:29,0.9882563802024978,0.9857145280961122,0.9962152238384409,0.0006383963626628,0.984650503335623,0.9538354353813908,0.9746835443037974,0.9135212613473483,0.9886400234183448,0.9794505327701892,0.8016793062550333,0.9278646020080533,≥0.9,Q4 (Top 25%)
https://proton.me/mail,https://protonmail.com,2026-01-26 23:34:55,0.9879897900726952,0.9578699642156528,0.9986725038836324,0.0019711244281965,0.9846634020723158,0.93774535585205,0.9232067510548524,0.9216435738174868,0.9915818135476524,0.9865049972314897,0.842165181550027,0.9211168807943702,≥0.9,Q3 (50-75%)
https://www.icloud.com/,https://icloud.com,2026-01-26 23:35:08,0.961579867620207,0.9691746450608064,0.9761615591018218,0.0,0.9771261078164272,0.9783129736409236,0.99957805907173,0.9894887720974678,0.9788782031959448,0.9785468587959684,0.9540477010319764,0.9254896937469961,≥0.9,Q4 (Top 25%)
https://mailchimp.com/,https://mailchimp.com,2026-01-26 23:36:28,0.977900983783882,0.9518158308135358,0.0475076572522967,0.0048466013228145,0.7202104007268251,0.7880608692482864,0.9970464135021097,0.7773530817009078,0.9657355880141272,0.1172040093532217,0.3438331966260837,0.6925709587035178,<0.7,Q1 (Bottom 25%)
https://sendgrid.com/en-us,https://sendgrid.com,2026-01-26 23:37:24,0.9040436036574722,0.906922219658893,0.9824601045050134,0.002258176692683,0.9416748807965732,0.9155873882718732,0.9628691983122364,0.917821309125657,0.9791588548269988,0.9454496382802908,0.5651449703396592,0.8801156529328011,0.8-0.9,Q2 (25-50%)
https://postmarkapp.com/,https://postmarkapp.com,2026-01-26 23:38:18,0.9948236825946044,0.97653718152588,0.990820505578308,0.0005576722580816,0.9612551355094796,0.976735801589696,0.9970464135021097,0.9584328714763496,0.990892545467764,0.938189333278307,0.5738886353817025,0.9248507378674142,≥0.9,Q4 (Top 25%)
https://www.mailgun.com/,https://mailgun.com,2026-01-26 23:38:32,0.988972323550652,0.9583542175005304,1.0,0.0,0.9933816537376148,0.9836954071192624,0.9976793248945148,0.9875776397515528,0.998443023621908,0.9982094960373252,0.953789217017393,0.9387504381978786,≥0.9,Q4 (Top 25%)
https://www.twilio.com/en-us,https://twilio.com,2026-01-26 23:39:44,0.8766004764921295,0.8396186269508158,0.9064676875963904,0.0,0.8895557492989103,0.8907161802069571,0.9945147679324896,0.8595317725752508,0.965711559991723,0.814047204117217,0.4294091354036317,0.8390271569008,0.8-0.9,Q1 (Bottom 25%)
https://plaid.com/,https://plaid.com,2026-01-26 23:40:26,0.9561995714786088,0.983898025772377,0.899910906109459,0.0209758242073095,0.8997363244919214,0.9235146006629064,0.9938818565400844,0.8934543717152412,0.9678638315798872,0.8408371531272293,0.6938644106704441,0.8854443392447184,0.8-0.9,Q2 (25-50%)
https://squareup.com/us/en,https://squareup.com,2026-01-26 23:41:53,0.9762113112994748,0.9560537744373802,0.8007238641095313,0.0002222565446073,0.8648881911765667,0.8362508923241005,0.9780590717299578,0.7787864309603441,0.8827225015088981,0.6749307716093071,0.2783527569606386,0.836906969229727,0.8-0.9,Q1 (Bottom 25%)
https://quickbooks.intuit.com/,https://quickbooks.intuit.com,2026-01-26 23:43:22,0.9857330389547424,0.9461860712005392,0.9207174127948032,0.004197447923615,0.8973317545169721,0.7828204855003854,0.9919831223628692,0.8002866698518872,0.9488017214403603,0.7997858195368985,0.2543743986980618,0.8626565527071437,0.8-0.9,Q1 (Bottom 25%)
https://www.freshbooks.com/,https://freshbooks.com,2026-01-26 23:44:02,0.9749115099554362,0.9416474791722548,0.8848185284564327,0.0,0.9274265478718904,0.9459372926735492,0.9755274261603376,0.9202102245580508,0.9734103573853816,0.8238868274872592,0.7223303127096683,0.8890344762971908,0.8-0.9,Q2 (25-50%)
https://www.xero.com/us/,https://xero.com,2026-01-26 23:45:07,0.9759560133323342,0.9216313303057556,0.8795508467637247,0.0602582875129492,0.8998708284506627,0.9444640408152868,0.9974683544303796,0.8800764452938366,0.9698750610958948,0.7636242442091873,0.4793357427402852,0.8791794344520024,0.8-0.9,Q2 (25-50%)
https://www.zoho.com/,https://zoho.com,2026-01-26 23:45:34,0.942548685776129,0.9322316647138326,0.996893094195735,0.0029640842354897,0.9653246401626356,0.9363403903289124,1.0,0.9488772097467748,0.9846130503778814,0.980392858024975,0.8435107914743201,0.910792924708809,≥0.9,Q3 (50-75%)
https://basecamp.com/,https://basecamp.com,2026-01-26 23:45:52,0.9809778115206156,0.9687656631253978,1.0,0.0181656560216535,0.9886749091837622,0.979428493449698,0.99915611814346,0.9464882943143812,0.9817762539203988,0.9992769982907458,0.9224277341216628,0.9347705537454266,≥0.9,Q4 (Top 25%)
https://monday.com/,https://monday.com,2026-01-26 23:47:19,0.8113119875275888,0.9420100041284544,0.9493579287949012,0.0151315427792715,0.8626532647057044,0.8617352681910793,0.9445147679324896,0.8060200668896321,0.8694395955285442,0.8502530584144746,0.2851498600733647,0.821048406578988,0.8-0.9,Q1 (Bottom 25%)
https://jira.atlassian.com/,https://jira.atlassian.com,2026-01-26 23:47:34,0.9740785588058348,0.966874853149145,0.9992671535884516,0.0074800697180632,0.9845673553319144,0.9762788308687372,0.999789029535865,0.9784997611084568,0.9919563234474618,0.9888867602676404,0.9380328899912564,0.933123946677489,≥0.9,Q4 (Top 25%)
https://confluence.atlassian.com/alldoc/atlassian-documentation-32243719.html,https://confluence.atlassian.com,2026-01-26 23:47:53,0.958849969648958,0.8339616819661443,0.9984465470978676,0.0030727548011793,0.9755008299217748,0.9637005853810616,0.99915611814346,0.9512661251791686,0.9910794279642212,0.974659532632936,0.9118028280204136,0.9110800222302449,≥0.9,Q3 (50-75%)
https://github.com/trending,https://github.com/trending,2026-01-26 23:48:22,0.9711947361190664,0.899324741851744,0.9867250388363226,0.090296097500047,0.976308952930802,0.9283878133135656,0.9251054852320676,0.9412326803631152,0.991958010629745,0.984777257633413,0.8151717985541692,0.9118748907684002,≥0.9,Q3 (50-75%)
https://gitlab.com/explore,https://gitlab.com/explore,2026-01-26 23:48:50,0.9488393519655188,0.9757873357561224,0.9485948312385256,0.0003212608353033,0.963131540911102,0.9548465393215184,0.9989451476793249,0.9842331581462016,0.9862688701708712,0.946879188524767,0.8275211756263572,0.9112719445934045,≥0.9,Q3 (50-75%)
https://stackoverflow.com/explore,https://stackoverflow.com/explore,2026-01-26 23:49:05,0.9642345401936196,0.946605010248927,0.9905663041943228,0.0,0.9787065993573378,0.9801293116400008,0.9970464135021097,0.981844242713808,0.9937074149222894,0.9792777939834376,0.9478851435146174,0.9264520409056205,≥0.9,Q4 (Top 25%)
https://www.reddit.com/r/learnprogramming/,https://reddit.com/r/learnprogramming,2026-01-26 23:49:43,0.973020955891405,0.8871845707555979,0.9562491173563056,0.0811422696811271,0.9404930725508582,0.9507986415331524,0.9238396624472572,0.9655996177735308,0.9859136387161704,0.8923529789702657,0.7331689113717104,0.9001001432340654,≥0.9,Q2 (25-50%)
https://www.reddit.com/r/dataisbeautiful/,https://reddit.com/r/dataisbeautiful,2026-01-26 23:50:19,0.9617047798069672,0.889802204287103,0.981528032763734,0.1177654790226059,0.946424475644416,0.8946810951094368,0.9320675105485232,0.9593884376493071,0.9816633464086564,0.9259970623463526,0.7498593268404389,0.8996802750936849,0.8-0.9,Q2 (25-50%)
https://www.reddit.com/r/MachineLearning/,https://reddit.com/r/machinelearning,2026-01-26 23:51:00,0.9680221452503176,0.8594014452252159,0.9397246191172226,0.0592596619752443,0.9366199920648766,0.9164901628171448,0.929113924050633,0.961299569995222,0.9845211148602564,0.8739035776782096,0.716730447830554,0.8879839937213376,0.8-0.9,Q2 (25-50%)
https://www.reddit.com/r/javascript/,https://reddit.com/r/javascript,2026-01-26 23:51:31,0.9566209390531238,0.8690618019857124,0.9683526805241972,0.132957405920104,0.940064283957112,0.9421196157077066,0.929113924050633,0.9622551361681796,0.9855757056549174,0.9021740387829056,0.800887990571399,0.8994873796848849,0.8-0.9,Q2 (25-50%)
https://www.reddit.com/r/Python/,https://reddit.com/r/python,2026-01-26 23:52:08,0.9662281761712828,0.8592820920257198,0.961779491888913,0.1203609735977291,0.939495271008577,0.9175172331374668,0.929746835443038,0.961299569995222,0.9844537167030836,0.8967326497567123,0.7434308200661981,0.8954593873734829,0.8-0.9,Q2 (25-50%)
https://www.reddit.com/r/linux/,https://reddit.com/r/linux,2026-01-26 23:52:43,0.957033899899022,0.8682126346268586,0.9599674945357036,0.142417014591192,0.9429674795766416,0.9386056806024076,0.928902953586498,0.963688485427616,0.9849705802205228,0.9004520441173296,0.7575671895135742,0.897920386929557,0.8-0.9,Q2 (25-50%)
https://www.reddit.com/r/technology/,https://reddit.com/r/technology,2026-01-26 23:53:21,0.9565628407788964,0.866929288498359,0.9551450131284522,0.062038797427194,0.940202421487782,0.9394462438217442,0.930379746835443,0.9565217391304348,0.9847335852268894,0.9031644729622376,0.7500440915873251,0.8923270825026489,0.8-0.9,Q2 (25-50%)
https://www.reddit.com/r/gadgets/,https://reddit.com/r/gadgets,2026-01-26 23:53:51,0.9012580442948142,0.8666667425970075,0.9759920915124982,0.1238356930719221,0.9348403994451148,0.9208769841289374,0.930168776371308,0.9641662685140946,0.9620073290052376,0.9237373498149593,0.8025452743616518,0.8828716405375463,0.8-0.9,Q2 (25-50%)
https://www.reddit.com/r/gaming/,https://reddit.com/r/gaming,2026-01-26 23:54:28,0.9656661381533364,0.8667590897624022,0.9502838076266183,0.1275203939135368,0.928902099007276,0.929592022856127,0.9324894514767932,0.9483994266602962,0.9752113767223434,0.8818097772341845,0.7487003479736067,0.893459342248553,0.8-0.9,Q2 (25-50%)
https://www.reddit.com/r/science/,https://reddit.com/r/science,2026-01-26 23:55:00,0.9684317012335544,0.8668748631663332,0.9715010597511856,0.1123505849579013,0.9453367480260144,0.9405614944964934,0.9274261603375528,0.959866220735786,0.9852154826873484,0.9140475245828386,0.7912680927145767,0.9020984347990242,≥0.9,Q2 (25-50%)
https://www.nature.com/,https://nature.com,2026-01-26 23:55:22,0.969213647236454,0.8717865742310922,0.97511650896766,0.0912075663399474,0.9528572226432672,0.9461940033885392,0.9959915611814346,0.9660774008600096,0.9887198812575116,0.9537708408173782,0.8874166808972848,0.9125528742432221,≥0.9,Q3 (50-75%)
https://www.sciencedirect.com/,https://sciencedirect.com,2026-01-26 23:55:40,0.9792445386525336,0.9324464294822083,0.9936732099985878,0.0,0.9771168924472036,0.9591728344336872,0.9964135021097048,0.9847109412326804,0.988590611260984,0.9748858517085196,0.9231649267986336,0.9261977342602576,≥0.9,Q4 (Top 25%)
https://link.springer.com/brands/springer,https://springer.com,2026-01-26 23:55:59,0.959077442490706,0.8580951306272105,0.9889081677419708,0.0002010702316581,0.9570995481726464,0.958165819722346,0.9940928270042194,0.9813664596273292,0.9893611633265732,0.9798646368843114,0.9060993829044084,0.9093824780306756,≥0.9,Q3 (50-75%)
https://www.acm.org/,https://acm.org,2026-01-26 23:56:49,0.7931455508730129,0.90915562497471,0.9545272663839176,0.198355299119344,0.8724756434833432,0.9175314567491386,0.9972573839662447,0.9230769230769232,0.8992512214992813,0.9052282324898366,0.8041363041265059,0.851784304559369,0.8-0.9,Q1 (Bottom 25%)
https://arxiv.org/,https://arxiv.org,2026-01-26 23:57:01,0.9974434871975316,0.9857145280961122,1.0,0.0070241451263854,0.9984779490702552,0.9911239915456184,0.9898734177215188,0.9952221691352128,0.9991277713266224,0.999912536333767,0.9739817642793754,0.9456093804288713,≥0.9,Q4 (Top 25%)
https://www.biorxiv.org/,https://biorxiv.org,2026-01-26 23:57:15,0.9848048716210208,0.9712259224607254,0.9974579861601468,0.0052981069958847,0.990663174294566,0.9821033336611348,1.0,0.9918776875298616,0.9977092393966436,0.9854259269507212,0.957340806040874,0.9384560346723345,≥0.9,Q4 (Top 25%)
https://www.medrxiv.org/,https://medrxiv.org,2026-01-26 23:57:32,0.9764044461905874,0.9324592525886866,0.9997740432142352,0.044980933168944,0.9859521006197246,0.9689812042928182,0.99957805907173,0.9866220735785952,0.9956696079177464,0.9893999742376904,0.9270599169678424,0.9319402352790412,≥0.9,Q4 (Top 25%)
https://www.who.int/news-room,https://who.int/news-room,2026-01-26 23:58:08,0.8848966674461868,0.8458809702062688,0.9535658805253494,0.0018505006442162,0.9066388571061582,0.9282951126997298,0.9989451476793249,0.9292881032011466,0.9198207557915764,0.9189912930271996,0.7554685232724263,0.8651341733291309,0.8-0.9,Q1 (Bottom 25%)
https://www.cdc.gov/coronavirus/,https://cdc.gov/coronavirus,2026-01-26 23:58:56,0.9474120359066076,0.947880290470722,0.9938426775879112,0.120413317572892,0.9686911172263812,0.9570160356146684,0.99957805907173,0.9832775919732442,0.9877519543316812,0.9884939553930612,0.6274498825624071,0.9188696800230243,≥0.9,Q3 (50-75%)
https://www.nih.gov/research,https://nih.gov/research,2026-01-26 23:59:18,0.9652594098213584,0.936683232681629,0.9875158875864992,0.000348990011589,0.9689912660786066,0.9409993927749158,0.9932489451476794,0.9775441949354992,0.9931203073213352,0.9743684169717344,0.8874036167232625,0.918098573927327,≥0.9,Q3 (50-75%)
https://clinicaltrials.gov/,https://clinicaltrials.gov,2026-01-26 23:59:39,0.9585086289687929,0.9298949538852104,0.9804547380313516,0.1234385342789598,0.967640865978546,0.9501933682649918,0.9945147679324896,0.9512661251791686,0.988206990576845,0.9490978658240142,0.8898419514889893,0.9199411591837511,≥0.9,Q3 (50-75%)
https://pubmed.ncbi.nlm.nih.gov/,https://pubmed.ncbi.nlm.nih.gov,2026-01-26 23:59:53,0.9933915377376852,0.9703367692376564,0.995311396695382,0.000116458538708,0.9712270010684296,0.985566620115004,0.9962025316455696,0.9804108934543716,0.994668637686066,0.9788811200726848,0.9468222796423776,0.9361382577327588,≥0.9,Q4 (Top 25%)
https://www.nih.gov/news-events,https://nih.gov/news-events,2026-01-27 00:00:14,0.9595493349354216,0.9518997491333684,0.9949442169185144,0.1609166167499805,0.97222332128879,0.9519575626237008,0.9978902953586498,0.974199713330148,0.9917380720939866,0.98401454945191,0.8929689548567467,0.9294024316099876,≥0.9,Q4 (Top 25%)
https://medicalxpress.com/,https://medicalxpress.com,2026-01-27 00:00:40,0.9571008964594838,0.8816919967961063,0.9779692133879396,0.0194022658146358,0.9623993166173498,0.9529635985039276,0.9643459915611814,0.864787386526517,0.985290425414354,0.9445999354066364,0.8462524017084208,0.90173401498123,≥0.9,Q2 (25-50%)
https://www.webmd.com/,https://webmd.com,2026-01-27 00:02:19,0.9802830197111876,0.9334122266064626,0.8662349577937533,0.00140966512395,0.825939416412528,0.8977760221494371,0.9964135021097048,0.2599139990444338,0.9562377195015396,0.7287083031235881,0.178120681240686,0.8285819477884274,0.8-0.9,Q1 (Bottom 25%)
https://www.mayoclinic.org/,https://mayoclinic.org,2026-01-27 00:02:44,0.9548482404581596,0.9375304075511182,0.9593560231605706,0.0028071246108513,0.9545348748031184,0.9190275566522574,0.9940928270042194,0.9555661729574771,0.981965161035596,0.9267381195577512,0.8487980493321874,0.9041312503578328,≥0.9,Q3 (50-75%)
https://www.healthline.com/,https://healthline.com,2026-01-27 00:03:13,0.9346560559793144,0.8414065245882896,0.963733935884762,0.2434099140358558,0.9199514711038996,0.9258875642522144,0.9983122362869198,0.9187768752986144,0.9617556905427302,0.914770682616788,0.81765025899725,0.8948514299978593,0.8-0.9,Q2 (25-50%)
https://www.verywellhealth.com/,https://verywellhealth.com,2026-01-27 00:04:02,0.9820608212327928,0.9162237805930216,0.9500917949442168,0.0,0.8775757108791327,0.942049789182162,0.990506329113924,0.6349737219302436,0.976768862438483,0.8639992749660698,0.6373618580241557,0.8792301205228864,0.8-0.9,Q2 (25-50%)
https://www.medicalnewstoday.com/,https://medicalnewstoday.com,2026-01-27 00:05:36,0.966440299936624,0.8366852824543758,0.9611636774466884,0.1031865379845835,0.9346381737031536,0.9469175993866228,0.979324894514768,0.9240324892498806,0.9760411329692614,0.9108738597286016,0.7654934105239387,0.8973762495949593,0.8-0.9,Q2 (25-50%)
https://www.fitness.com/en,https://fitness.com,2026-01-27 00:05:56,0.958099188474796,0.7658635367617029,1.0,2.8107533823218228e-05,0.9750538432362142,0.9036157660280588,0.9010548523206752,0.987099856665074,0.9558528063721042,0.9995877327010312,0.8993983947862747,0.8905144265166858,0.8-0.9,Q2 (25-50%)
https://www.menshealth.com/,https://menshealth.com,2026-01-27 00:06:42,0.9384696987902196,0.9223974682545408,0.8968507272984042,0.0292829856960714,0.891739377353714,0.908815583826082,0.9932489451476794,0.842809364548495,0.9603797138066436,0.8066140040037885,0.665533816147879,0.8685218300372916,0.8-0.9,Q1 (Bottom 25%)
https://www.womenshealthmag.com/,https://womenshealthmag.com,2026-01-27 00:07:25,0.9467461995215884,0.9190081803046164,0.9376641717271572,0.0099937951563205,0.905381712700881,0.926119881296722,0.9930379746835444,0.8604873387482084,0.962638195111222,0.8551662653811778,0.6921007471774385,0.8814693280427859,0.8-0.9,Q2 (25-50%)
https://www.shape.com/,https://shape.com,2026-01-27 00:08:08,0.9780743194491054,0.9163446606702872,0.9208021465894648,0.0,0.8923922277644762,0.9460177528084786,0.9869198312236288,0.7439082656473961,0.9741348461912742,0.8131076536257487,0.6846504353635994,0.8803644501144683,0.8-0.9,Q2 (25-50%)
https://shop.bodybuilding.com/,https://bodybuilding.com,2026-01-27 00:09:03,0.9606121701078564,0.9433421198034776,0.9272419149837594,0.0655907986759319,0.8951581694164111,0.8951435199627328,0.991772151898734,0.851887243191591,0.9380288269927568,0.8759330630166731,0.5792692087683003,0.8806836194923794,0.8-0.9,Q2 (25-50%)
https://smokefree.gov/,https://smokefree.gov,2026-01-27 00:09:46,0.9824646301266023,0.9434509817313512,0.9712752436096596,0.0149587455377168,0.959825309311303,0.9604961072245836,1.0,0.956043956043956,0.989333639971816,0.9568969438834996,0.8768580288214342,0.9209140899370037,≥0.9,Q3 (50-75%)
https://alcohol.org/,https://alcohol.org,2026-01-27 00:10:10,0.993680174507874,0.9900723849587874,0.9774890552181896,0.0056883097937732,0.9610204934764408,0.965681861007731,0.9647679324894516,0.9440993788819876,0.9851214588837276,0.952194110873602,0.8683215242531725,0.9258168968298238,≥0.9,Q4 (Top 25%)
https://psychcentral.com/,https://psychcentral.com,2026-01-27 00:10:55,0.932425235676553,0.9250606134472292,0.97655698347691,0.0335389990338994,0.933403743109392,0.9261966168275948,0.9983122362869198,0.8867654085045389,0.9770553459901844,0.921022185287908,0.8357534715709576,0.8959564131061809,0.8-0.9,Q2 (25-50%)
https://www.goodreads.com/,https://goodreads.com,2026-01-27 00:11:25,0.938864508625747,0.8385589372032276,0.9897472108459257,0.0,0.9250023854038136,0.8708876397763132,1.0,0.8504538939321549,0.980022303785778,0.951429683120466,0.808141406619617,0.8812836939953705,0.8-0.9,Q2 (25-50%)
https://bookmeter.com/,https://bookmeter.com,2026-01-27 00:11:54,0.9547401846434936,0.9222750749788396,0.973111142493998,0.0001965568380189,0.9595773790878384,0.965915406070582,0.9911392405063292,0.9302436693741042,0.972773411056452,0.953656293897928,0.823273452758547,0.9083676177358501,≥0.9,Q3 (50-75%)
https://www.barnesandnoble.com/,https://barnesandnoble.com,2026-01-27 00:13:37,0.7883721163430206,0.961985679814386,0.276614191038217,0.0102193133814324,0.7565452447185299,0.5256371747105633,0.9974683544303796,0.9273769708552316,0.9586303158808248,0.3499247374761243,0.1286727825664197,0.6661499057955573,<0.7,Q1 (Bottom 25%)
https://books.google.com/,https://books.google.com,2026-01-27 00:13:49,0.97635204068799,0.928784318857874,1.0,0.0531914893617021,0.9859209003676176,0.9845834867670864,0.9440928270042194,0.9952221691352128,0.9976081166939818,0.9953256962467378,0.9689595225231026,0.9304988422266237,≥0.9,Q4 (Top 25%)
http://ww38.projectgutenberg.org/,https://projectgutenberg.org,2026-01-27 00:14:27,0.9885005193926432,0.9736351686638484,1.0,0.0,0.9931536446314247,0.9121637528667716,1.0,0.9899665551839464,0.9988182911620636,0.9947370556118844,0.9058651609272952,0.9322415068805603,≥0.9,Q4 (Top 25%)
https://gutenberg.org/,https://gutenberg.org,2026-01-27 00:14:42,0.9957102581789088,0.9857145280961122,1.0,0.0,0.9974460501348348,0.9628038878194674,0.99915611814346,0.9837553750597228,0.9963680631826718,0.9999532979976996,0.9502758873606916,0.9415383243448509,≥0.9,Q4 (Top 25%)
https://www.overdrive.com/,https://overdrive.com,2026-01-27 00:15:05,0.9659680518823396,0.95087699003749,0.9905663041943228,0.0065700422881629,0.9796153514545186,0.939186843713341,0.999789029535865,0.9608217869087434,0.9756374570994908,0.9781440491409802,0.8775308337835808,0.9209091365890921,≥0.9,Q3 (50-75%)
https://www.everand.com/books,https://scribd.com/books,2026-01-27 00:15:39,0.9518918246302172,0.7975190226229858,0.9286780406785174,0.0002243563843963,0.9364051078916964,0.9141898545819912,0.9263713080168776,0.94314381270903,0.9779590262880128,0.8722779181052454,0.7698932377035795,0.8727147753002124,0.8-0.9,Q1 (Bottom 25%)
https://www.audible.com/,https://audible.com,2026-01-27 00:16:26,0.9184953274894708,0.8484064119530372,0.921515628415084,0.0,0.8953126949869682,0.8958464063117528,0.9259493670886076,0.7883420926899188,0.9535548513688228,0.8757081508633349,0.6508254225093852,0.8508558608060474,0.8-0.9,Q1 (Bottom 25%)
https://librivox.org/,https://libriVox.org,2026-01-27 00:16:42,0.9971664732257114,0.9870879884768984,1.0,0.0,0.9983130254395366,0.9801792277383264,0.99957805907173,0.9918776875298616,0.999150494170279,0.9997582829420684,0.9431297841705136,0.9442304270798765,≥0.9,Q4 (Top 25%)
https://phoenixcollege.edu.np/,https://phoenixcollege.edu.np/,2026-01-27 10:50:49,0.8359213245330915,0.9374614543627782,0.99186555571247,0.0032910799124361,0.8969676299798262,0.9175294609060184,0.9618143459915612,0.9526994744386048,0.7420692580177879,0.9486820812194326,0.8355323137678664,0.8583891393869453,0.8-0.9,Q1 (Bottom 25%)
https://nea.org.np/,https://nea.org.np,2026-01-27 10:51:16,0.8819795401830378,0.8461122610848538,0.9854257873181754,0.0091827695376556,0.9108908178564544,0.8609925490867494,0.8957805907172995,0.956043956043956,0.922955674175152,0.9586982342500528,0.836192987711278,0.8588322522213719,0.8-0.9,Q1 (Bottom 25%)
https://nta.gov.np/,https://nta.gov.np,2026-01-27 10:51:55,0.9011288161973235,0.923827191681162,0.9659935037424092,0.1626225994103115,0.8934938995527161,0.890913603080885,0.9213080168776372,0.9589106545628284,0.92196598578123,0.9060894252284926,0.7243114013846159,0.8753582474865553,0.8-0.9,Q1 (Bottom 25%)
https://tourism.gov.np/,https://tourism.gov.np,2026-01-27 10:52:46,0.8761567302595932,0.7886764338624516,0.9922609800875584,0.0043636834863266,0.9200329372458224,0.8585002986295908,0.9550632911392404,0.9488772097467748,0.9411327266892228,0.9586502425690276,0.8129536884362464,0.8582566669571107,0.8-0.9,Q1 (Bottom 25%)
https://immigration.gov.np/,https://immigration.gov.np,2026-01-27 10:53:12,0.9558485739861284,0.8918897918394619,0.9995763310266912,0.0752720280014842,0.9734054041775712,0.932561294406949,0.9713080168776372,0.9393215480172,0.9500967070601236,0.9853760984545428,0.8425571067706948,0.9109581494596956,≥0.9,Q3 (50-75%)
https://moha.gov.np/,https://moha.gov.np,2026-01-27 11:08:18,0.904606899983234,0.8518166548753328,0.9971472955797204,0.5925047137572543,0.9418779849051028,0.9274721742624574,0.9270042194092828,0.9412326803631152,0.9533428903402378,0.9823563743426156,0.8494148649770957,0.9111384208374448,≥0.9,Q3 (50-75%)
https://mof.gov.np/,https://mof.gov.np,2026-01-27 10:54:17,0.8582188712032807,0.7659769707950017,0.9876006213811608,0.0456014909408266,0.9043761212099086,0.8516324617008719,0.9687763713080167,0.928810320114668,0.8651428643245236,0.94396467093183,0.692451613565465,0.844380809758264,0.8-0.9,Q1 (Bottom 25%)
https://mofa.gov.np/,https://mofa.gov.np,2026-01-27 10:55:28,0.5795350450689916,0.7994461548109899,0.9644682954384972,0.3746407746614544,0.737081439232036,0.7683852395091614,0.9672995780590716,0.9436215957955087,0.7711836702350912,0.9095424032295438,0.4286420817574674,0.7483712662186058,0.7-0.8,Q1 (Bottom 25%)
https://moics.gov.np/,https://moics.gov.np,2026-01-27 10:55:58,0.8601270499518735,0.7740876680054772,0.9973450077672644,0.0046967593400909,0.90620088509676,0.8546899085214429,0.9717299578059072,0.94696607740086,0.8338360001138116,0.9729682166885364,0.8084194868952337,0.8482744758340034,0.8-0.9,Q1 (Bottom 25%)
https://mofe.gov.np/,https://mofe.gov.np,2026-01-27 10:56:49,0.7402400790409265,0.7884345623472563,0.9914983759356024,0.0056414106701729,0.8381254004688303,0.7116089701797637,0.971097046413502,0.935977066411849,0.8556969291926332,0.9188119495221304,0.6228615580147308,0.7899782036951039,0.7-0.8,Q1 (Bottom 25%)
https://nepalpolice.gov.np/,https://nepalpolice.gov.np,2026-01-27 10:57:50,0.7935877308110297,0.9478201547800066,0.9504024855246436,0.1001320353732703,0.8710884650874942,0.8804350759003211,0.9993670886075948,0.9331103678929766,0.872357746005709,0.9443185900388028,0.7126730886413539,0.8447606253494324,0.8-0.9,Q1 (Bottom 25%)
https://apf.gov.np/,https://apf.gov.np,2026-01-27 10:58:32,0.7743736419089571,0.8692370994131442,0.9778569760007406,0.0190768354716179,0.8358838289667918,0.7710336770222161,0.9719409282700422,0.9101767797419972,0.9117135902513818,0.9191798987703812,0.7061792609970019,0.8137735228961722,0.8-0.9,Q1 (Bottom 25%)
https://ciaa.gov.np/,https://ciaa.gov.np,2026-01-27 10:59:47,0.752604258580494,0.8116683117343721,0.8956967886608137,0.6597641557413998,0.8453085725184606,0.823012284321141,0.9113924050632912,0.9374104156712852,0.5172592603689559,0.8194461900701933,0.577772427687464,0.8048006880164619,0.8-0.9,Q1 (Bottom 25%)
https://supremecourt.gov.np/web/,https://supremecourt.gov.np,2026-01-27 11:01:13,0.8561954931056578,0.7209694792335141,0.9770936308431012,0.0736570939894491,0.9009049797281268,0.8101419160018914,0.3795358649789029,0.9660774008600096,0.9744549460541292,0.9504023953945492,0.7060514187226411,0.7936558984423333,0.7-0.8,Q1 (Bottom 25%)
https://ird.gov.np/,https://ird.gov.np,2026-01-27 11:02:37,0.9072109108235876,0.7875291930042297,0.9863013698630136,0.0046433801874927,0.920254926404922,0.8628006219986071,0.9683544303797468,0.9335881509794554,0.8912977932820846,0.9456167884592356,0.7054803276868107,0.8615370571795077,0.8-0.9,Q1 (Bottom 25%)
https://customs.gov.np/,https://customs.gov.np,2026-01-27 11:03:07,0.9124342374534482,0.8079893519733716,0.9939274113825732,0.0049855696754863,0.9280414754572548,0.8796309528534122,0.971518987341772,0.9550883898709984,0.8939838320441489,0.965997425019642,0.8181606949394056,0.8727827716189176,0.8-0.9,Q1 (Bottom 25%)
https://dri.gov.np/,https://dri.gov.np,2026-01-27 11:03:39,0.9151154643462504,0.8132494205312093,0.9952266629007204,0.005117797410182,0.9274746146661224,0.8708040924191951,0.9983122362869198,0.9536550406115624,0.9211812550177358,0.9550160842477547,0.7931232054257381,0.875666515408734,0.8-0.9,Q1 (Bottom 25%)
https://dolma.gov.np/,https://dolma.gov.np,2026-01-27 11:04:23,0.8483496074037096,0.9185230893644952,0.9878830673633668,0.001861194902499,0.9083283688531458,0.7969278838496083,0.8852320675105485,0.9455327281414238,0.929588178732502,0.9778725913100352,0.6830230125425403,0.847198588102792,0.8-0.9,Q1 (Bottom 25%)
https://moald.gov.np/,https://moald.gov.np,2026-01-27 11:06:06,0.366019006798394,0.786859709531845,0.9941251235701172,0.0051377539148908,0.5959799358803715,0.4750333108240102,0.9723628691983124,0.9426660296225512,0.6302061184755061,0.9257714467318928,0.6952930714153074,0.6295919061712333,<0.7,Q1 (Bottom 25%)
https://mopit.gov.np/,https://mopit.gov.np,2026-01-27 11:06:33,0.9150453196674696,0.7989025774038313,0.9968083604010732,0.0045248746262963,0.9434849462960848,0.897588006270745,0.9978902953586498,0.9536550406115624,0.9603825915666137,0.9764290890866292,0.842649489144138,0.8824549285006479,0.8-0.9,Q2 (25-50%)
https://moless.gov.np/,https://moless.gov.np,2026-01-27 11:07:06,0.6783952258225112,0.7789290120843746,0.990656485419444,0.0056163051504767,0.7975904235563289,0.7930303859545932,0.971518987341772,0.9440993788819876,0.7360688674446394,0.9671140523081186,0.7806571839426371,0.7751962714288363,0.7-0.8,Q1 (Bottom 25%)
https://mowcsc.gov.np/,https://mowcsc.gov.np,2026-01-27 11:07:52,0.0,0.7688843210161742,0.9785341053523512,0.0133129305230584,1.1102230246251563e-16,0.0,0.9704641350210972,0.9240324892498806,0.0,0.888917235766713,0.6573715068498265,0.36985839965463685,<0.7,Q1 (Bottom 25%)
https://npc.gov.np/,https://npc.gov.np,2026-01-27 12:13:17,0.8144238442906948,0.7939404385424834,0.9975709645530292,0.0057564730675228,0.868308301664944,0.7840201612414326,0.9654008438818564,0.94314381270903,0.7220965660498853,0.9246043656484616,0.7354906017265239,0.8186153166455423,0.8-0.9,Q1 (Bottom 25%)
https://dhm.gov.np/,https://dhm.gov.np,2026-01-27 11:09:41,0.886813279717598,0.9273082910823846,0.9982205903121028,0.031205232754532,0.8864366991888862,0.8291474526368757,0.9989451476793249,0.9402771141901576,0.9195993529089304,0.9780535371432164,0.6210213757881664,0.8678999181211378,0.8-0.9,Q1 (Bottom 25%)
https://dor.gov.np/home,https://dor.gov.np,2026-01-27 11:10:13,0.8897450944332861,0.7650553948009913,0.9986442592854116,0.288630042601763,0.9335747436723943,0.8506395816268061,0.99915611814346,0.9718107978977544,0.948500046881384,0.9849975582082814,0.7896770629497225,0.8805085394906628,0.8-0.9,Q2 (25-50%)
https://nast.gov.np/,https://nast.gov.np,2026-01-27 11:11:13,0.8236331119969538,0.4941368973270588,0.9569552323118204,0.5608423942937691,0.8732079964638926,0.7756182382104666,1.0,0.9546106067845198,0.9315757049291108,0.8831417027073252,0.7396468753761782,0.8233536196142517,0.8-0.9,Q1 (Bottom 25%)
https://nepsestock.com/,https://nepsestock.com,2026-01-27 11:12:09,0.9943734847219624,0.9857135688478804,0.9689886184787396,0.0048155329247583,0.9631122642476326,0.9154734133778896,0.9989451476793249,0.9455327281414238,0.9851895764808928,0.9148824547729218,0.7563055635651385,0.9193362428242613,≥0.9,Q3 (50-75%)
https://nepalstock.com/,https://nepalstock.com,2026-01-27 11:12:32,0.9519087271193418,0.9348908727508746,0.9733370992797628,0.2405344087879631,0.9703710872167566,0.9292747895338408,1.0,0.9784997611084568,0.9871829409648744,0.966534986560766,0.8806522382196144,0.9235477490007239,≥0.9,Q3 (50-75%)
https://www.sharesansar.com/,https://sharesansar.com,2026-01-27 11:12:59,0.9341106142098272,0.8521815816302228,0.986696794238102,0.1288687320609577,0.9409599520286422,0.9070495900934304,0.960126582278481,0.957955088389871,0.9366730264100882,0.9587608422899566,0.8378605362096911,0.8935703980121514,0.8-0.9,Q2 (25-50%)
https://nepsealpha.com/,https://nepsealpha.com,2026-01-27 11:13:40,0.9430835542313608,0.9421293453954844,0.9308572235559948,0.0147761543009828,0.930221802474494,0.9281620599151134,0.9578059071729956,0.9307214524605828,0.9670059917063596,0.8701534655152423,0.7175161645824644,0.886987653650994,0.8-0.9,Q2 (25-50%)
https://bizshala.com/,https://bizshala.com,2026-01-27 11:14:14,0.9798575603629412,0.8947104929591504,0.9908487501765288,0.0857276970343668,0.8706544779933021,0.8342442211407202,0.9544303797468354,0.9498327759197324,0.8735103334407633,0.9822976744200588,0.7691663097347693,0.8856891650151785,0.8-0.9,Q2 (25-50%)
https://forsale.godaddy.com/forsale/publicsamachar.com?utm_source=TDFS_BINNS2&utm_medium=parkedpages&utm_campaign=x_corp_tdfs-binns2_base&traffic_type=TDFS_BINNS2&traffic_id=binns2&,https://publicsamachar.com,2026-01-27 11:15:47,0.9847725255295724,0.9249418848692106,0.980285270442028,0.0,0.9630728066085436,0.938781672073681,0.9854430379746836,0.9589106545628284,0.99101785536097,0.9604996027789529,0.5982337236721901,0.9120764485982173,≥0.9,Q3 (50-75%)
https://nepalisansar.com/cgi-sys/suspendedpage.cgi,https://nepalisansar.com,2026-01-27 11:15:59,0.9933587040409648,0.9628892737260728,1.0,0.0137841688282549,0.9960460238339506,0.976987071086636,1.0,0.998088867654085,0.9996709294207784,1.0,0.9742187857223508,0.941818190105459,≥0.9,Q4 (Top 25%)
https://clickmandu.com/,https://clickmandu.com,2026-01-27 11:16:27,0.964403809030036,0.8890812735789017,0.998757237678294,0.139125226863504,0.9544977715058072,0.9609584185213784,0.9761603375527426,0.8776875298614429,0.6141298371062432,0.9849802452484328,0.8346831424564194,0.9002082236253511,≥0.9,Q2 (25-50%)
https://thulo.com.np/,https://nepbay.com,2026-01-27 11:16:51,0.9690175011603218,0.8946715963363822,0.988730608788375,0.0019194097900275,0.9596160550268572,0.9084968224205646,0.970675105485232,0.9808886765408504,0.9839011422217692,0.9510438346947652,0.8650433497288718,0.9074865321053575,≥0.9,Q3 (50-75%)
https://muncha.com/,https://muncha.com,2026-01-27 11:17:08,0.980111184689942,0.9168056966160392,0.998757237678294,0.0408370658927118,0.9881589523803792,0.95343581140321,0.8943037974683544,0.9694218824653608,0.9843329972190332,0.9917809556503716,0.9233188974210388,0.9201277248241194,≥0.9,Q3 (50-75%)
https://foodmandu.com/,https://foodmandu.com,2026-01-27 11:17:22,0.933705319371098,0.9331586217373836,0.9990679282587204,0.0,0.950292824311624,0.9443845991818978,0.9993670886075948,0.9713330148112757,0.9619577385795602,0.9906831654875096,0.9515561764148732,0.9097105488825431,≥0.9,Q3 (50-75%)
https://pathao.com/,https://pathao.com,2026-01-27 11:18:07,0.9731738493120532,0.9354623247775884,0.9919220449089112,0.0141474650829422,0.9635482153982656,0.9747569947372609,0.99915611814346,0.9503105590062112,0.9603000342357936,0.9723168507702586,0.8859124345741499,0.9218648054677671,≥0.9,Q3 (50-75%)
https://basobaas.com/,https://basobaas.com,2026-01-27 11:21:20,0.9775762008905432,0.9762713849821908,0.8432142352775032,0.0204581805614127,0.9094256493246314,0.9371223707417112,0.9457805907172996,0.8709985666507406,0.925581006208646,0.7945376087511665,0.5594760519692843,0.8742582208995852,0.8-0.9,Q1 (Bottom 25%)
https://gharbazar.com/,https://gharbazar.com,2026-01-27 11:22:09,0.9428966695134856,0.8987707880599547,0.9956220872758084,0.0123581648701136,0.9599395653955468,0.8518095138171614,0.9447257383966244,0.9264214046822744,0.9698163280522596,0.9654689303107642,0.636400708078232,0.8881993148591831,0.8-0.9,Q2 (25-50%)
https://www.landnepal.com/,https://landnepal.com,2026-01-27 11:23:35,0.987733195932884,0.95841474916114,0.9988137268747352,0.0052478652222613,0.992696809295332,0.8975093684777969,0.8734177215189873,0.9904443382704252,0.9977408629226852,0.9990278167286808,0.849103191111136,0.9178781303597775,≥0.9,Q3 (50-75%)
https://www.dot-guide.org/articles/estate-planning-101-protecting-your-legacy.html?psystem=PW&domain=nepalestate.com,https://nepalestate.com,2026-01-27 11:24:26,0.9602216932214048,0.8136559535988945,0.9961792320355516,0.4014709630756796,0.9700237513439948,0.9532627402517418,0.99957805907173,0.9660774008600096,0.9932425930198824,0.9662072518400198,0.8028065578420971,0.9254706090257072,≥0.9,Q4 (Top 25%)
https://www.vianet.com.np/,https://vianet.com.np,2026-01-27 11:26:35,0.7802099379868637,0.9044788395873152,0.9925999152662054,0.0608528181886555,0.8673452530254546,0.7991035157015052,0.9588607594936708,0.9369326325848064,0.914949574037089,0.9467926628066974,0.841806849919702,0.8340012754576772,0.8-0.9,Q1 (Bottom 25%)
https://worldlink.com.np/,https://worldlink.com.np,2026-01-27 11:27:03,0.9573288928391098,0.8380389417785923,0.9899731676316904,0.0012108238327479,0.9569876143208428,0.940978167496918,0.8586497890295358,0.94696607740086,0.9740121402888376,0.9623822601486772,0.8299436467521997,0.8907162225898142,0.8-0.9,Q2 (25-50%)
https://subisu.net.np/,https://subisu.net.np,2026-01-27 11:28:04,0.904965200041754,0.9522947816884056,0.983109730264087,0.4231000438957831,0.9423620677162592,0.8544507596088154,0.9970464135021097,0.9493549928332538,0.9587995943810056,0.966590481827098,0.7169674692735293,0.9066526816227533,≥0.9,Q3 (50-75%)
https://websurfer.com.np/,https://websurfer.com.np,2026-01-27 11:29:12,0.9505379768810543,0.8360802630689481,0.9990396836605,0.0048906447680149,0.97039739929013,0.8702260504563912,0.970886075949367,0.9603440038222648,0.9761595604320968,0.992640311573874,0.8365849129319459,0.8956407533900331,0.8-0.9,Q2 (25-50%)
https://www.techminds.com.np/,https://techminds.com.np,2026-01-27 11:29:33,0.9370041711823324,0.8106963378262035,1.0,0.0001701757574726,0.9624688711512338,0.918208561392746,0.99957805907173,0.9823220258002868,0.989880656301684,0.9997525380095676,0.8916317433300393,0.8982024098146462,0.8-0.9,Q2 (25-50%)
https://broadlink.com.np/,https://broadlink.com.np,2026-01-27 11:30:12,0.9793408781373374,0.9528776890884628,0.9984183024996468,0.0087466631180305,0.98770034102375,0.968199737051714,0.9993670886075948,0.9804108934543716,0.9892474599741312,0.9922950684874116,0.9138240423727152,0.9321561752757133,≥0.9,Q4 (Top 25%)
https://salesberry.com.np/,https://salesberry.com.np,2026-01-27 11:31:24,0.9992200469416198,0.995641720436102,1.0,0.0,0.9995356454790608,0.9935949254981232,1.0,1.0,0.9999900742747938,1.0,0.9838405498897476,0.9483354371194734,≥0.9,Q4 (Top 25%)
https://merokirana.com/,https://merokirana.com,2026-01-27 11:32:03,0.883253610775182,0.5830395806115696,0.9740678972800656,0.2406269343462018,0.9303813739057888,0.8097679698533855,1.0,0.9550883898709984,0.9708458594149696,0.936561406997281,0.7236385964224693,0.848034265175313,0.8-0.9,Q1 (Bottom 25%)
https://smartdoko.com/,https://smartdoko.com,2026-01-27 11:32:39,0.9238991984711789,0.9276981130360842,0.95274745912355,0.4509460413307177,0.9321916806769184,0.940821205761824,0.9881856540084388,0.9173435260391782,0.9558232329317048,0.9318724087227932,0.7614864417202531,0.9109636042225631,≥0.9,Q3 (50-75%)
https://thulo.com.np/,https://thulo.com,2026-01-27 11:33:49,0.9751452796773622,0.9134140244711098,0.9409123005225252,0.0019194097900275,0.9443204118208544,0.8678169473482586,0.9723628691983124,0.9804108934543716,0.9838978888249889,0.9048513336528612,0.8156514403718438,0.8955617307498193,0.8-0.9,Q2 (25-50%)
https://www.okdam.com/,https://okdam.com,2026-01-27 11:34:11,0.9696208631051616,0.8930759815818458,1.0,0.0414529528517872,0.9818822559615868,0.931044372070454,0.959071729957806,0.9708552317247968,0.9903796102200182,0.9944765795906856,0.8839248138121913,0.9169153971208224,≥0.9,Q3 (50-75%)
https://choicemandu.com/,https://choicemandu.com,2026-01-27 11:34:45,0.9640785236563768,0.917191960767236,0.9925151814715436,0.2349677951880539,0.9757282979358616,0.9213151448756116,0.9158227848101266,0.974199713330148,0.9821378521006968,0.9760833770260852,0.7726376474035421,0.9183489990395288,≥0.9,Q3 (50-75%)
https://biruwa.com/,https://biruwa.com,2026-01-27 11:35:04,0.981970700346614,0.9386672712914425,1.0,0.0001721683740478,0.9892402401253352,0.9734408910267794,0.999789029535865,0.9827998088867654,0.9953291408997058,0.9980140901699592,0.9054041822153668,0.9322747815580129,≥0.9,Q4 (Top 25%)
https://nepalaya.com.np/,https://nepalaya.com.np,2026-01-27 11:35:25,0.983144347793894,0.9905570609448876,0.9994351080355882,0.0007205050583734,0.9894746308587128,0.9912332950511772,0.99957805907173,0.9770664118490204,0.957745773960142,0.996028453908133,0.8976132687216613,0.9375691752458445,≥0.9,Q4 (Top 25%)
https://booksmandala.com/,https://booksmandala.com,2026-01-27 11:36:25,0.91995998554883,0.912398506634478,0.968140093207174,7.977509515353173e-05,0.9459790330223788,0.8845792322802158,0.9947257383966244,0.9135212613473483,0.9804648612487712,0.9218865045204414,0.7179183545112926,0.8849432291240769,0.8-0.9,Q2 (25-50%)
https://ekta.com.np/,https://ekta.com.np,2026-01-27 11:36:40,0.975485642067855,0.9491534050878568,1.0,0.0,0.9854050794321492,0.9679367572135578,1.0,0.9966555183946488,0.9930875568848628,0.9998339050127388,0.9489806678219128,0.931957203129801,≥0.9,Q4 (Top 25%)
https://pu.edu.np/,https://pu.edu.np,2026-01-27 11:37:51,0.931142715825689,0.8978689991844935,1.0,0.0636368092787882,0.9589791808360476,0.9118454059011876,0.9993670886075948,0.9517439082656474,0.8749755525695471,0.9852554939532044,0.8114065169698954,0.8997372227948144,0.8-0.9,Q2 (25-50%)
https://ku.edu.np/,https://ku.edu.np,2026-01-27 11:38:25,0.9055907483165766,0.7447866430146517,0.993729699195029,0.0009856971546002,0.9363943285863344,0.8486575050323731,0.9696202531645568,0.9622551361681796,0.9355020773384112,0.9866366617049208,0.7703075586511428,0.8639287841093307,0.8-0.9,Q1 (Bottom 25%)
https://purbanchaluniversity.edu.np/,https://purbanchaluniversity.edu.np,2026-01-27 11:38:47,0.8907499749995111,0.904997782033898,1.0,0.0920305873014541,0.9318036994222472,0.926509720155358,0.9628691983122364,0.956043956043956,0.944989969191988,0.996853340236632,0.8835020944670423,0.8908883298157033,0.8-0.9,Q2 (25-50%)
https://kist.edu.np/,https://kist.edu.np,2026-01-27 11:39:27,0.8975115062901966,0.8784594676582558,0.9881937579437932,0.5014901585783728,0.909469647931283,0.8352273312607847,0.9618143459915612,0.9421882465360726,0.9498211806431754,0.9570642894683116,0.708557873824341,0.8914085433069812,0.8-0.9,Q2 (25-50%)
https://softwarica.edu.np/,https://softwarica.edu.np,2026-01-27 11:40:09,0.9488492681662576,0.9949642792540692,0.9835616438356164,0.0208798528494891,0.96941528896152,0.9408126111247892,0.999789029535865,0.9694218824653608,0.9903760193867812,0.9633756644971926,0.896922733809056,0.920361545044575,≥0.9,Q3 (50-75%)
https://ismt.edu.np/,https://ismt.edu.np,2026-01-27 11:40:45,0.9727316437672908,0.9177884446488408,0.9306030221720096,0.2088014321873238,0.9427333492800024,0.925266367188372,0.9816455696202532,0.94314381270903,0.9597283404775104,0.890720675597809,0.7625987628227201,0.9066418399182046,≥0.9,Q3 (50-75%)
https://deerwalk.edu.np/,https://deerwalk.edu.np,2026-01-27 11:41:00,0.9772859894507014,0.8964057784870212,0.998757237678294,0.0,0.9864769381004412,0.9526620992284222,0.999789029535865,0.990922121356904,0.9745987831188232,0.9941572082410628,0.9467364293559456,0.9244352427948684,≥0.9,Q4 (Top 25%)
https://nss.edu.np/,https://nist.edu.np,2026-01-27 11:41:35,0.9574058968673468,0.900243823315224,0.9880807795509108,0.0017986113629329,0.974073539247565,0.9399730915398562,0.9658227848101266,0.9665551839464884,0.9855430889196825,0.984670722354525,0.7681706330432153,0.9081928248976744,≥0.9,Q3 (50-75%)
https://ncit.edu.np/,https://ncit.edu.np,2026-01-27 11:41:55,0.8901076637335963,0.9216420435725622,0.9975427199548086,0.005176230310143,0.91885329475523,0.9342959397986136,0.9993670886075948,0.9383659818442428,0.9364143590825216,0.9536851748851248,0.8970160493377863,0.887793533202666,0.8-0.9,Q2 (25-50%)
https://www.lbef.org/,https://lbef.edu.np,2026-01-27 11:42:45,0.8299385257228248,0.8987286940153525,0.9733653438779832,1.30106554064621,0.8946245234705161,0.8937104336484119,0.9949367088607596,0.921165790731008,0.9257396841107076,0.9465444191927956,0.636820627957519,0.9171187579772035,≥0.9,Q3 (50-75%)
https://nec.edu.np/,https://nec.edu.np,2026-01-27 11:43:08,0.9103077675978878,0.8946390920832413,0.9836746222284988,0.0043961928289608,0.9465230832227668,0.9216705951039698,0.9873417721518988,0.9718107978977544,0.9722817916060058,0.9736308379847748,0.863251691577247,0.8924460720208737,0.8-0.9,Q2 (25-50%)
https://ace.edu.np/,https://ace.edu.np,2026-01-27 11:43:44,0.9393797255307984,0.7806314047780215,0.9903121028103375,0.0018870769654116,0.9603488949498356,0.8722792291272051,0.970042194092827,0.939799331103679,0.9614092515360791,0.948797487924699,0.7547723894280971,0.8805526146655912,0.8-0.9,Q2 (25-50%)
https://web.globalcollege.edu.np/,https://globalcollege.edu.np,2026-01-27 11:44:18,0.9907272247503685,0.9598069773551632,1.0,0.0059580248795508,0.9944793406955014,0.9418736087272548,0.9641350210970464,0.9933110367892976,0.999038611701358,0.999762151978242,0.952167393128058,0.9331830456736526,≥0.9,Q4 (Top 25%)
https://bpkihs.edu/,https://bpkihs.edu,2026-01-27 11:45:33,0.9839764840038489,0.9104626085410208,1.0,0.0035567338952653,0.9904602052467032,0.9751348772352711,0.99957805907173,0.9942666029622552,0.9967652768259612,0.98585675780709,0.9639214171269456,0.9319038204763079,≥0.9,Q4 (Top 25%)
https://kusms.edu.np/,https://kusms.edu.np,2026-01-27 11:46:01,0.8919553999282065,0.7785523757350608,0.9990679282587204,0.0312092209027503,0.935206669280938,0.8489505991649569,0.9751054852320676,0.9445771619684664,0.9692438129863744,0.9831161123549346,0.8377009666555622,0.8684184175451087,0.8-0.9,Q1 (Bottom 25%)
https://kmc.edu.np/,https://kmc.edu.np,2026-01-27 11:46:21,0.9292731811197504,0.9255492649080976,0.9985030362943088,0.2438462465897726,0.955393186132346,0.9524290780183488,0.99957805907173,0.978021978021978,0.9601405986933862,0.9942971970044436,0.9037039732818978,0.920845646466149,≥0.9,Q3 (50-75%)
https://iom.edu.np/,https://iom.edu.np,2026-01-27 11:46:38,0.9338077659060924,0.9360376195833632,0.9861883914701314,0.7167442202782321,0.9603386317318828,0.9432549861839798,0.9713080168776372,0.974199713330148,0.9793503977665934,0.9699858541784496,0.9277056604266573,0.9429979426336539,≥0.9,Q4 (Top 25%)
https://tuth.org.np/,https://tuth.org.np,2026-01-27 11:47:01,0.9173663408276592,0.9145009546679016,1.0,0.0147905684902448,0.9503128840596586,0.9395800194249212,0.9546413502109704,0.9493549928332538,0.9694310838530932,0.992998021554674,0.8658803900215839,0.898336462965515,0.8-0.9,Q2 (25-50%)
https://bhaktapurmun.gov.np/,https://bhaktapurmun.gov.np,2026-01-27 12:02:11,0.9731566155740808,0.9158609917525252,0.9995763310266912,0.0828694712606731,0.9836985765676978,0.8012288942641257,0.971097046413502,0.9498327759197324,0.9847056607684196,0.9939851729154336,0.6793183860519414,0.905168224557331,≥0.9,Q3 (50-75%)
https://nhrc.gov.np/,https://nhrc.gov.np,2026-01-27 12:10:42,0.9754480221202988,0.8761505262912059,0.9991526620533824,0.7832445583910322,0.9853206756826224,0.9253220315543552,0.99873417721519,0.9665551839464884,0.9872191230664438,0.992039321288203,0.886329554987575,0.9564595738778311,≥0.9,Q4 (Top 25%)
https://lawcommission.gov.np/,https://lawcommission.gov.np,2026-01-27 12:11:39,0.8284630515905963,0.7913376681009673,0.9928823612484112,0.0082200274922304,0.89397794439616,0.819821368557488,0.9981012658227848,0.9460105112279026,0.7573347432489613,0.9532035775844148,0.7464262485384456,0.8336462217521463,0.8-0.9,Q1 (Bottom 25%)
https://yomari.com.np/,https://yomari.com.np,2026-01-27 12:14:48,0.999891673186336,0.999394683393903,1.0,0.0,0.9999355063165364,0.9923273765629418,0.999789029535865,1.0,0.9999905963462928,1.0,0.9835829990304517,0.9487898564370788,≥0.9,Q4 (Top 25%)
https://sochnepal.org/,https://sochnepal.org,2026-01-27 12:15:29,0.989741416123242,0.9523614218770328,0.9610224638832372,0.4009296242624044,0.9344666691197836,0.8336713875723942,0.9464135021097048,0.9569995222169136,0.971386547219594,0.9034595749031338,0.7127990646051401,0.9155821818757288,≥0.9,Q3 (50-75%)
https://samajsewa.org/404.html,https://samajsewa.org,2026-01-27 12:15:41,0.993782040895691,0.9652548268100356,1.0,0.0136673963167264,0.9962980625691796,0.9750922083349052,0.999789029535865,0.9966555183946488,0.9999045182162174,1.0,0.9715023706810074,0.9418838641805543,≥0.9,Q4 (Top 25%)
https://rotary.org.np/,https://rotary.org.np,2026-01-27 12:16:05,0.9493587990672664,0.860465572318836,1.0,4.410239949286437e-06,0.9698501463052942,0.9391898227402709,0.9993670886075948,0.9316770186335404,0.6593724768069578,0.9979172861032662,0.8602814582977568,0.8935383035247667,0.8-0.9,Q2 (25-50%)
https://helpinghandsnepal.org/,https://helpinghandsnepal.org,2026-01-27 12:16:58,0.9993500391180165,0.9963681003634184,1.0,0.0,0.9996130378992174,0.9665073372685162,1.0,1.0,0.999999210526026,1.0,0.961410296248809,0.9452951835735975,≥0.9,Q4 (Top 25%)
https://himalmedia.com/,https://himalmedia.com,2026-01-27 12:17:22,0.9942364285284104,0.9829873345479416,1.0,0.0,0.9965685877620036,0.9642913004986562,0.999789029535865,0.9942666029622552,0.9997403267297889,1.0,0.8588565301740427,0.9396927889550947,≥0.9,Q4 (Top 25%)
https://recordnepal.com/,https://recordnepal.com,2026-01-27 12:18:09,0.947747666688161,0.941092191993321,0.9818952125406016,0.0069153051871868,0.920956692519444,0.9358610385523198,0.999789029535865,0.8838987099856666,0.945730954183903,0.9595522360527892,0.8378530709673928,0.8995222058150263,0.8-0.9,Q2 (25-50%)
https://pongalfestival.org/contact-us/,https://southasiacheck.org,2026-01-27 12:18:23,0.9320574224699896,0.7811175152353458,1.0,0.0,0.95953924274217,0.955119532338898,0.99957805907173,0.985188724319159,0.9880110036627836,0.9991615134231324,0.9583868731179424,0.8986141483620849,0.8-0.9,Q2 (25-50%)
https://www.telegraphnepal.com/,https://telegraphnepal.com,2026-01-27 12:19:12,0.9768613239572592,0.9050955816185692,0.9907357717836464,0.0957454628045328,0.9814387110877748,0.874943696580562,0.959282700421941,0.9655996177735308,0.992688687892918,0.9652818096521744,0.834896835017212,0.9139104255339687,≥0.9,Q3 (50-75%)
https://nepalpress.com/,https://nepalpress.com,2026-01-27 12:19:48,0.7577719427795672,0.8862738011721907,0.9870639740149696,0.5655474156022432,0.820224579473223,0.7587095404521836,0.9985232067510548,0.8891543239369326,0.8311075016587389,0.9585737607125404,0.7593663129074972,0.8363631046969823,0.8-0.9,Q1 (Bottom 25%)
https://ekantipur.com/,https://kantipurdaily.com,2026-01-27 12:20:21,0.949800966979552,0.904359560171224,0.9892388080779552,0.1237474587071861,0.9572384232486094,0.9555758994483656,0.939240506329114,0.9684663162924032,0.9360111989175242,0.9701820807504584,0.7824852351504666,0.9079744327739356,≥0.9,Q3 (50-75%)
https://gorkhapatra.org.np/,https://gorkhapatra.org.np,2026-01-27 12:20:53,0.8591637776325962,0.7820760496172561,0.9939839005790144,0.0052142890865172,0.8937439307852574,0.836996464188561,0.9981012658227848,0.9350215002388916,0.8276919125439323,0.967224691110221,0.7946479811651938,0.8457121761703413,0.8-0.9,Q1 (Bottom 25%)
https://www.nayapatrikadaily.com/,https://nayapatrika.com,2026-01-27 12:21:23,0.9354506155510328,0.96008483965713,0.9984183024996468,0.1933968909104773,0.961569740421347,0.9112728605516618,0.9839662447257383,0.9718107978977544,0.9303372558326513,0.9924127809819128,0.8063329516728208,0.9154446112726803,≥0.9,Q3 (50-75%)
https://therisingnepal.org.np/,https://therisingnepal.org.np,2026-01-27 12:22:28,0.990955507185963,0.998949418299566,0.9966106482135292,0.0079498305752561,0.9836095209634004,0.9899647586335886,0.999789029535865,0.9913999044433828,0.9977080169853288,0.951872707302958,0.8409632775399787,0.9394649703119848,≥0.9,Q4 (Top 25%)
https://mypeoplesreview.com/,https://peoplesreview.com.np,2026-01-27 12:23:24,0.9292178673078128,0.8850412745032629,0.9577392648978988,0.0219586401176302,0.8636736190503169,0.8159587294884537,0.9989451476793249,0.9316770186335404,0.8793396628305639,0.8985159627834676,0.5866896596129458,0.8587747233450771,0.8-0.9,Q1 (Bottom 25%)
https://www.hugedomains.com/domain_profile.cfm?d=nepalmagazine.com,https://nepalmagazine.com,2026-01-27 12:23:41,0.9787388502718004,0.9127124820811068,0.9842116020250864,0.0012340479253908,0.9664853493975344,0.9636947036317236,0.99957805907173,0.9698996655518396,0.9893962248844376,0.9608757590736324,0.9284913771785676,0.9211170993171293,≥0.9,Q3 (50-75%)
https://nepalkhabar.com/,https://nepalkhabar.com,2026-01-27 12:24:58,0.9755039027877022,0.909179451088393,0.917130348820788,0.0348824110236934,0.8323577447673799,0.9371753746674252,0.9883966244725738,0.8819875776397516,0.7581681030625675,0.831357819095438,0.7363071126029155,0.8687100486817828,0.8-0.9,Q1 (Bottom 25%)
https://www.news24nepal.com/,https://news24nepal.tv,2026-01-27 12:25:34,0.9143744391071632,0.796107169107972,0.989942145813774,0.3059199259312981,0.9387709444955284,0.897824626412665,0.99873417721519,0.9230769230769232,0.9433164180682097,0.9477911867889376,0.7636149689305947,0.891372340109226,0.8-0.9,Q2 (25-50%)
https://www.pardafas.com/,https://pardafas.com,2026-01-27 12:25:59,0.6722093111071279,0.8568166703746709,0.9951984183024996,0.3130853367440084,0.7948101418539167,0.9465226581602412,0.99915611814346,0.9273769708552316,0.7800254413081522,0.9806299244232636,0.8518690633827066,0.8174203771850675,0.8-0.9,Q1 (Bottom 25%)
https://bibeksheel.org/,https://bibeksheel.org,2026-01-27 12:26:13,0.9982451056186444,0.9901938709812296,0.9999717554017794,0.0,0.9983263889141152,0.991476185231286,0.9993670886075948,0.9995222169135212,0.9999034422395916,0.999851178891414,0.9610015742329696,0.9466164521905165,≥0.9,Q4 (Top 25%)
https://arthasarokar.com/,https://arthasarokar.com,2026-01-27 12:27:02,0.8858243969593467,0.9038752964755036,0.8786895624663769,0.644113342663053,0.9214155418429812,0.905191504225781,0.9970464135021097,0.94314381270903,0.7207493923804008,0.9197934731939104,0.6739882030508579,0.8827792868981629,0.8-0.9,Q2 (25-50%)
https://nepalipaisa.com/,https://nepalipaisa.com,2026-01-27 12:27:46,0.9309452742147324,0.8980524774085834,0.9797492365869112,0.1819187287004783,0.925502897397464,0.9084159632626652,0.99915611814346,0.8972766364070712,0.8902066638492208,0.9757065563514566,0.6816456753384788,0.8928457852490154,0.8-0.9,Q2 (25-50%)
https://nepalbank.com.np/,https://nepalbank.com.np,2026-01-27 12:29:27,0.8483405098664134,0.8935147761748992,0.994351080355882,0.1475988490060103,0.8918537118112624,0.8364942288409408,0.9983122362869198,0.9058767319636885,0.8881391588456589,0.94695922676804,0.708861149292715,0.8601387113001021,0.8-0.9,Q1 (Bottom 25%)
https://www.himalayanbank.com/en/,https://himalayanbank.com,2026-01-27 12:31:03,0.8508149266151747,0.7603405439842602,0.9625127374850312,0.5297636844655095,0.9104189183702288,0.8336994139314621,0.9618143459915612,0.9464882943143812,0.94651459623732,0.931937908769534,0.7684104539520527,0.866207890602755,0.8-0.9,Q1 (Bottom 25%)
https://www.globalimebank.com/,https://globalimebank.com,2026-01-27 12:32:05,0.9127586022351046,0.9433406721370368,0.8984324247987573,0.0231673198365776,0.9334369176109234,0.8521793563609495,0.9468354430379748,0.904921165790731,0.9520291801804928,0.8724493281320977,0.699677034955064,0.8651477973054859,0.8-0.9,Q1 (Bottom 25%)
https://nmb.com.np/individual,https://nmb.com.np,2026-01-27 12:32:41,0.9253271121210892,0.9083764420632156,0.9516458608010584,0.3241512678802173,0.9552732893507916,0.830659753534936,0.0,0.9225991399904444,0.9835246459035734,0.9418742189627484,0.7522929958297291,0.8176091292384859,0.8-0.9,Q1 (Bottom 25%)
https://www.prabhubank.com/,https://prabhubank.com,2026-01-27 12:37:55,0.9299771525059416,0.8332338136349274,0.9745233724050276,0.2462145146732627,0.9419947800701124,0.7296171492195003,0.940084388185654,0.965121834687052,0.9641096345309144,0.9428848190275916,0.6673422710946753,0.8731483846428785,0.8-0.9,Q1 (Bottom 25%)
https://www.himalayanglacier.com/,https://himalayanglacier.com,2026-01-27 12:40:01,0.9803061318278192,0.9531484946880968,0.9930235842395142,0.0443509149919928,0.9631599633321166,0.9650725556253308,0.889451476793249,0.9675107501194458,0.94774111409001,0.974107823707015,0.8517766810092634,0.9168275986798056,≥0.9,Q3 (50-75%)
https://www.basecamptrek.com/,https://basecamptrek.com,2026-01-27 12:41:09,0.8560498079607816,0.8820803497576782,0.961813303205762,0.0016894839364522,0.9135751483062712,0.8267195346826606,0.9525316455696202,0.8652651696129957,0.8196653815834275,0.9215967176191374,0.6488769942694934,0.841294410289056,0.8-0.9,Q1 (Bottom 25%)
https://www.afternic.com/forsale/elitetrek.com?utm_source=TDFS_DASLNC&utm_medium=parkedpages&utm_campaign=x_corp_tdfs-daslnc_base&traffic_type=TDFS_DASLNC&traffic_id=daslnc&,https://elitetrek.com,2026-01-27 12:41:37,0.9847491806681706,0.9247763786841656,0.9649846599741724,0.005233930930826,0.9637808043789304,0.9507832794302304,0.99873417721519,0.9593884376493071,0.9813878072582568,0.9207033610747134,0.826953817211676,0.9158027047172346,≥0.9,Q3 (50-75%)
https://www.hugedomains.com/domain_profile.cfm?d=paradisetreks.com,https://paradisetreks.com,2026-01-27 12:41:53,0.9792414255715512,0.9095008016929136,0.9918054017253451,0.0,0.9687061078960216,0.972864052115726,0.99957805907173,0.9698996655518396,0.9893681157909252,0.9708701438906278,0.9376446973917376,0.9236308210220532,≥0.9,Q3 (50-75%)
https://www.highcamptrekking.com/,https://highcamptrekking.com,2026-01-27 14:59:18,0.9384558731287548,0.9136809788562484,0.9796074000847338,0.0164991403175208,0.9511777001409258,0.8040653526308674,0.8886075949367088,0.9593884376493071,0.9724144105001974,0.9326420342720008,0.6860706977108768,0.8775662996411998,0.8-0.9,Q2 (25-50%)
https://www.himalayanwonders.com/,https://himalayanwonders.com,2026-01-27 14:59:52,0.9607482765329532,0.9083284396994192,0.9910182177658524,0.0007186303286622,0.956691328491884,0.8944612668599498,0.959493670886076,0.959866220735786,0.9807321554895224,0.9752004160738053,0.7773920735923586,0.9020936817574905,≥0.9,Q2 (25-50%)
https://peakpromotion.com/,https://peakpromotion.com,2026-01-27 15:00:06,0.9889890395738324,0.9384721384336672,1.0,0.0006750701832151,0.9934444910513058,0.9794129293408176,1.0,0.9952221691352128,0.994287971162604,1.0,0.9631711602759526,0.936930022655195,≥0.9,Q4 (Top 25%)
https://sherpaexpeditions.com/,https://sherpaexpeditions.com,2026-01-27 15:00:20,0.9909557346839362,0.9987080543951584,0.9983053241067644,0.0079498305752561,0.9936474682001858,0.9906537946004944,0.999789029535865,0.9923554706163402,0.9976894770803896,0.9818514065001684,0.947170346564542,0.9440308842773872,≥0.9,Q4 (Top 25%)
https://www.afternic.com/forsale/NEPALECOTREK.COM?traffic_id=GoDaddy_DLS&traffic_type=TDFS&utm_campaign=TDFS_GoDaddy_DLS&utm_medium=sn_affiliate_click&utm_source=TDFS,https://nepalecotrek.com,2026-01-27 15:01:11,0.9844615627404982,0.9252430873625692,0.9881090459496388,0.0052363782661107,0.9746813707079868,0.9597317667183,0.9985232067510548,0.9593884376493071,0.9813042885518716,0.9541657560753246,0.6124988685492141,0.9181361155857832,≥0.9,Q3 (50-75%)
https://yetitravels.com/,https://yetitravels.com,2026-01-27 15:02:40,0.9844429952529624,0.9614981339850928,0.9901146279484818,0.0,0.988144314095592,0.9576065361596436,0.99873417721519,0.9632107023411371,0.9716851020830276,0.9536628204538984,0.4381723967067085,0.9198913278317192,≥0.9,Q3 (50-75%)
https://www.afternic.com/forsale/buddhaairlines.com?utm_source=TDFS_DASLNC&utm_medium=parkedpages&utm_campaign=x_corp_tdfs-daslnc_base&traffic_type=TDFS_DASLNC&traffic_id=daslnc&,https://buddhaairlines.com,2026-01-27 15:03:36,0.9846640876911504,0.9260115580219116,0.9680553594125124,0.0052363782661107,0.9617797486737512,0.9512235817530325,0.9548523206751056,0.9589106545628284,0.981291255864574,0.9116981207583248,0.5733418063833421,0.907323681640465,≥0.9,Q3 (50-75%)
https://summitair.com.np/,https://summitair.com.np,2026-01-27 15:06:34,0.8575282813449977,0.871309501907428,0.9891540742832932,0.2453763359988396,0.9130365377029742,0.8768773492260357,0.921097046413502,0.9632107023411371,0.9000519709443782,0.9624617121743484,0.8360987390272603,0.8709876437160109,0.8-0.9,Q1 (Bottom 25%)
https://nepalairlines.com.np/,https://nepalairlines.com.np,2026-01-27 15:08:19,0.8756096842373484,0.8247113877696596,0.9485948312385256,0.6460053559335794,0.9253488377404,0.7446129664376586,0.9883966244725738,0.9679885332059244,0.9752364934548248,0.939132830968297,0.5319339736644916,0.8754487417404785,0.8-0.9,Q1 (Bottom 25%)
https://nepalgunj.com/,https://nepalgunj.com,2026-01-27 15:08:33,0.999696684921741,0.9983051135029286,1.0,0.0,0.9998194176863014,0.9928104307416944,1.0,0.9990444338270426,0.9999332639822892,1.0,0.9675653885238696,0.9483190539906934,≥0.9,Q4 (Top 25%)
https://news.cgtn.com/,https://news.cgtn.com,2026-01-27 15:09:48,0.9759051269527838,0.9376334267694756,0.9993221296427058,0.8133544007490636,0.9856548248504012,0.9835816351333676,0.9993670886075948,0.961299569995222,0.9925205172029912,0.9929393216321172,0.960539662365754,0.9716838013963931,≥0.9,Q4 (Top 25%)
https://www.chinadaily.com.cn/,https://chinadaily.com.cn,2026-01-27 15:10:40,0.8988544875416357,0.906295499521895,0.9981358565174412,0.035012414257459,0.9186727240422824,0.9375190192164368,0.99915611814346,0.9225991399904444,0.9251666724402255,0.9923353611772624,0.8232109313542976,0.8885210293554082,0.8-0.9,Q2 (25-50%)
https://www.scmp.com/,https://scmp.com,2026-01-27 15:12:02,0.9580502141285744,0.8527578259114494,0.6840841689026977,0.0006016863333933,0.7814149462323416,0.8198877581614663,0.9683544303797468,0.5274725274725275,0.936897892791459,0.5772134560544714,0.3423980037942095,0.7810674639642735,0.7-0.8,Q1 (Bottom 25%)
https://japantimes.co.jp/,https://japantimes.co.jp,2026-01-27 15:12:24,0.990608862558906,0.9988283589233888,0.995791554865132,0.0053097256515775,0.9879512365117844,0.990434369389176,0.999789029535865,0.9718107978977544,0.9976659647627588,0.9652082198025244,0.8808649976251198,0.9400890506779419,≥0.9,Q4 (Top 25%)
https://www.asahi.com/,https://asahi.com,2026-01-27 15:13:59,0.9759473922674922,0.926143671647992,0.8827849173845503,0.0039646831611095,0.7512746253124272,0.8254675075451829,0.9985232067510548,0.4037267080745341,0.9204444338643614,0.6111998514289545,0.214111547516734,0.8138100617453466,0.8-0.9,Q1 (Bottom 25%)
https://www.nikkei.com/,https://nikkei.com,2026-01-27 15:14:28,0.983263280889547,0.9371677409461256,0.9913289083462788,0.2771535580524344,0.966291385393932,0.9701695149133464,0.9867088607594936,0.9273769708552316,0.978522290501605,0.9654194926263208,0.8230149687439636,0.934991636314426,≥0.9,Q4 (Top 25%)
https://www.hindustantimes.com/,https://hindustantimes.com,2026-01-27 15:15:33,0.9808044391071982,0.954722082558336,0.967264510662336,0.0004558680161034,0.9049985163203196,0.933403352926344,0.9945147679324896,0.7639751552795031,0.975000682672152,0.8954040852644904,0.6588552237566406,0.895081301906559,0.8-0.9,Q2 (25-50%)
https://www.thehindu.com/,https://thehindu.com,2026-01-27 15:16:20,0.9859173196225572,0.9622278255462238,0.972348538342042,0.0526907369335504,0.8789008900155032,0.923762980843465,0.9978902953586498,0.7353081700907788,0.963592580011707,0.8821225047843173,0.6578679454626724,0.8939874242826488,0.8-0.9,Q2 (25-50%)
https://indianexpress.com/,https://indianexpress.com,2026-01-27 15:18:10,0.9835774727827464,0.9407995163686568,0.755994915972321,0.0080526458007457,0.7361104124634441,0.713552595806085,0.7025316455696202,0.2126134734830387,0.9384160321434074,0.5056596964612182,0.0810548014105575,0.7495260127966259,0.7-0.8,Q1 (Bottom 25%)
https://zeenews.india.com/,https://zeenews.com,2026-01-27 15:22:27,0.9834907890660022,0.95968548743528,0.7696088123146451,0.000205873873293,0.8276839526110646,0.8544874589486147,0.9959915611814346,0.4648829431438127,0.9598283235362902,0.6471627771519587,0.1962798831316319,0.8204308291048019,0.8-0.9,Q1 (Bottom 25%)
https://www.republicworld.com/,https://republicworld.com,2026-01-27 15:23:18,0.9516404331990614,0.8986581153516484,0.9706706720594396,0.0698434053497942,0.9653398345404746,0.9723701960741068,0.9890295358649788,0.9077878643096036,0.9863685285266456,0.9482250268956636,0.8040915126727154,0.9088416350738336,≥0.9,Q3 (50-75%)
https://www.dnaindia.com/,https://dnaindia.com,2026-01-27 15:24:04,0.981952752843591,0.9466110753422498,0.8799322129642707,0.0015802414087339,0.8993304456175918,0.9372106903262692,0.9915611814345991,0.7821309125656952,0.9669518045048008,0.8405755437519993,0.6691852527871016,0.8803221947638356,0.8-0.9,Q2 (25-50%)
https://www.business-standard.com/,https://business-standard.com,2026-01-27 15:24:44,0.9054945841582842,0.9529057799290808,0.876762161631814,0.0116023423106516,0.9311645039448366,0.8904128087814664,0.9955696202531644,0.8772097467749642,0.9811950100737198,0.8507863991888629,0.7224992138166705,0.8679220940169672,0.8-0.9,Q1 (Bottom 25%)
https://www.livemint.com/,https://livemint.com,2026-01-27 15:26:42,0.9856244512764568,0.9599275786197866,0.8190324574869454,0.0060269970522137,0.8723097916740645,0.8786773447072244,0.9957805907172996,0.6927854753941711,0.9745317287648324,0.7231990300990699,0.0046807069211195,0.8451820225427251,0.8-0.9,Q1 (Bottom 25%)
https://www.firstpost.com/,https://firstpost.com,2026-01-27 15:34:06,0.981562688291988,0.9462477186977628,0.8861583309875597,0.0058755380439541,0.8251086539961305,0.8285335500249773,0.9341772151898734,0.6258958432871476,0.9366928460268726,0.7155283727756199,0.3648413216091705,0.8386977422704688,0.8-0.9,Q1 (Bottom 25%)
https://www.thequint.com/,https://thequint.com,2026-01-27 15:35:06,0.9828733452623872,0.9091410020006664,0.9106623358282728,0.0532535199098186,0.9191488785194866,0.9033349923284272,0.9242616033755274,0.884854276158624,0.9694610838641076,0.8534299279249371,0.544526904266666,0.8801729732109446,0.8-0.9,Q2 (25-50%)
https://thewire.in/,https://thewire.in,2026-01-27 15:36:03,0.9215339765179448,0.7659627574940278,0.9540742832933202,1.0488738616533302,0.953258502748317,0.8724807037896614,0.999789029535865,0.9823220258002868,0.9695830448596492,0.9274250102627164,0.5849763865054549,0.9210788043713971,≥0.9,Q3 (50-75%)
https://scroll.in/,https://scroll.in,2026-01-27 15:36:22,0.9402005430918275,0.9367183944414028,0.9884762039259992,0.1053597721836766,0.9587596012587892,0.9738108200472416,0.9862869198312236,0.956043956043956,0.9825507915562116,0.9722396263714757,0.907066131782056,0.9174892752622986,≥0.9,Q3 (50-75%)
https://www.newslaundry.com/,https://newslaundry.com,2026-01-27 15:37:18,0.9401927511456196,0.900787965782858,0.9768676740573364,0.0291880055370214,0.9613582666008176,0.9555626952691793,0.9637130801687764,0.9660774008600096,0.9855523206717984,0.952293572460091,0.5645729461485416,0.8983761109141298,0.8-0.9,Q2 (25-50%)
https://caravanmagazine.in/,https://caravanmagazine.in,2026-01-27 15:37:43,0.9848769911465344,0.956534580386358,0.998195241342667,0.021051919919608,0.9891923624091568,0.9693897591949378,0.99957805907173,0.9603440038222648,0.9833381708775544,0.9901214908623528,0.8632526247325344,0.932753432329146,≥0.9,Q4 (Top 25%)
https://www.dawn.com/,https://dawn.com,2026-01-27 15:38:17,0.9780202386674433,0.9279062451363622,0.9788959219378368,0.0285933737874871,0.9312168680182984,0.9285027049877108,0.9546413502109704,0.8924988055422838,0.9754091526862976,0.9197589645177336,0.7656128544007137,0.9028876045864526,≥0.9,Q2 (25-50%)
https://tribune.com.pk/,https://tribune.com.pk,2026-01-27 15:38:45,0.9716396007388034,0.931877598209352,0.973111353866008,0.2990873697390871,0.963528471264556,0.962963807544279,0.9578059071729956,0.9388437649307214,0.9886148621187842,0.9386420495918206,0.8367351509332019,0.9270747446829233,≥0.9,Q4 (Top 25%)
https://www.thenews.com.pk/,https://thenews.com.pk,2026-01-27 15:39:04,0.9583320407835638,0.9659955922473072,0.9805959610224544,0.0342010622946066,0.9718521349444678,0.970619553120286,0.99915611814346,0.9555661729574771,0.9859581739617236,0.9656056753367468,0.906704067530582,0.9228614504280103,≥0.9,Q3 (50-75%)
https://dailytimes.com.pk/,https://dailytimes.com.pk,2026-01-27 15:39:44,0.9805414950910218,0.9759037832249188,0.9818952125406016,0.0046112660095272,0.9692210699612216,0.8390726760220294,0.9989451476793249,0.9321548017200192,0.965289738954,0.9279138766616924,0.7229461951992893,0.9083616202517265,≥0.9,Q3 (50-75%)
https://www.geo.tv/,https://geo.tv,2026-01-27 20:29:51,0.9839891822213508,0.9662226923437705,0.9927694202446502,0.3600633313665114,0.9848568054321148,0.969225600216169,0.9983122362869198,0.9675107501194458,0.9936369034362994,0.971869332252817,0.887441876090042,0.9496863344432126,≥0.9,Q4 (Top 25%)
https://www.samaa.tv/,https://samaa.tv,2026-01-27 20:30:37,0.9727957808877872,0.9377192022302648,0.9519657175382868,0.9292122729089236,0.9205267145979994,0.9200589778869552,0.99873417721519,0.9202102245580508,0.9661370609968412,0.9028557707729729,0.6739863367402834,0.9432007094492338,≥0.9,Q4 (Top 25%)
https://arynews.tv/,https://arynews.tv,2026-01-27 20:31:12,0.9207918721096068,0.9808495649801038,0.9748623075836746,0.0740431668253704,0.9526632001918696,0.9435850878029824,0.9784810126582278,0.9173435260391782,0.9854724882995342,0.931131664160782,0.7771737152551293,0.9040296469878355,≥0.9,Q3 (50-75%)
https://www.express.com.pk/,https://express.com.pk,2026-01-27 20:31:38,0.9704769727079348,0.9270971202719204,0.9954808642847056,0.1271273581343903,0.9815957160387864,0.9466184494544682,0.999789029535865,0.9756330625895844,0.993277030638638,0.979525334136217,0.8431645908627301,0.9281019796968428,≥0.9,Q4 (Top 25%)
https://www.dhakatribune.com/,https://dhakatribune.com,2026-01-27 20:36:25,0.9463997150921768,0.8784515842638888,0.9837593560231606,0.0803803397796741,0.9465184736436012,0.9362566350214429,0.9981012658227848,0.9168657429526996,0.9767521115834366,0.8987698340863495,0.8151279402556659,0.9015022130746839,≥0.9,Q2 (25-50%)
https://www.thedailystar.net/,https://thedailystar.net,2026-01-27 20:37:17,0.9033466333077562,0.8943393678087217,0.9675058116073256,0.070702844848195,0.9416287989024982,0.9162501520695532,0.9983122362869198,0.8743430482560918,0.9595783849895174,0.9122256384378667,0.6171385166376923,0.8806100634679392,0.8-0.9,Q2 (25-50%)
https://newagebd.net/,https://newagebd.net,2026-01-27 20:38:03,0.9652139019806382,0.9299021313791872,0.9844372263804548,0.1329351546059297,0.9633807690580534,0.8749074521163992,0.240295358649789,0.9326325848064978,0.965072958314138,0.9537326194297214,0.6647910245391846,0.8481062141869775,0.8-0.9,Q1 (Bottom 25%)
https://bdnews24.com/,https://bdnews24.com,2026-01-27 20:38:40,0.9388597267259546,0.792737421389869,0.960852986866262,0.0831849621394247,0.9187177840163142,0.9237079747876196,0.9862869198312236,0.9058767319636885,0.9612803508096364,0.9133987771031846,0.7435399992348126,0.8791823474627861,0.8-0.9,Q2 (25-50%)
https://www.prothomalo.com/,https://prothomalo.com,2026-01-27 20:39:18,0.9375820361567636,0.879783925976708,0.9394474018259102,0.0,0.9193479534465968,0.9367210686252838,0.9666666666666668,0.8896321070234113,0.9731065245064278,0.8547830353940996,0.7362819174101581,0.8785294894408783,0.8-0.9,Q2 (25-50%)
https://www.kalerkantho.com/,https://kalerkantho.com,2026-01-27 20:40:45,0.9707726452036154,0.948184526995112,0.95836746222285,0.2758291029408166,0.9219217893279458,0.9451032360625142,0.9945147679324896,0.7281414237935977,0.956623186536102,0.8622216677906418,0.4708449627811014,0.9014698789455488,≥0.9,Q2 (25-50%)
https://lankaweb.com/,https://lankaweb.com,2026-01-27 20:41:02,0.9897221964935892,0.9773603119158168,1.0,0.0,0.9938809849230704,0.9715120083546052,0.9156118143459916,0.9937888198757764,0.9995014599188298,0.9991143033655768,0.9404273664584796,0.9331713186248447,≥0.9,Q4 (Top 25%)
https://www.dailymirror.lk/,https://dailymirror.lk,2026-01-27 20:42:35,0.9368765198003188,0.871788580789722,0.9233721089720148,0.0254724867526281,0.910790341381255,0.7990532148345556,0.9584388185654008,0.747730530339226,0.9363704414093512,0.6273024673351815,0.2219127257185997,0.83872474961938,0.8-0.9,Q1 (Bottom 25%)
https://sundaytimes.lk/,https://sundaytimes.lk,2026-01-27 20:42:58,0.9322219061270184,0.8871598472900983,0.9940403897754554,0.0,0.9495699071647182,0.9584583209568216,0.990506329113924,0.9354992833253702,0.9687884011044002,0.9809729398828376,0.8838482950786324,0.9018672763030068,≥0.9,Q2 (25-50%)
https://island.lk/,https://island.lk,2026-01-27 20:43:32,0.9634921633698356,0.9275185333261656,0.9986442592854116,0.1739956957304146,0.9533724782901496,0.9023251619669674,0.990506329113924,0.9044433827042524,0.9683595703017946,0.9668753835817178,0.7686717374324978,0.9142232726642672,≥0.9,Q3 (50-75%)
https://english.newsfirst.lk/,https://newsfirst.lk,2026-01-27 20:44:01,0.9790062007780452,0.9093232218576088,0.9658522807513064,0.0017893566461297,0.9712936385144704,0.9700946421269878,0.950210970464135,0.941710463449594,0.985256847303554,0.9588805479243052,0.8294098819278615,0.912216070979444,≥0.9,Q3 (50-75%)
https://colombogazette.com/,https://colombogazette.com,2026-01-27 20:44:25,0.7662096712202044,0.8619351357287156,0.9994351080355882,1.0003592121132352,0.8505328879848734,0.905563431368843,0.99873417721519,0.9565217391304348,0.8692124052923305,0.9745088356280236,0.8572813640490728,0.8853793384712056,0.8-0.9,Q2 (25-50%)
https://economynext.com/,https://economynext.com,2026-01-27 20:44:49,0.8962300213741863,0.8991294429230478,1.0,0.0031024419029021,0.9381934851324992,0.9755102870339968,0.9953586497890295,0.9722885809842332,0.9322501512718084,0.9809747376168176,0.8702876824435231,0.8952411128788418,0.8-0.9,Q2 (25-50%)
https://adaderana.lk/,https://adaderana.lk,2026-01-27 20:46:02,0.8574651737264433,0.9516946230787112,0.8267758791131198,0.0651589768109012,0.8190034340924219,0.8135072954130228,0.9974683544303796,0.7505972288580984,0.914536354445648,0.6028741936381499,0.413609883234279,0.8077438243261892,0.8-0.9,Q1 (Bottom 25%)
https://hirunews.lk/,https://hirunews.lk,2026-01-27 20:46:47,0.982609100942036,0.917349647119089,0.9586781528032764,0.0572316519244561,0.5985337734505365,0.6111311718134842,0.8824894514767933,0.9101767797419972,0.9019536418463074,0.8835145761834329,0.6765039897054309,0.8092284729625139,0.8-0.9,Q1 (Bottom 25%)
https://www.straitstimes.com/global,https://straitstimes.com,2026-01-27 20:47:51,0.9558886175948836,0.8225547368491534,0.7479269875022998,0.2247322361511414,0.8287332182949583,0.7437123463072799,0.9972573839662447,0.8174868609651218,0.9049936132510508,0.5931362594814846,0.5056693849480186,0.8139904279660467,0.8-0.9,Q1 (Bottom 25%)
https://www.channelnewsasia.com/international,https://channelnewsasia.com,2026-01-27 20:49:24,0.7969294754626057,0.7311167484890471,0.8004524007547873,0.0738269727984652,0.8152475763659354,0.8625527265508246,0.9959915611814346,0.6765408504538939,0.9216295743673948,0.6398834005373207,0.2338860412100039,0.765727192299983,0.7-0.8,Q1 (Bottom 25%)
https://www.todayonline.com/,https://todayonline.com,2026-01-27 20:50:23,0.9565382603614582,0.8817206095571157,0.9376924163253778,0.0488821258867486,0.8819342392719228,0.8848244298106104,0.9552742616033756,0.7983755375059723,0.9599471139024846,0.79596852683673,0.5431393023544442,0.8647141772295015,0.8-0.9,Q1 (Bottom 25%)
https://www.businesstimes.com.sg/global?ref=home-redirect,https://businesstimes.com.sg,2026-01-27 20:51:42,0.8518073541469774,0.5607776559756831,0.904730970201949,1.0463166337741046,0.8186073694038615,0.8838152442460965,0.9936708860759492,0.8198757763975155,0.8860438121510601,0.699980983100989,0.3561695095242494,0.8370811754690229,0.8-0.9,Q1 (Bottom 25%)
https://www.thaipbs.or.th/home,https://thaipbs.or.th,2026-01-27 20:52:17,0.9403943301367728,0.832581304951419,0.9529444993644964,0.0026929223958934,0.8946153210619296,0.9050464414805404,0.8772151898734177,0.8657429526994744,0.9372020694735952,0.8994980726728493,0.7638846508086257,0.8616926469075734,0.8-0.9,Q1 (Bottom 25%)
https://www.bangkokpost.com/,https://bangkokpost.com,2026-01-27 20:53:31,0.8662585217534591,0.8915322243034304,0.9058042649343312,0.3327738545799343,0.8741084539011325,0.844801508534577,0.980590717299578,0.7290969899665551,0.9045005612873454,0.7416120468186214,0.4150852017435074,0.8407487086818465,0.8-0.9,Q1 (Bottom 25%)
https://www.nationthailand.com/,https://nationthailand.com,2026-01-27 20:54:11,0.8832447010900167,0.9281490888462954,0.9017087981923456,0.2483505332362089,0.8321850559930145,0.870317224233492,0.9968354430379748,0.8380315336837076,0.924519730352108,0.798122837443266,0.7168246965145717,0.8537072480537248,0.8-0.9,Q1 (Bottom 25%)
https://www.khaosodenglish.com/,https://khaosodenglish.com,2026-01-27 20:54:57,0.9387078348024332,0.865739022285068,0.9386809772630984,0.4041717277261897,0.8893411968169762,0.8958980818700347,0.9934599156118143,0.8982322025800287,0.9426391448993464,0.8263041543912706,0.6613383499761579,0.8881170788499081,0.8-0.9,Q2 (25-50%)
https://www.thaiexaminer.com/,https://thaiexaminer.com,2026-01-27 20:55:41,0.9664369636465772,0.8738495946160434,0.9285129219036858,0.3301150535779892,0.9116238985122688,0.9023220047203492,0.99915611814346,0.8451982799808887,0.9676711808300388,0.83729170906974,0.6892070326315073,0.894729919304515,0.8-0.9,Q2 (25-50%)
https://www.pattayamail.com/,https://pattayamail.com,2026-01-27 20:56:54,0.9369215300677344,0.7746635575850821,0.8776444005084029,0.0756470635110367,0.8635558601416401,0.9085145492511764,0.9976793248945148,0.7544194935499283,0.9604003292641276,0.7563010575990835,0.4216499491896947,0.8394767445135167,0.8-0.9,Q1 (Bottom 25%)
https://www.thejakartapost.com/,https://thejakartapost.com,2026-01-27 20:57:42,0.9507256467112748,0.9433397759486184,0.9641628672845336,0.0046795560850384,0.9455847783464852,0.9338376402053468,0.990295358649789,0.9135212613473483,0.9663761761100986,0.9138462956206264,0.8321477595408129,0.9014346852356298,≥0.9,Q2 (25-50%)
https://www.tempo.co/,https://tempo.co,2026-01-27 20:57:57,0.9849983327544732,0.9709864743504566,0.9957068210704704,0.0052981069958847,0.9904984511425046,0.984031139348582,1.0,0.9913999044433828,0.997791472024458,0.9813717241769584,0.9462595870041328,0.9380673220225981,≥0.9,Q4 (Top 25%)
https://www.kompas.com/,https://kompas.com,2026-01-27 20:59:01,0.9539515045622876,0.8793619343934431,0.7686414413188738,0.0088641290187409,0.856220282573309,0.8933436150364766,0.9972573839662447,0.7271858576206403,0.9418046900089376,0.6386282695700565,0.5041651386248838,0.8293269769047099,0.8-0.9,Q1 (Bottom 25%)
https://www.detik.com/,https://detik.com,2026-01-27 21:00:06,0.9398939396262168,0.8662121019616301,0.9095890410958904,0.0013392848349078,0.8537207614668015,0.9348536700671028,0.9757383966244726,0.725752508361204,0.9554488885667608,0.7412646933487823,0.4928086387783879,0.8496320909851965,0.8-0.9,Q1 (Bottom 25%)
https://tribunnews.com/,https://tribunnews.com,2026-01-27 21:00:40,0.9657534966502626,0.93284556385011,0.9487925434260698,7.493938368337688e-05,0.9198739324506608,0.8875974117413735,0.9848101265822784,0.8394648829431438,0.9669365816638976,0.8961391239751747,0.7808438150000979,0.8883669175627771,0.8-0.9,Q2 (25-50%)
https://www.liputan6.com/,https://liputan6.com,2026-01-27 21:01:20,0.9578810336400276,0.8833912933318724,0.945346702443158,0.0997538637305806,0.8969577807531117,0.9420382185810208,0.9808016877637132,0.822742474916388,0.9619949711908532,0.8640367928926039,0.7097373821074939,0.8846756916326542,0.8-0.9,Q2 (25-50%)
https://www.cnnindonesia.com/,https://cnnindonesia.com,2026-01-27 21:02:43,0.9738062357644564,0.9044796115058568,0.9350091794944216,0.0017230171585064,0.8318953086810932,0.9303805405013,0.9981012658227848,0.4390826564739608,0.9599346287535884,0.8563609377730801,0.3312495975767823,0.8516204016080042,0.8-0.9,Q1 (Bottom 25%)
https://www.antaranews.com/,https://antaranews.com,2026-01-27 21:03:32,0.9586437815474772,0.8954373959603775,0.9329755684225391,0.0253762750019921,0.9585104360998704,0.9302867502328822,0.9765822784810126,0.9546106067845198,0.9834866811188366,0.9313262884046783,0.6393476124755397,0.894289026246876,0.8-0.9,Q2 (25-50%)
https://www.rappler.com/,https://rappler.com,2026-01-27 21:04:08,0.9714338491338524,0.9215501611248867,0.967320999858777,0.0973784920415342,0.9205359392834584,0.9299108428357884,0.9943037974683544,0.822742474916388,0.967244852150593,0.9120627871880034,0.7549562210196962,0.9005362051972443,≥0.9,Q2 (25-50%)
https://www.inquirer.net/,https://inquirer.net,2026-01-27 21:04:24,0.9632760310297446,0.8830393949948574,0.9984183024996468,0.0899306180446805,0.9777236637436432,0.9760527027148654,0.9981012658227848,0.974199713330148,0.9904875771526972,0.9924424045114056,0.9406298611558248,0.924743081565617,≥0.9,Q4 (Top 25%)
https://www.abs-cbn.com/,https://abscbn.com,2026-01-27 21:05:37,0.9763191306445028,0.9464886586692864,0.8539193167435652,0.0270843462167628,0.8998048096219681,0.9056458239787716,0.9989451476793249,0.7104634495938844,0.9716527782171702,0.7891849730699454,0.6056653723802832,0.8688033350273923,0.8-0.9,Q1 (Bottom 25%)
https://www.gmanetwork.com/,https://gmanetwork.com,2026-01-27 21:06:10,0.9302440212115776,0.8857512555876801,0.9482841406580992,1.0000261407411704,0.9160559528330428,0.9057546501241716,0.9696202531645568,0.8915432393693263,0.952838887608505,0.835332491681182,0.7840967943316416,0.9250974079873439,≥0.9,Q4 (Top 25%)
https://manilabulletin.com/,https://manilabulletin.com,2026-01-27 21:06:22,0.9999783346372672,0.9998789366787806,1.0,0.0,0.9999871012633073,0.9932098620594164,1.0,0.9990444338270426,0.9999332321486613,1.0,0.9716255471789316,0.9486931463052394,≥0.9,Q4 (Top 25%)
https://www.sunstar.com.ph/,https://sunstar.com.ph,2026-01-27 21:06:39,0.9715640551192982,0.8846865302417559,1.0,0.0132134480215831,0.9829671246318212,0.9763909987003492,0.9968354430379748,0.985188724319159,0.9890428461468852,0.9991860564000736,0.930146794658246,0.9244072630527335,≥0.9,Q4 (Top 25%)
https://www.manilatimes.net/,https://manilatimes.net,2026-01-27 21:07:33,0.9857448741273408,0.9712860694655414,0.9573789012851291,0.0088867712984852,0.9518661908002012,0.987700955565826,0.999789029535865,0.9918776875298616,0.9977005870165568,0.8633213729310036,0.5854476299255436,0.9177076568145526,≥0.9,Q3 (50-75%)
https://vietnamnews.vn/,https://vietnamnews.vn,2026-01-27 21:07:52,0.9543067678099612,0.9359559208522013,1.0,0.0611445498813191,0.9724606055557554,0.9719460359713312,0.9993670886075948,0.9827998088867654,0.9557787613534076,0.993085133490346,0.9200033966852458,0.9240474864639991,≥0.9,Q4 (Top 25%)
https://vnexpress.net/,https://vnexpress.net,2026-01-27 21:08:36,0.9356534437313336,0.9157686922357255,0.9458268606129075,0.2715179991503486,0.8727859432321652,0.9261928142480192,0.9879746835443038,0.8695652173913044,0.9457852050527176,0.88280408044969,0.6823259455429238,0.8874319242166437,0.8-0.9,Q2 (25-50%)
https://news.tuoitre.vn/,https://tuoitrenews.vn,2026-01-27 21:09:12,0.9059279668402656,0.8785461861115647,0.9420028291522956,0.0149818703192847,0.9218285136818772,0.9553164263652768,0.9921940928270042,0.8690874343048256,0.9602452803956568,0.8531499503981748,0.7637073513040379,0.8750780299470646,0.8-0.9,Q1 (Bottom 25%)
https://dantri.com.vn/,https://dantri.com.vn,2026-01-27 21:10:07,0.9636879222018392,0.9650126308595144,0.95391473390487,0.0010526804588932,0.924848224696694,0.9171486851420328,0.9704641350210972,0.8939321548017201,0.9680997251299924,0.891416242323285,0.762160179837687,0.8961951244059694,0.8-0.9,Q2 (25-50%)
https://vietnamnet.vn/,https://vietnamnet.vn,2026-01-27 21:10:54,0.8595075981363338,0.9662221474824864,0.9395565598079368,0.0466244322256753,0.916046566238865,0.9162939517230088,0.9989451476793249,0.903010033444816,0.9353041358395916,0.8787094677425559,0.6765431822274977,0.8683534315580603,0.8-0.9,Q1 (Bottom 25%)
https://www.phnompenhpost.com/,https://phnompenhpost.com,2026-01-27 21:11:37,0.873177562243908,0.8862042029015724,0.9872899308007343,0.2016836174480679,0.9243441438404204,0.9611290079978516,0.99957805907173,0.961299569995222,0.9408644519727296,0.9728031378117856,0.8995066407996021,0.8933560048961803,0.8-0.9,Q2 (25-50%)
https://www.khmertimeskh.com/,https://khmertimeskh.com,2026-01-27 21:12:23,0.95736092228776,0.8636817126026659,0.9462796570046982,0.0598804274323304,0.91795349830474,0.9152191277470958,0.9978902953586498,0.9039655996177736,0.9583470729924524,0.8540960665267874,0.6747561898523096,0.8847600849356314,0.8-0.9,Q2 (25-50%)
https://www.rfa.org/english/,https://rfa.org,2026-01-27 21:12:50,0.9726793289924444,0.8913005836924751,0.961333145036012,0.030598210520378,0.9445269428342096,0.944692868529095,0.99873417721519,0.9608217869087434,0.9806464911966108,0.9301637798185446,0.8328690885778993,0.9069962238461784,≥0.9,Q3 (50-75%)
https://khmer.voanews.com/z/8027?utm_medium=referral&utm_campaign=redirect&utm_source=voacambodia,https://voacambodia.com,2026-01-27 21:13:13,0.9778406745981236,0.9169089803718138,0.9994068634373676,2.3843555733435048e-05,0.9756359949352418,0.941271170200624,0.989240506329114,0.9684663162924032,0.9960525664624236,0.9903775897921224,0.8815648640905982,0.9216946495346294,≥0.9,Q3 (50-75%)
https://www.irrawaddy.com/,https://irrawaddy.com,2026-01-27 22:14:39,0.9443617194319184,0.9467316260374792,0.9770088970484396,0.7963965256195713,0.9667719383697524,0.9161072267602796,0.9565400843881856,0.9307214524605828,0.9891172922692943,0.9524855782653652,0.7299038010214318,0.9407258108574488,≥0.9,Q4 (Top 25%)
https://www.frontiermyanmar.net/en/,https://frontiermyanmar.net,2026-01-27 22:14:59,0.9746105081095534,0.8918795990291286,0.9996610648213528,0.0023021016044073,0.9779885325850824,0.9603146016861576,0.939662447257384,0.9503105590062112,0.9842518660347472,0.9909180824212568,0.9049497355904492,0.9161074409325659,≥0.9,Q3 (50-75%)
https://www.dcnepal.com/,https://dcnepal.com,2026-01-27 22:16:20,0.4831982905857351,0.8499774669240775,0.9997457986160146,0.3742830114938206,0.6657165924771927,0.947765784355972,0.9985232067510548,0.9154323936932632,0.6227584247394047,0.9859555159324564,0.835255166647537,0.7469411099421019,0.7-0.8,Q1 (Bottom 25%)
http://www.filmykhabar.com/,https://filmykhabar.com,2026-01-27 22:16:40,0.9322941078833064,0.9396139150695352,1.0,0.0398303190817836,0.9596904752654006,0.9367779008835302,0.9993670886075948,0.967032967032967,0.983475940452754,0.9967808837410124,0.902788547945052,0.9126189078317901,≥0.9,Q3 (50-75%)
https://xnepali.com/,https://xnepali.com,2026-01-27 22:18:11,0.9943112904349778,0.9682122066503892,1.0,0.0,0.9966131577068064,0.978910054926533,1.0,0.9976110845676064,0.9994275358679195,1.0,0.9785476931001564,0.9422345211018818,≥0.9,Q4 (Top 25%)
https://mysansar.com/,https://mysansar.com,2026-01-27 22:18:32,0.981821717466304,0.932603604039927,0.998474791696088,0.0006132144017921,0.9781711159387748,0.9790897995384727,0.9989451476793249,0.9737219302436694,0.9897346036164822,0.9893663644285036,0.898329931982311,0.9293601156867034,≥0.9,Q4 (Top 25%)
https://www.ashesh.com.np/,https://ashesh.com.np,2026-01-27 22:18:57,0.9820389820483724,0.913280534426504,0.9910773759200328,0.4495502971796252,0.9531217817293776,0.9647216780197824,0.99915611814346,0.9006211180124224,0.982456481249939,0.9624464314355202,0.8555988850660627,0.9390338550151174,≥0.9,Q4 (Top 25%)
http://ww25.peoplesreview.com/?subid1=20260128-0334-1853-bb30-b74221414626,https://peoplesreview.com,2026-01-27 22:19:32,0.969548391875619,0.8732904614543622,1.0,0.0158796296296296,0.9818702654595788,0.9534943180492208,1.0,0.9913999044433828,0.9986891739669506,1.0,0.9436756800135868,0.9216171739563664,≥0.9,Q3 (50-75%)
https://sclatam.com/,https://avenuesnepal.com,2026-01-27 22:20:00,0.8353081274747431,0.7284548534603283,0.9747493291907924,0.0176470805927755,0.901819234517414,0.8876673300146187,0.8772151898734177,0.9603440038222648,0.9532331916581964,0.9711671217278508,0.8316653182572765,0.8355838406108445,0.8-0.9,Q1 (Bottom 25%)
https://swasthyakhabar.com/,https://swasthyakhabar.com,2026-01-27 22:21:01,0.9736177755315104,0.8574221534139667,0.9964976888038076,0.1527499177381966,0.972615743663245,0.9476421127157598,0.958649789029536,0.8948877209746775,0.9245177948675264,0.9767001951870128,0.7132199176397145,0.9101819872654036,≥0.9,Q3 (50-75%)
https://shikshasansar.com/,https://shikshasansar.com,2026-01-27 22:21:12,0.9947717408755216,0.9984881869569004,1.0,0.010436354084581,0.9968872924658636,0.9952306393151752,1.0,0.9952221691352128,0.9979056083142408,1.0,0.9837574990691776,0.9475199904995582,≥0.9,Q4 (Top 25%)
https://www.afternic.com/forsale/khetibaadi.com?utm_source=TDFS_DASLNC&utm_medium=parkedpages&utm_campaign=x_corp_tdfs-daslnc_base&traffic_type=TDFS_DASLNC&traffic_id=daslnc&,https://khetibaadi.com,2026-01-27 22:22:23,0.9795343924075368,0.9257608448357352,0.9788956129274172,0.0,0.972413971645764,0.948769646393014,0.958649789029536,0.9675107501194458,0.9924717671850928,0.9525578002739432,0.6149269386067806,0.9114740635028953,≥0.9,Q3 (50-75%)
https://pahilo.com/,https://pahilo.com,2026-01-27 22:23:25,0.9583457895878272,0.9520079670748846,0.9930518288377348,0.0,0.9749146880684624,0.935510181147412,0.99957805907173,0.9679885332059244,0.9733460725570258,0.980604209011118,0.8845313647489392,0.9184555801865736,≥0.9,Q3 (50-75%)
https://goalnepal.com/,https://goalnepal.com,2026-01-27 22:24:30,0.6847755302453303,0.8811483460847893,0.9755684225391894,0.1916248003146019,0.8041743149822699,0.8923820689834904,0.961603375527426,0.8795986622073578,0.8284744849874489,0.9128692272026228,0.6913252951336886,0.802424661088822,0.8-0.9,Q1 (Bottom 25%)
https://noc.org.np/,https://noc.org.np,2026-01-27 22:27:28,0.747452275288617,0.919020176688476,0.9785905945487924,0.1439704877893062,0.8388526198964606,0.9252151264022744,0.9985232067510548,0.8843764930721453,0.6492062676415202,0.9387928638402536,0.5677018158268736,0.822456666249456,0.8-0.9,Q1 (Bottom 25%)
https://nrna.org/,https://nrna.org,2026-01-27 22:29:19,0.4654640636927654,0.9015736839317608,0.8996751871204638,0.7723786755916806,0.6495809683110949,0.6771540586048843,0.990084388185654,0.8695652173913044,0.7703355332513736,0.7176383262502626,0.6151574279627448,0.7167048434359933,0.7-0.8,Q1 (Bottom 25%)
https://nrnusa.org/,https://nrnusa.org,2026-01-27 22:30:30,0.9951469587478564,0.9980629868604898,1.0,0.0,0.9971106829808232,0.998112337418364,1.0,0.9971333014811276,0.9998665406980296,1.0,0.9899555164874542,0.9476499785788884,≥0.9,Q4 (Top 25%)
https://www.hugedomains.com/domain_profile.cfm?d=nepalportal.com,https://nepalportal.com,2026-01-27 22:31:08,0.9814627993939012,0.909104469101208,0.9935890102093208,0.0088011190888272,0.9695513715382778,0.9659614661275204,0.99957805907173,0.9698996655518396,0.98936272954107,0.9738122527920372,0.9236324375975732,0.9240690409251764,≥0.9,Q4 (Top 25%)
https://www.hugedomains.com/domain_profile.cfm?d=nepworld.com,https://nepworld.com,2026-01-27 22:31:27,0.9791997420150826,0.908895947934072,0.9887840501035496,0.000513391251612,0.9702139531883897,0.9666637249888188,0.9983122362869198,0.9698996655518396,0.9893640028861896,0.9649553255289792,0.9138958953298376,0.9220438229100824,≥0.9,Q3 (50-75%)
https://nepalinformation.com/,https://nepalinformation.com,2026-01-27 22:31:42,0.9944743708318518,0.9691234793908854,1.0,0.0,0.9967102496006728,0.9338047288923697,0.99957805907173,0.9985666507405638,0.9999417126271568,1.0,0.9455998462160088,0.9372365271611569,≥0.9,Q4 (Top 25%)
https://visitnepal2020.com/,https://visitnepal2020.com,2026-01-27 22:32:08,0.9815365062886386,0.9123054673035006,0.9993503742409264,0.0004331376062016,0.98360861999379,0.95556842599199,0.99957805907173,0.972766364070712,0.9872680513526588,0.9884601892591804,0.8466872520723046,0.9247075920865293,≥0.9,Q4 (Top 25%)
https://openingparliament.org/organizations,https://welcomenepal.com,2026-01-27 22:32:22,0.9815193645486532,0.9076644855366872,1.0,0.0596140213509111,0.9889973293527652,0.9811103136719244,0.9978902953586498,0.9928332537028188,0.9373372032243976,0.99986216070116,0.9540458347214018,0.9317038233427167,≥0.9,Q4 (Top 25%)
https://nepaltourism.com/lander,https://nepaltourism.com,2026-01-27 22:32:47,0.974631874940706,0.9222292007280172,0.9995480864284706,0.0,0.98489677880936,0.9728975785178154,0.999789029535865,0.989010989010989,0.9974979914413252,0.9927005747433696,0.8535422108128436,0.9272057137375204,≥0.9,Q4 (Top 25%)
https://himalayantrekking.com/,https://himalayantrekking.com,2026-01-27 22:33:34,0.9716737690540952,0.9176722378609092,0.9583392176246291,0.0055290255457035,0.9455815226727572,0.9686352902266604,0.9972573839662447,0.9536550406115624,0.9808304449992932,0.9124825189911056,0.8509639027540212,0.9098426959708101,≥0.9,Q3 (50-75%)
https://annapurnatrekking.com/,https://annapurnatrekking.com,2026-01-27 22:34:16,0.8938830533348244,0.9019387098122954,0.9917808219178084,0.0001047933299966,0.8663368410213392,0.8592567541025169,0.9546413502109704,0.912087912087912,0.8552076463304814,0.9616300648028386,0.6954022505839219,0.8585169754939077,0.8-0.9,Q1 (Bottom 25%)
https://www.dot-map.org/articles/open-source-mapping-tools-and-gis.html?psystem=PW&domain=solukhumbu.com,https://solukhumbu.com,2026-01-27 22:36:50,0.9735668818034872,0.8547163650689696,0.9957438366813536,0.3077818988516326,0.9727807267772012,0.9501488970910524,0.999789029535865,0.9660774008600096,0.9931737559827244,0.9835586284821716,0.8847413246885827,0.9302651938282325,≥0.9,Q4 (Top 25%)
https://uppermustang.com/,https://uppermustang.com,2026-01-27 22:37:08,0.9848663300078164,0.9384756161321623,1.0,0.0008466088215095,0.9909669823725242,0.9257238863958976,0.990928270042194,0.9823220258002868,0.9953509342014252,0.999905110910807,0.9198764875661724,0.9281007225246978,≥0.9,Q4 (Top 25%)
https://www.hugedomains.com/domain_profile.cfm?d=arunvalley.com,https://arunvalley.com,2026-01-27 22:37:46,0.97919464704201,0.9115692734414212,0.9890921429090282,0.0,0.9682937863330744,0.9582212496266777,0.99873417721519,0.9698996655518396,0.9894756370528124,0.9667587262789,0.9161009412737384,0.9213165430860818,≥0.9,Q3 (50-75%)
https://www.magicalnepal.com/trip/around-kanchenjunga-circuit-trek/,https://kanchenjungatrek.com,2026-01-27 22:40:17,0.981030571078262,0.9072414551113126,0.999717554017794,0.0018139492730958,0.98747726148184,0.9579674918943,0.9092827004219408,0.8757763975155279,0.9909860854002394,0.9846076453405396,0.8423471468310513,0.9139006684525446,≥0.9,Q3 (50-75%)
https://dolpo.com.np/,https://dolpo.com.np,2026-01-27 22:41:03,0.8810542820659564,0.9033888354376683,0.9996045756249118,0.0712493564552795,0.9268752937801492,0.9412207867572452,0.990295358649789,0.9412326803631152,0.942487349427656,0.9781487779629704,0.8443151713319765,0.8882806898390166,0.8-0.9,Q2 (25-50%)
https://shuklaphanta.gov.np/404.html,https://shuklaphanta.gov.np,2026-01-27 22:41:34,0.9990900547652232,0.9949153405087856,1.0,0.0,0.9994582530589043,0.982195767426456,1.0,0.9995222169135212,0.9999949575533268,1.0,0.9812622418309254,0.9470082942589579,≥0.9,Q4 (Top 25%)
https://www.hugedomains.com/domain_profile.cfm?d=naturenepal.com,https://naturenepal.com,2026-01-27 22:45:34,0.9797295358444617,0.909511521323106,0.9918090665160288,0.0003015355835088,0.9688664081795064,0.9669492271278376,0.99915611814346,0.9698996655518396,0.9895026701696984,0.9707682201902096,0.9275834170840204,0.9229704724155385,≥0.9,Q3 (50-75%)
https://birdlifenepal.org/,https://birdlifenepal.org,2026-01-27 22:46:14,0.9421804004500368,0.9600062336853408,0.9974014969637056,0.0210072179975843,0.9655763995519496,0.967232282696058,0.999789029535865,0.9751552795031057,0.9471573108196408,0.9930131459688082,0.8968228861933143,0.918438343746898,≥0.9,Q3 (50-75%)
https://conservationnepal.org/,https://conservationnepal.org,2026-01-27 22:47:27,0.9913440690540646,0.99206709880669,0.9980228781245588,0.0380033397172969,0.9875458638428172,0.9843309793117092,0.999789029535865,0.974199713330148,0.9966038293982652,0.9916245137129585,0.6072554689898502,0.9360041670823892,≥0.9,Q4 (Top 25%)
https://www.wwfnepal.org/,https://wwfnepal.org,2026-01-27 22:47:53,0.929456763750412,0.8445890818898023,0.9761333145036012,0.05994315526777,0.9418655790791616,0.9115682685090576,0.99915611814346,0.9641662685140946,0.948223565455596,0.9521599539279862,0.848294145477043,0.8911140825766569,0.8-0.9,Q2 (25-50%)
https://nepaltrust.org/,https://nepaltrust.org,2026-01-27 22:48:17,0.9448397909178394,0.957748510043016,0.9892388080779552,0.0214601787304627,0.96674693854706,0.8959706457322679,0.9105485232067512,0.9756330625895844,0.9131163072349768,0.967547110791375,0.8636277531580308,0.9010700881657743,≥0.9,Q2 (25-50%)
https://www.dot-tech.org/articles/eight-emerging-tech-infrastructure-trends.html?psystem=PW&domain=tigernet.org,https://tigernet.org,2026-01-27 22:49:20,0.9734738834183432,0.8566180608937928,0.998757237678294,0.3690100393815793,0.9725284882977508,0.954867948431083,0.99957805907173,0.9655996177735308,0.9931656766079416,0.9760210425543956,0.8849354209883421,0.9341964184244111,≥0.9,Q4 (Top 25%)
https://mountaininstitute.org/,https://mountaininstitute.org,2026-01-27 22:50:53,0.988300850501962,0.9346266244815076,1.0,0.0128503867145317,0.9930347693336328,0.9674692390012476,0.999789029535865,0.9971333014811276,0.9992395455612084,1.0,0.9691872124132048,0.9361043142023644,≥0.9,Q4 (Top 25%)
https://www.icimod.org/,https://icimod.org,2026-01-27 22:51:24,0.941327953380684,0.875542468172265,0.9933907640163818,0.297100963685633,0.9635607009966168,0.8605975190693123,0.969831223628692,0.9536550406115624,0.9524893098061346,0.9541476614920068,0.8041736303379982,0.9063424527491635,≥0.9,Q3 (50-75%)
https://pahar.org/,https://pahar.org,2026-01-27 22:51:46,0.9765147467976624,0.9141831034016475,0.996271713034882,0.0028531660572204,0.9860113200567086,0.9466480040350148,0.99915611814346,0.965121834687052,0.9824625805730612,0.9933439290210854,0.8829748617297153,0.9230591525865788,≥0.9,Q3 (50-75%)
https://www.searchhounds.com/articles/emerging-markets-where-to-invest-in-2025.html?psystem=PW&domain=electricnepal.com,https://electricnepal.com,2026-01-27 22:55:35,0.9647729545012398,0.8470809294072629,0.9920096159187834,0.3322716538248716,0.970527647002334,0.962616377453218,0.999789029535865,0.9675107501194458,0.9932497683196304,0.9719506601748148,0.8723798165976598,0.9284572940766509,≥0.9,Q4 (Top 25%)
https://microhydro.org.np/,https://microhydro.org.np,2026-01-27 22:57:13,0.9797317439663616,0.9647699090041576,1.0,0.2554238264934043,0.987913054697797,0.9294870358862,0.9985232067510548,0.9823220258002868,0.9923843966097212,0.9958108108530608,0.9228737823489944,0.9425605853104916,≥0.9,Q4 (Top 25%)
https://nepaltech.org/,https://nepaltech.org,2026-01-27 22:59:18,0.9607206973654628,0.9696131063739336,0.9990961728569412,0.0597010967009323,0.976270194106341,0.939641258593496,0.960337552742616,0.9565217391304348,0.9830353375745192,0.9915766001942804,0.8544697671684243,0.9217258353525092,≥0.9,Q3 (50-75%)
https://nepalit.com/,https://nepalit.com,2026-01-27 23:00:50,0.9876305460649666,0.9308810476189544,1.0,0.0019487963692613,0.9926356954504292,0.9737329630623912,0.9947257383966244,0.998088867654085,0.9994460312057796,1.0,0.9750800880525328,0.9353428885075789,≥0.9,Q4 (Top 25%)
https://cloudnepal.com/,https://cloudnepal.com,2026-01-27 23:02:22,1.0,1.0,1.0,0.0,1.0,0.9902636330030176,1.0,1.0,1.0,1.0,0.9835988626703358,0.9486983405537086,≥0.9,Q4 (Top 25%)
https://cybersecurity.com.np/,https://cybersecurity.com.np,2026-01-27 23:02:56,0.9565172321920806,0.9216225256495224,0.9093348397119052,0.0145285274980503,0.9389744157513796,0.9285921975059148,0.9993670886075948,0.978021978021978,0.9786545019253584,0.8957649999015156,0.7741428268819642,0.8937381778801298,0.8-0.9,Q2 (25-50%)
https://ainepal.org/,https://ainepal.org,2026-01-27 23:03:34,0.9922438001416634,0.9761505257197804,1.0,0.9372993864052912,0.995382252263994,0.9347595825736216,0.9989451476793249,0.989010989010989,0.9980102518161578,0.9995818314438368,0.9240262291288156,0.9831928906835045,≥0.9,Q4 (Top 25%)
https://digitalmarketing.com.np/,https://digitalmarketing.com.np,2026-01-27 23:05:17,0.9576277841172864,0.7680719479548916,1.0,0.1083962008999627,0.974773186929725,0.924620721525906,0.9160337552742616,0.9928332537028188,0.9912339038273884,0.9942887163898,0.906376530024738,0.9009706927132983,≥0.9,Q2 (25-50%)
https://www.contentnepal.com/,https://contentnepal.com,2026-01-27 23:05:57,0.9866306487565292,0.957261253092692,0.9867532834345432,0.0,0.96714529093857,0.910846158322842,0.9552742616033756,0.9804108934543716,0.9865888872662936,0.95932708941241,0.8959718485712926,0.9187611004034234,≥0.9,Q3 (50-75%)
https://designnepal.com/,https://designnepal.com,2026-01-27 23:06:33,0.9857229731375364,0.9361695734353678,0.9979098997316764,0.0,0.9901714288732348,0.9697459999593746,0.999789029535865,0.9894887720974678,0.9969393240036144,0.9942636653576036,0.9479495312294416,0.9335190100532484,≥0.9,Q4 (Top 25%)
https://photographynepal.com/,https://photographynepal.com,2026-01-27 23:07:25,0.9684807008564889,0.9413080409816212,1.0,0.0,0.9812275083457552,0.9587879113850288,1.0,0.9899665551839464,0.9816779707773534,0.9977132432965626,0.9703601886093468,0.9275411463792206,≥0.9,Q4 (Top 25%)
https://www.dot-guide.org/articles/family-trees-and-ancestry-research-made-simple.html?psystem=PW&domain=archivesnepal.org,https://archivesnepal.org,2026-01-27 23:09:50,0.9622752075161356,0.8529110634474406,0.9889281174975286,0.2879205386047741,0.9711865230514052,0.9508289381600432,0.99957805907173,0.9660774008600096,0.9928869795616456,0.9608479332781196,0.8778266440096563,0.9244543365407213,≥0.9,Q4 (Top 25%)
https://www.hugedomains.com/domain_profile.cfm?d=nepaliculture.com,https://nepaliculture.com,2026-01-27 23:14:05,0.9799784291803398,0.912948892912748,0.9894647648637198,0.0,0.966843722463596,0.9714149923218088,0.99957805907173,0.9698996655518396,0.9893710572181512,0.969203019192608,0.9404534948065244,0.9234074728341588,≥0.9,Q3 (50-75%)
https://www.reddit.com/r/AskReddit/,https://reddit.com/r/AskReddit,2026-01-28 13:17:10,0.9669922980481712,0.8877274160927326,0.9608812314644825,0.0698308270903899,0.9440894692532622,0.9417835714893312,0.9278481012658228,0.9627329192546584,0.9830579903841944,0.9073146590980504,0.753481835665755,0.8992117341145265,0.8-0.9,Q2 (25-50%)
https://medium.com/@username,https://medium.com/@username,2026-01-28 13:19:25,0.970874971255966,0.8821768788687151,0.973393588476204,0.000275199868202,0.9661795506232091,0.9745621490162784,0.9993670886075948,0.9746774964166268,0.985812465079704,0.9376732273014204,0.9344533063091562,0.9151538726814853,≥0.9,Q3 (50-75%)
https://substack.com/home,https://substack.com,2026-01-28 13:19:56,0.9190580175597848,0.7797849246175097,0.9652873887868944,0.0002569181131979,0.939398290393022,0.9125494576424876,0.9609704641350212,0.917821309125657,0.9695588322022028,0.93411605889189,0.8026320578033711,0.8718214455164145,0.8-0.9,Q1 (Bottom 25%)
https://www.patreon.com/,https://patreon.com,2026-01-28 13:20:29,0.8175732868571355,0.933534926485028,0.9458551052111284,0.0003565041889724,0.7640248549257042,0.8672141470278989,0.9943037974683544,0.9622551361681796,0.6803115358529195,0.8970810974994026,0.7927406117579433,0.8200114531590093,0.8-0.9,Q1 (Bottom 25%)
https://ko-fi.com/,https://ko-fi.com,2026-01-28 13:20:56,0.9058529061007754,0.9426285595695766,0.9628583533399238,0.0626756597284711,0.9365447443888684,0.964106168638823,0.99957805907173,0.961299569995222,0.947819469381936,0.943566863667046,0.8380704961493347,0.8971447004889285,0.8-0.9,Q2 (25-50%)
https://www.gofundme.com/,https://gofundme.com,2026-01-28 13:21:31,0.8974576554405203,0.9433423656693264,0.9274461352566112,0.0017183349882692,0.8922120883781203,0.8925681730597761,0.989240506329114,0.8815097945532728,0.9553447416694404,0.8697594491242856,0.7610441261140708,0.8662196114876681,0.8-0.9,Q1 (Bottom 25%)
https://www.kickstarter.com/,https://kickstarter.com,2026-01-28 13:22:17,0.9064295253594972,0.859867991228116,0.8889680293771549,0.0535668180731532,0.9119890591839402,0.8618395328871842,0.8729957805907173,0.8437649307214525,0.9195215387886804,0.8904855632581943,0.6614176681755788,0.8430092237955643,0.8-0.9,Q1 (Bottom 25%)
https://www.indiegogo.com/en,https://indiegogo.com,2026-01-28 13:22:55,0.913281837886059,0.7774120144502145,0.9837028482076188,0.3893847554291298,0.9479327306834666,0.9375247157158147,0.99957805907173,0.9541328236980412,0.9628958437626932,0.944979804412796,0.7340516762735003,0.8992567281311307,0.8-0.9,Q2 (25-50%)
https://www.crowdfunder.co.uk/,https://crowdfunder.co.uk,2026-01-28 13:23:33,0.9516310123687024,0.9176240919397942,0.9865273266487784,0.0009599526037707,0.9708026470773724,0.930217975049999,0.99957805907173,0.9794553272814144,0.9865061516671568,0.9818834921435898,0.7300288438299306,0.909182404083418,≥0.9,Q3 (50-75%)
https://fundrazr.com/,https://fundrazr.com,2026-01-28 13:24:09,0.9216971029023828,0.9551450698403914,0.9578002376155992,0.0533049032063972,0.93118623904313,0.9234892493163132,0.9582278481012658,0.939799331103679,0.9696684162831836,0.890016471932996,0.7512823886535782,0.8901638392557029,0.8-0.9,Q2 (25-50%)
https://donorbox.org/,https://donorbox.org,2026-01-28 13:24:41,0.9742994085602198,0.98086509175848,0.9782516593701456,0.0,0.9631940009848544,0.9770011523035484,0.9989451476793249,0.9383659818442428,0.9858820215568542,0.9602158734595374,0.7975342304688265,0.9226188596284649,≥0.9,Q3 (50-75%)
https://justgiving.com/,https://justgiving.com,2026-01-28 13:25:04,0.955020932698556,0.892108230398353,0.9889020177968908,0.0004091100526386,0.9711966754234692,0.9411642884180002,1.0,0.967032967032967,0.9874420857968608,0.9645712357560848,0.8673351791144917,0.9109348749525649,≥0.9,Q3 (50-75%)
https://www.gofundme.com/c/crowdrise,https://crowdrise.com,2026-01-28 13:25:34,0.9344968310840912,0.858837894577683,0.9638186696794238,0.0005987152989344,0.913565261716192,0.9038376057316008,0.9605485232067512,0.9082656473960822,0.9656837119339604,0.904661203743914,0.8017427608145699,0.8774592187971517,0.8-0.9,Q2 (25-50%)
https://www.dot-photos.org/articles/wildlife-photography-safari-tips.html?psystem=PW&domain=razoo.com,https://razoo.com,2026-01-28 13:25:53,0.9556534897111466,0.8287792964437444,0.9978534105352352,0.3206632806887637,0.9722400840083346,0.9529958405757996,0.99957805907173,0.9665551839464884,0.992715440873878,0.9799923150780482,0.9114706247381332,0.9248044028605914,≥0.9,Q4 (Top 25%)
https://www.causes.com/,https://causes.com,2026-01-28 13:26:58,0.9355743421526936,0.9138270093497994,0.9700042366897332,1.7226843379138512,0.923346236725474,0.907448894683942,0.9989451476793249,0.9192546583850932,0.9518627985404589,0.7865180737921347,0.4777120525403754,0.9662028764675396,≥0.9,Q4 (Top 25%)
https://www.change.org/,https://change.org,2026-01-28 13:27:34,0.97969921964721,0.9229427846598676,0.92679000141223,0.0016548343974764,0.9155634506397824,0.9322503817417898,0.9658227848101266,0.9460105112279026,0.9706338347191288,0.8691751464996877,0.754195699460543,0.8932788946215399,0.8-0.9,Q2 (25-50%)
https://secure.avaaz.org/page/en/,https://avaaz.org,2026-01-28 13:27:56,0.9626483099272338,0.9088728415442416,0.9778562349950572,0.2485392534299254,0.9601479173042476,0.9693774738865232,0.99915611814346,0.9354992833253702,0.9857750223664662,0.945267871742467,0.8831400302155682,0.924966314259588,≥0.9,Q4 (Top 25%)
https://www.care2.com/,https://care2.com,2026-01-28 13:28:18,0.9767626893784812,0.8882217034941259,0.9951984183024996,0.0240534262526103,0.980176612519468,0.9529724396525168,0.9696202531645568,0.9316770186335404,0.9619535492741172,0.980563564590706,0.8860626725754059,0.9164663803080033,≥0.9,Q3 (50-75%)
https://front.moveon.org/,https://moveon.org,2026-01-28 13:28:48,0.9252073471266492,0.8488076633956014,0.9852845643270725,0.0209886684665128,0.9419828579900602,0.913853678822336,0.99873417721519,0.9445771619684664,0.9693679705022472,0.8766270274140362,0.8107691719086665,0.8879119812368493,0.8-0.9,Q2 (25-50%)
https://350.org/?r=TW&c=AS,https://350.org,2026-01-28 13:29:17,0.9139508718821242,0.8617116636346834,0.9678294026267475,0.4767358075483997,0.9354445628627032,0.897048461243393,0.9329113924050632,0.9087434304825608,0.9635526351753096,0.8705062512681845,0.8176119996304705,0.8969787346958692,0.8-0.9,Q2 (25-50%)
https://www.greenpeace.org/global/,https://greenpeace.org,2026-01-28 13:29:33,0.9825941393147484,0.9409463371082676,0.9931365626323966,0.0099225179711262,0.973771763424064,0.9737757354939132,1.0,0.9866220735785952,0.9944298982096188,0.982225178843266,0.9333176563245066,0.9302060524708146,≥0.9,Q4 (Top 25%)
https://www.unicef.org/,https://unicef.org,2026-01-28 13:30:59,0.9428815417196952,0.9426518197050824,0.9623507405898564,0.4281206023418163,0.9355125667939396,0.9657539394808112,0.9978902953586498,0.9316770186335404,0.9794316371852148,0.9416022139953748,0.8466984499357523,0.924688070713238,≥0.9,Q4 (Top 25%)
https://www.redcross.org/,https://redcross.org,2026-01-28 13:31:36,0.9708770134045552,0.859441534428157,0.9527762828371908,0.0858212522641582,0.9235160056314368,0.9468939022397772,0.9757383966244726,0.8872431915910177,0.975214922988501,0.8951547473777314,0.7527875681320004,0.8946039455247674,0.8-0.9,Q2 (25-50%)
https://www.doctorswithoutborders.org/,https://doctorswithoutborders.org,2026-01-28 13:32:29,0.949112392134243,0.873857466248748,0.983448665442734,0.0013244560722716,0.9417922678004138,0.9402814093237948,0.9968354430379748,0.9087434304825608,0.9828950085756292,0.9474440678061486,0.5836914316748365,0.893579431375886,0.8-0.9,Q2 (25-50%)
https://www.savethechildren.org/,https://savethechildren.org,2026-01-28 13:32:55,0.93814867038176,0.8367914017016269,0.9783363931648072,0.0170604960017405,0.95258805773498,0.9469610369944028,0.99915611814346,0.9526994744386048,0.982390490139123,0.9475387614894742,0.8463709124299084,0.8966183854130715,0.8-0.9,Q2 (25-50%)
https://www.amnesty.org/en/,https://amnesty.org,2026-01-28 13:33:13,0.9587400388665058,0.8939287941596491,0.9943793249541024,0.0759993029571271,0.9705099212867616,0.9604904234168254,0.9985232067510548,0.9746774964166268,0.9811398423964192,0.9819522750089028,0.917386829259644,0.9197616157362369,≥0.9,Q3 (50-75%)
https://www.hrw.org/,https://hrw.org,2026-01-28 13:33:39,0.9728311288123672,0.948183955432604,0.9738455020477332,0.0,0.963044746338078,0.974717761562006,0.9964135021097048,0.9737219302436694,0.9864457123410616,0.953112674774916,0.8568045216972602,0.9203496209620337,≥0.9,Q3 (50-75%)
https://www.aclu.org/,https://aclu.org,2026-01-28 13:34:07,0.9473387185672216,0.907259047607011,0.9814150543708516,0.0,0.9380944273286252,0.9415220175320148,0.9981012658227848,0.941710463449594,0.9747755043212272,0.9434997222110189,0.8268511701300725,0.9015537662341069,≥0.9,Q2 (25-50%)
https://www.eff.org/,https://eff.org,2026-01-28 13:34:26,0.966895325744306,0.8658618400889178,1.0,0.0005220062075764,0.9802649328600868,0.961006033834348,0.99915611814346,0.9784997611084568,0.9857131823607396,0.997466914660161,0.9059584764560256,0.9180459740803634,≥0.9,Q3 (50-75%)
https://www.mozillafoundation.org/en/,https://mozilla.org/foundation,2026-01-28 13:34:46,0.9044732110049596,0.8982947200498284,0.9917525773195875,1.3508131914271702,0.9431269665987752,0.9450435372140942,0.9993670886075948,0.9550883898709984,0.954705847122478,0.976105731457312,0.8980229238927879,0.9620484293120936,≥0.9,Q4 (Top 25%)
https://www.wikimedia.org/,https://wikimedia.org,2026-01-28 13:35:00,0.9933270682783024,0.9705816129436886,1.0,7.976641676985766e-05,0.996027189098632,0.9812458075345194,0.99957805907173,0.9904443382704252,0.9984846811074912,0.99977551773957,0.9577747232494708,0.9415969861236656,≥0.9,Q4 (Top 25%)
https://archive.ph/,https://archive.today,2026-01-28 13:35:54,0.9743438449878518,0.8819629404838871,0.9783646377630278,0.0206493162533206,0.9746798047189568,0.939402389147895,0.8618143459915611,0.9412326803631152,0.9752564786064746,0.950674244037229,0.5869826703731595,0.8960694787214214,0.8-0.9,Q2 (25-50%)
https://perma.cc/,https://perma.cc,2026-01-28 13:36:17,0.9955422013062653,0.9791460029984074,0.9938146942661484,0.0011206013625091,0.9887582378976698,0.9721286527623234,0.999789029535865,0.9861442904921166,0.9918401943725672,0.9894339357774388,0.879921577629655,0.9379445978209361,≥0.9,Q4 (Top 25%)
https://bitly.com/,https://bit.ly,2026-01-28 13:36:47,0.908495031945642,0.7920934641873386,0.981574079468262,0.1387906468441462,0.9452395682404948,0.9454288620928628,0.9132911392405064,0.9388437649307214,0.9741974693042492,0.9547957445917128,0.8045067667755659,0.8816085608489365,0.8-0.9,Q2 (25-50%)
https://tinyurl.com/,https://tinyurl.com,2026-01-28 13:37:13,0.8802876665230344,0.4770034466941043,0.9744673165211172,0.0024618573842223,0.9200508883021924,0.8926592281772856,0.999789029535865,0.9761108456760632,0.9585974699434684,0.8858950886220323,0.83956074514316,0.8332195793735593,0.8-0.9,Q1 (Bottom 25%)
https://t.co/,https://t.co,2026-01-28 13:37:24,0.9998808405049696,0.9993341517332932,1.0,0.0,0.99992905694819,0.9990364647429548,0.999789029535865,0.9995222169135212,0.9999746476986716,1.0,0.9878083261713664,0.94951579378688,≥0.9,Q4 (Top 25%)
https://goo.gl/,https://goo.gl,2026-01-28 13:37:34,0.999285043029818,0.99600491039976,1.0,0.0,0.9995743416891392,0.9910075953377304,1.0,0.9995222169135212,0.999950670610072,1.0,0.9844069751491415,0.9481257175885011,≥0.9,Q4 (Top 25%)
https://www.hootsuite.com/pages/owly,https://ow.ly,2026-01-28 13:38:23,0.950783029395216,0.8835771356353909,0.7930935647933837,0.1491141377112579,0.8977511269149979,0.8619267134292241,0.9955696202531644,0.912087912087912,0.9756387240778848,0.7559958336342593,0.6593945875127025,0.8567909963869099,0.8-0.9,Q1 (Bottom 25%)
https://buffer.com/,https://buff.ly,2026-01-28 13:38:43,0.9739846415349364,0.929025189783321,0.9854333448611872,0.0207504838803426,0.967410290942018,0.9752462330518266,0.9964135021097048,0.9684663162924032,0.9917414910256324,0.9676475494072012,0.8964178967986242,0.9232900736173612,≥0.9,Q3 (50-75%)
https://is.gd/,https://is.gd,2026-01-28 13:38:56,0.9905113709644398,0.9990099624138667,0.9967801158028528,0.0043611662726556,0.99435082952386,0.993334603049142,0.999789029535865,0.9923554706163402,0.9979045005039868,0.9849774314039428,0.9663074951965832,0.9443692191397434,≥0.9,Q4 (Top 25%)
https://tiny.cc/,https://tiny.cc,2026-01-28 13:39:11,0.9896672361959508,0.9422618158337692,0.9999152662053382,0.1474247780404518,0.970830795868466,0.983564901677271,1.0,0.8972766364070712,0.9967501303857652,0.9949857291186944,0.9385507911757104,0.9374144300907864,≥0.9,Q4 (Top 25%)
https://short.link/,https://short.link,2026-01-28 13:39:21,0.9991767162161542,0.9992736200726836,1.0,0.0,0.9995098480056752,0.9912863393743704,1.0,0.9971333014811276,0.9998892253413328,1.0,0.9874798555102352,0.9484071503826984,≥0.9,Q4 (Top 25%)
https://www.rebrandly.com/,https://rebrand.ly,2026-01-28 13:40:12,0.9174251451111756,0.8402301195025269,0.954006708901679,0.0,0.9112068075176668,0.8467156477681448,0.99873417721519,0.904921165790731,0.9733119150741965,0.6421987646597387,0.6115741116594954,0.85793640540596,0.8-0.9,Q1 (Bottom 25%)
https://short.io/,https://short.io,2026-01-28 13:41:17,0.9155483262231272,0.9694920080847778,0.9692133879395566,0.0234289926046079,0.949230518381692,0.9766980490058852,0.9978902953586498,0.9531772575250836,0.975459481652144,0.94812247789647,0.8323315911324118,0.9050298974196245,≥0.9,Q3 (50-75%)
https://tinyurl.com/,https://tiny.one,2026-01-28 13:41:42,0.9008685932688418,0.5968623843537615,0.9832896480289643,0.0024618573842223,0.931822042788261,0.9172763915285912,0.99957805907173,0.9756330625895844,0.958583119343972,0.9327979681541588,0.8536504568261709,0.8570847328999279,0.8-0.9,Q1 (Bottom 25%)
https://zap.link/invitation,https://zap.link,2026-01-28 13:41:55,0.9888879694956884,0.9379073715526828,1.0,0.0154536380351983,0.9933843177534216,0.9729268853827736,0.999789029535865,0.9952221691352128,0.9981917162291318,1.0,0.9637151898084512,0.9370797292058529,≥0.9,Q4 (Top 25%)
https://vo.la/,https://vo.la,2026-01-28 13:42:32,0.9738715725442626,0.9318413501534843,1.0,0.0100308354227591,0.9843667311283824,0.9729650901028692,0.9858649789029535,0.9899665551839464,0.994111600130108,0.9972553682681506,0.9371949165432568,0.9290264188231229,≥0.9,Q4 (Top 25%)
https://clicky.me/,https://clicky.me,2026-01-28 13:42:46,0.9938409772902598,0.986458725517729,1.0,0.0298851871450431,0.9963331510670986,0.977379319455324,1.0,0.9942666029622552,0.9994309929999188,1.0,0.9556788564741848,0.9446497618051578,≥0.9,Q4 (Top 25%)
https://www.dot-consulting.org/articles/privacy-focused-search-tools-and-techniques.html?psystem=PW&domain=1url.com,https://1url.com,2026-01-28 13:43:05,0.95821103526435,0.8355734664434987,0.9997740432142352,0.32519550358848,0.9730438843742698,0.9580888062231352,0.999789029535865,0.9646440516005732,0.992895211737843,0.9840192782739002,0.911926004518338,0.9273050489527013,≥0.9,Q4 (Top 25%)
https://www.afternic.com/forsale/x.co,https://x.co,2026-01-28 13:43:59,0.9837277031011352,0.9090724521559208,0.971190509814998,0.0064179278650909,0.964238041091186,0.935988300234863,0.9548523206751056,0.9584328714763496,0.981321516911338,0.913443407803291,0.5850081137852232,0.9050205716648307,≥0.9,Q3 (50-75%)
https://yourls.org/,https://yourls.org,2026-01-28 13:44:13,0.9896439566137292,0.9953995937936632,0.9960457562491174,0.0,0.9938344038608636,0.9946881082855996,0.99957805907173,0.9827998088867654,0.9981172764734484,0.9907665647117012,0.9632560774070974,0.9431851643603788,≥0.9,Q4 (Top 25%)
https://winna.com/polr,https://polr.me,2026-01-28 13:44:42,0.9230390344072008,0.8136475016567927,0.9776867674057336,0.20294109753962,0.91897714284871,0.9426385159619728,1.0,0.8939321548017201,0.9617133900178618,0.9132889980868978,0.8127334637884425,0.8897812728091143,0.8-0.9,Q2 (25-50%)
https://kutt.it/,https://kutt.it,2026-01-28 13:44:56,0.994664593962404,0.9905570609448876,1.0,0.0,0.9968235012505126,0.9831899050063232,0.999789029535865,0.9956999522216914,0.9991668502883384,0.9999232054941252,0.959194985596748,0.9445245285583868,≥0.9,Q4 (Top 25%)
https://discord.com/,https://discord.gg,2026-01-28 13:45:43,0.9569072321832648,0.8705812904871526,0.9357434685733312,0.0006995199604068,0.9465718853165253,0.9503356596434064,0.99915611814346,0.9426660296225512,0.9181120985428544,0.9199222456605048,0.7373961048231998,0.891210763728138,0.8-0.9,Q2 (25-50%)
https://invite.gg/,https://invite.gg,2026-01-28 13:45:54,0.9991767162161542,0.9989104301090256,1.0,0.0005994221171526,0.9995098480056752,0.9968517391378322,0.999789029535865,0.9971333014811276,0.9998912690602496,1.0,0.9825471966615436,0.9488418934031884,≥0.9,Q4 (Top 25%)
https://discord.com/,https://discordapp.com,2026-01-28 13:46:24,0.9555642584988306,0.8705828484144069,0.9665301729060825,0.0027581394043961,0.9508989693546248,0.9558931636211192,0.9993670886075948,0.9426660296225512,0.9181156511757378,0.9445734383710218,0.8086154495055676,0.8987353562156573,0.8-0.9,Q2 (25-50%)
https://www.guilded.gg/,https://guilded.gg,2026-01-28 13:46:47,0.8744925536889828,0.9593227240702856,0.8313797486230758,0.0,0.9252776183388776,0.9865256638902586,0.999789029535865,0.9866220735785952,0.9735945467569111,0.8866613141091477,0.8687899682073994,0.8702073950852136,0.8-0.9,Q1 (Bottom 25%)
https://teamspeak.com/en/,https://teamspeak.com,2026-01-28 13:47:10,0.9735790363158618,0.9227091118328872,0.9852951759863426,0.0052885993366676,0.9543700398044396,0.9409463779230244,0.99915611814346,0.9632107023411371,0.9791226918256064,0.952082065149254,0.8725263219777666,0.9150925133506943,≥0.9,Q3 (50-75%)
https://www.mumble.info/,https://mumble.info,2026-01-28 13:47:24,0.9923521269553272,0.966949713307107,1.0,0.0,0.995446745947458,0.9495907687155162,0.99957805907173,0.99617773530817,0.9991911648133944,1.0,0.9507163366562992,0.9378544192969398,≥0.9,Q4 (Top 25%)
https://www.fandom.com/,https://curse.com,2026-01-28 13:51:02,0.971518083781432,0.9239613659875896,0.992486936873323,0.1122820350965787,0.9505668978976616,0.9614849124975188,0.9993670886075948,0.862876254180602,0.96908957905878,0.9402194048343724,0.8373454344910991,0.9172756229690379,≥0.9,Q3 (50-75%)
https://www.twitch.tv/directory,https://twitch.tv/directory,2026-01-28 13:51:38,0.8962264106798536,0.920823132946018,0.8623640728710634,0.401193451071491,0.9161928056534844,0.8975350469640269,0.9890295358649788,0.8905876731963689,0.9704451313391506,0.7647240665930707,0.7549515552432596,0.8766928124805703,0.8-0.9,Q1 (Bottom 25%)
https://www.facebook.com/gaming/,https://mixer.com/browse,2026-01-28 13:52:33,0.912427624158468,0.7549623635478502,0.9572376782940264,0.0,0.9475157470090824,0.8995414162556716,0.8276371308016878,0.9479216435738176,0.962388192897193,0.9061698542835024,0.5838528675395401,0.8516941161748718,0.8-0.9,Q1 (Bottom 25%)
https://dlive.tv/,https://dlive.tv,2026-01-28 13:54:18,0.8231837059316505,0.9017629917789832,0.964891964411806,0.0224796930362198,0.8931485756219969,0.86962572667959,0.999789029535865,0.7424749163879598,0.9379187781408078,0.9235425301651948,0.7632193110887776,0.8436989709547508,0.8-0.9,Q1 (Bottom 25%)
https://trovo.live/,https://trovo.live,2026-01-28 13:55:02,0.8969530692436481,0.935930026485288,0.924360965965259,0.0242868400315208,0.9339481112040782,0.8900429280906582,0.9993670886075948,0.8389870998566651,0.9662178483779452,0.8553535423644612,0.6816988651898552,0.8696948795145616,0.8-0.9,Q1 (Bottom 25%)
https://streamlabs.com/,https://streamlabs.com,2026-01-28 13:55:51,0.8897647762257279,0.9223127634868654,0.9363363812773622,0.6243332916520737,0.9203992559934948,0.920951010633293,0.99957805907173,0.9455327281414238,0.7681659187026824,0.8864581310882615,0.8160023067598702,0.8990579809981455,0.8-0.9,Q2 (25-50%)
https://forsale.godaddy.com/forsale/obs.live?utm_source=TDFS_BINNS2&utm_medium=parkedpages&utm_campaign=x_corp_tdfs-binns2_base&traffic_type=TDFS_BINNS2&traffic_id=binns2&,https://obs.live,2026-01-28 13:56:45,0.9848315674370972,0.9251435499097824,0.9774325660217484,0.0,0.9605388423609204,0.9382420743389404,0.9970464135021097,0.9555661729574771,0.9899725408855042,0.9541672802410902,0.5898175961359906,0.9117071247029767,≥0.9,Q3 (50-75%)
https://www.xsplit.com/,https://xsplit.com,2026-01-28 13:57:21,0.965543430232468,0.8995928748605247,0.9880242903544696,0.0023912554919546,0.963361539329238,0.9005893671177421,0.9856540084388186,0.8456760630673674,0.9790018322735928,0.9324346695655518,0.7761089850723148,0.9002418285645988,≥0.9,Q2 (25-50%)
https://streamelements.com/,https://streamelements.com,2026-01-28 13:57:43,0.9485006538929116,0.9352260548887764,0.9784493715576896,0.3027145851930843,0.9684065635431426,0.9549134819259286,0.999789029535865,0.95078834209269,0.9450944344255882,0.96397470072419,0.8777837188664402,0.9259568384948905,≥0.9,Q4 (Top 25%)
https://nightbot.tv/,https://nightbot.tv,2026-01-28 13:58:01,0.9755227710290748,0.9106569759329206,0.9818782458692276,0.0,0.983287044859747,0.9639910777211816,1.0,0.990922121356904,0.9870900122380564,0.9618639265449024,0.929752069971716,0.9230730970061559,≥0.9,Q3 (50-75%)
https://moo.bot/,https://moobot.tv,2026-01-28 13:58:14,0.9666466928115174,0.9156741303800452,0.9983618133032056,0.0,0.9801427036988508,0.9824472594764392,0.999789029535865,0.9875776397515528,0.9893628377754052,0.993578611467792,0.9613001839249072,0.9264078071106376,≥0.9,Q4 (Top 25%)
https://wizebot.tv/en/index,https://wizebot.tv,2026-01-28 13:58:45,0.9735764263245188,0.9321050618135992,0.9999717554017794,0.3912519847570657,0.9789927029473868,0.8941905305942937,0.999789029535865,0.9569995222169136,0.9744449948620206,0.972081660268297,0.7978655005958196,0.9350707800754562,≥0.9,Q4 (Top 25%)
http://ww12.phantombot.tv/?usid=104&utid=661578eabe5c0160f22241c7fdb798a8,https://phantombot.tv,2026-01-28 13:59:07,0.9888749773291566,0.9462250910027769,1.0,0.1,0.9933765827093683,0.9768061125195168,1.0,0.9942666029622552,0.9996305198134124,0.9949423490161392,0.8736908997763226,0.9406569019777997,≥0.9,Q4 (Top 25%)
https://www.boldcontenthub.com/essential-features-for-forum-and-chat-providers-in-live-streaming/?cmp=cid-98137&dark=true&ra=organic&rp=botisimo.com,https://botisimo.com,2026-01-28 13:59:31,0.9687376461060294,0.8881060737776615,0.9996610648213528,0.0146464243498817,0.9811737396721596,0.9682360726771488,0.9993670886075948,0.9718107978977544,0.9954120165668058,0.9822632439062288,0.866457079989138,0.9212888542086065,≥0.9,Q3 (50-75%)
https://deepbot.tv/,https://deepbot.tv,2026-01-28 14:03:58,0.9666800000605644,0.9177492136537028,0.9927128936590875,0.0391656656075868,0.9801625335738784,0.9635153188322528,0.999789029535865,0.985188724319159,0.9881755516858456,0.9815334420727904,0.8912155560719015,0.9240587239950242,≥0.9,Q4 (Top 25%)
https://streamlabs.com/cloudbot,https://ankhbot.com,2026-01-28 14:04:23,0.9108572405385776,0.9040301286929971,0.9272136703855388,0.6419227738376675,0.9304650465769349,0.9191724088627308,0.999789029535865,0.961299569995222,0.9738310451459482,0.904178590332694,0.851392221030894,0.9132822733222594,≥0.9,Q3 (50-75%)
https://www.muxy.io/,https://muxy.io,2026-01-28 14:06:07,0.9679009528256172,0.8935861654428581,0.9987289930800736,0.0004199663163097,0.9650562989862485,0.957654391886909,0.9924050632911392,0.895843287147635,0.8355604150083866,0.9787220206154752,0.8801259386375746,0.9075135983997378,≥0.9,Q3 (50-75%)
http://ww1.streamhub.gg/?usid=106&utid=076d3e8ccf6930a8fde1725d396104c1,https://streamhub.gg,2026-01-28 14:06:24,0.9916126519441016,0.9896553065718448,1.0,0.0,0.995006490523244,0.983110807192792,0.99915611814346,0.9971333014811276,0.9998096985718968,1.0,0.9422796797037792,0.9430865509886489,≥0.9,Q4 (Top 25%)
https://www.pretzel.rocks/,https://pretzel.rocks,2026-01-28 14:09:36,0.9143220571162556,0.7466680674937783,0.9034599632820224,0.0286426628937521,0.9330832564561706,0.9014873725986854,1.0,0.9479216435738176,0.9523821960146858,0.8805339332449788,0.8014600147625166,0.859961706937417,0.8-0.9,Q1 (Bottom 25%)
https://www.monstercat.com/,https://monstercat.com,2026-01-28 14:10:03,0.920310307694594,0.8736558614177411,0.9629430871345854,0.0015205962698337,0.944296429563266,0.9425838172394956,0.9609704641350212,0.9307214524605828,0.938901730539048,0.9095397847909203,0.838405498897477,0.8844849722320967,0.8-0.9,Q2 (25-50%)
https://www.epidemicsound.com/,https://epidemicsound.com,2026-01-28 14:10:29,0.958532407337406,0.9578693715072956,0.997034317186838,0.0,0.9717898188860088,0.972889688116648,0.989662447257384,0.9641662685140946,0.983932180009056,0.9655697206571516,0.848692602784722,0.921414808398027,≥0.9,Q3 (50-75%)
https://artlist.io/,https://artlist.io,2026-01-28 14:11:24,0.7660140502404856,0.9510900742848464,0.8197712187544133,0.0008584559761689,0.8522986629217574,0.8356177356266639,0.990295358649789,0.8385093167701864,0.9212565288144726,0.7248729549212739,0.5963478168365477,0.7970663765520324,0.7-0.8,Q1 (Bottom 25%)
https://splice.com/,https://splice.com,2026-01-28 14:28:23,0.9634287404424176,0.9227612494026072,0.9765287388786894,0.0009650586638648,0.9531460692013888,0.9484353318080748,0.9063291139240506,0.8934543717152412,0.9720883195485552,0.9424799771515828,0.7878835384875232,0.8992116244541356,0.8-0.9,Q2 (25-50%)
https://www.loopmasters.com/,https://loopmasters.com,2026-01-28 14:29:00,0.9487610032730552,0.948183431339274,0.9594981999934568,0.0098133786064246,0.9575205456297756,0.9449007099970834,0.9964135021097048,0.9125656951743908,0.977232468296301,0.9418828559020858,0.7578051441118369,0.9038409124335882,≥0.9,Q3 (50-75%)
https://www.native-instruments.com/en/,https://native-instruments.com,2026-01-28 14:29:36,0.9672847485110364,0.9027247200016149,0.9306312667702302,0.0378955270246998,0.9550744275364728,0.927300237635058,0.9983122362869198,0.9679885332059244,0.987942446761552,0.8758889012906481,0.766652389390771,0.900527357303948,≥0.9,Q2 (25-50%)
https://www.ableton.com/,https://ableton.com,2026-01-28 14:29:58,0.9772295889082988,0.9163446032167136,0.9997457986160146,8.899943681442901e-05,0.9798005058457544,0.9368187284957205,0.9493670886075948,0.9794553272814144,0.993759577505108,0.9910270798140736,0.8929745537884706,0.9191181219915435,≥0.9,Q3 (50-75%)
https://www.steinberg.net/,https://steinberg.net,2026-01-28 14:30:37,0.878773380581185,0.9536267884531116,0.9413642140940544,0.0018689198260514,0.9235504758571276,0.8551660876433382,0.971518987341772,0.9503105590062112,0.9414026121872918,0.9124717325872276,0.7709644999734051,0.8674620527252157,0.8-0.9,Q1 (Bottom 25%)
https://www.image-line.com/,https://image-line.com,2026-01-28 14:31:56,0.9756812510023618,0.946433710108962,0.7306312667702303,0.31501941241499,0.707436067961811,0.9021776013181104,0.9974683544303796,0.967032967032967,0.9532942039895952,0.7751132103433185,0.3652528430908717,0.83966039098787,0.8-0.9,Q1 (Bottom 25%)
https://www.presonus.com/,https://presonus.com,2026-01-28 14:33:07,0.8570200931968365,0.7932229200090276,0.8349672557287743,0.1736049658372886,0.8462945339683884,0.7382374879895652,0.9957805907172996,0.707596751075012,0.8693920870221372,0.6660076408383884,0.4340991738776242,0.7930147179210975,0.7-0.8,Q1 (Bottom 25%)
https://www.avid.com/,https://avid.com,2026-01-28 14:33:34,0.9343206295512614,0.9481838376658364,0.9632371253848871,0.0452171959327675,0.9556718294504264,0.9383430190600104,0.9983122362869198,0.956043956043956,0.8959471583167623,0.9445401412112224,0.8411807027219207,0.9019890864383806,≥0.9,Q2 (25-50%)
https://www.reaper.fm/,https://reaper.fm,2026-01-28 14:33:58,0.9844875974282,0.91331864605283,1.0,0.0616856439610658,0.990764502828154,0.9139184273108534,1.0,0.989010989010989,0.993181873557861,0.9999104650315728,0.8895489407287757,0.9276214669336555,≥0.9,Q4 (Top 25%)
https://lmms.io/,https://lmms.io,2026-01-28 14:34:16,0.9493987097828688,0.7753667542173779,0.9598490300402274,0.0124102717814332,0.96202129231925,0.9394081951218052,1.0,0.9808886765408504,0.9817130132350408,0.9496928766901436,0.9236371033740096,0.8936989015149475,0.8-0.9,Q2 (25-50%)
https://www.bandlab.com/,https://bandlab.com,2026-01-28 14:35:29,0.9288143930409652,0.8259908709037751,0.9616351378873595,9.95767005324148e-05,0.9450046563147056,0.9357318608266232,1.0,0.9192546583850932,0.9708888220793002,0.8992908642910944,0.8234946105616382,0.8844382681142479,0.8-0.9,Q2 (25-50%)
https://www.soundtrap.com/musicmakers,https://soundtrap.com,2026-01-28 14:35:57,0.9694414777361056,0.9346524684649372,0.9728004519135716,0.0,0.9456514444440022,0.9655582528044134,0.9911392405063292,0.934065934065934,0.9423403226334376,0.9421776842747676,0.8434566684676563,0.9102093025779272,≥0.9,Q3 (50-75%)
https://www.cakewalk.com/,https://cakewalk.com,2026-01-28 14:36:16,0.976178295530425,0.9309325361673944,0.988702160711764,0.0125315791311541,0.9645687655464588,0.974919824678768,0.9978902953586498,0.963688485427616,0.967634928694488,0.9653878759569808,0.9162913049523485,0.9229647716742764,≥0.9,Q3 (50-75%)
https://www.steinberg.net/cubase/,https://cubase.com,2026-01-28 15:05:03,0.919381302238412,0.9577478125139212,0.9482377857574652,0.019900548650787,0.9284013773951848,0.8345355397349465,0.9924050632911392,0.9531772575250836,0.9651364664019708,0.8890802824224461,0.7946666442709398,0.8813644552441676,0.8-0.9,Q2 (25-50%)
https://reason.com/,https://reason.com,2026-01-28 15:06:44,0.929444239143644,0.8144594532029723,0.8801299251518147,0.0042310487458451,0.8252806244242838,0.9152766330704788,0.9978902953586498,0.4123268036311515,0.954304609708611,0.7610299968328622,0.3533093885686611,0.8181410711572762,0.8-0.9,Q1 (Bottom 25%)
https://www.bitwig.com/,https://bitwig.com,2026-01-28 15:07:17,0.8856119374665012,0.8639277999151125,0.9928823612484112,0.0042914032610145,0.9247595329629974,0.8894245344075874,0.99957805907173,0.9517439082656474,0.9613438843643718,0.9321761085218532,0.7824441763178253,0.87538123422139,0.8-0.9,Q1 (Bottom 25%)
https://renoise.com/,https://renoise.com,2026-01-28 15:07:40,0.909621773442906,0.9222537791787028,0.984832650755543,0.0012681365451922,0.9353731487000017,0.9288817558962432,0.99957805907173,0.9569995222169136,0.9710651421779914,0.940726795709575,0.8834778324295725,0.8941861974781301,0.8-0.9,Q2 (25-50%)
https://jeskola.net/,https://jeskola.net,2026-01-28 15:07:54,0.9971185067565398,0.9838985782778212,1.0,6.78317718822053e-05,0.9982844680198636,0.9755278634643628,1.0,0.9976110845676064,0.99932435671289,1.0,0.9637497165540816,0.9441207446372285,≥0.9,Q4 (Top 25%)
https://milkytracker.org/,https://milkytracker.org,2026-01-28 15:08:11,0.9941596067184328,0.9727162935566382,0.9870074848185284,0.0,0.9766975028978424,0.96579504886591,0.99957805907173,0.9823220258002868,0.992311675869949,0.9744876927131744,0.9286266846952268,0.9339606644200346,≥0.9,Q4 (Top 25%)
https://schismtracker.org/,https://schismtracker.org,2026-01-28 15:08:22,0.999891673186336,0.999394683393903,1.0,0.0,0.9999355063165364,0.9801343169984696,1.0,0.9990444338270426,0.999967873502636,1.0,0.9835270097132134,0.9475471767707531,≥0.9,Q4 (Top 25%)
https://famitracker.com/,https://famitracker.com,2026-01-28 15:08:57,0.9946564890585324,0.9958065572276912,1.0,0.0015365349851055,0.9968186758976096,0.9754792386266358,0.99957805907173,0.9947443860487338,0.9997087032037472,1.0,0.9499026252457696,0.9441347507847155,≥0.9,Q4 (Top 25%)
https://www.deflemask.com/,https://deflemask.com,2026-01-28 15:09:24,0.9499084441810748,0.886590803243416,0.9775455444146308,0.1488709994648692,0.942720538513953,0.908661574004878,0.9993670886075948,0.9292881032011466,0.9691445239006848,0.9474128419485436,0.842744670983443,0.9041756336139496,≥0.9,Q3 (50-75%)
https://littlesounddj.com/lsd/index.php,https://littlesounddj.com,2026-01-28 15:11:21,0.991345072365095,0.9736103460587582,1.0,0.0,0.9948471837728086,0.9595703858414992,0.9890295358649788,0.9971333014811276,0.9998922431692658,1.0,0.9543799043142568,0.9384724015887199,≥0.9,Q4 (Top 25%)
https://nanoloop.com/,https://nanoloop.com,2026-01-28 15:11:35,0.999891673186336,0.999394683393903,1.0,0.0003129906896652,0.9999355063165364,0.968696678817236,1.0,0.9990444338270426,0.9999452270596864,1.0,0.9599051167703868,0.9459457187705385,≥0.9,Q4 (Top 25%)
https://lgpt.org/,https://lgpt.org,2026-01-28 15:11:54,0.9831359765910408,0.9329472663353358,1.0,0.0001228352103581,0.9899340014824176,0.9672216277472748,0.999789029535865,0.9842331581462016,0.995884313005064,0.9978018012356528,0.9105887929916304,0.9316527586323672,≥0.9,Q4 (Top 25%)
https://piggy.com/,https://piggy.com,2026-01-28 15:12:19,0.9766141305875254,0.9010047135658176,0.9973450077672644,0.4474720536508124,0.986076938770742,0.9330044653454314,1.0,0.987099856665074,0.9732593959547444,0.9849494102025624,0.8812737196409591,0.943180177902911,≥0.9,Q4 (Top 25%)
https://www.hugedomains.com/domain_profile.cfm?d=nitrotracker.com,https://nitrotracker.com,2026-01-28 15:12:36,0.9687313429667912,0.8751402245290653,0.9668984573200056,0.0097992287648149,0.9665048384138024,0.961809113290106,1.0,0.9808886765408504,0.986389818857043,0.9374028246621589,0.9307281504022366,0.9124319846391304,≥0.9,Q3 (50-75%)
https://www.korg.com/us/microgranny/,https://korg.com/microgranny,2026-01-28 15:12:47,0.9832719207704198,0.9392732262239584,1.0,0.0026182120654933,0.9900407349731848,0.9849844321388596,1.0,0.99617773530817,0.999804305955316,1.0,0.9794528537288418,0.9363091056032554,≥0.9,Q4 (Top 25%)
https://polyend.com/,https://polyend.com,2026-01-28 20:41:26,0.9142476977499188,0.928330339287456,0.9995480864284706,0.5160053268621461,0.94801760852137,0.9353613828543728,0.9981012658227848,0.9316770186335404,0.9201360169429772,0.9846147581141114,0.8636753440776833,0.9237526419699652,≥0.9,Q3 (50-75%)
https://www.elektron.se/,https://elektron.se,2026-01-28 20:41:58,0.964803601207072,0.9134371995257556,0.9337664171727156,0.0010286266598976,0.9479978934751688,0.8948063037355936,0.9322784810126582,0.9364548494983278,0.9870581404097164,0.965183481419716,0.7797725527302724,0.8907632473184146,0.8-0.9,Q2 (25-50%)
https://www.arturia.com/,https://arturia.com,2026-01-28 20:42:53,0.9770897722082852,0.9280723863794564,0.990481570399661,0.0105595222159845,0.9578211159649616,0.8792957053802515,0.8837552742616034,0.9546106067845198,0.9812625673990326,0.9575158333466208,0.5834861375116295,0.8967380196189702,0.8-0.9,Q2 (25-50%)
https://www.moog.com/,https://moog.com,2026-01-28 20:43:52,0.9771801238611256,0.9141734882050354,0.9872391249165882,0.0071419744340014,0.9660900750603858,0.9194190156730816,0.961603375527426,0.9584328714763496,0.9284178090328544,0.9630359709373636,0.8389933867284789,0.9094536444872184,≥0.9,Q3 (50-75%)
https://www.behringer.com/,https://behringer.com,2026-01-28 20:44:11,0.9586518846491112,0.9430550826412976,0.9897472108459258,0.4822539199894466,0.9749640178493654,0.9640352641241196,0.9651898734177216,0.9827998088867654,0.9891932664058468,0.974017233546904,0.9167868104099072,0.9431023799068438,≥0.9,Q4 (Top 25%)
https://www.boss.info/global/,https://boss.info,2026-01-28 20:44:40,0.9267405011665342,0.8862210778936197,0.962773619545262,0.691481268427763,0.9003564617808718,0.9202605189831234,0.9725738396624471,0.8991877687529861,0.948786186629903,0.9150275631700272,0.8230914874775226,0.9128641070008784,≥0.9,Q3 (50-75%)
https://www.timhealyphoto.com/,https://tc-electronic.com,2026-01-28 20:44:59,0.974957157777736,0.9334151733293364,1.0,0.0,0.9850904398949036,0.9763947160352656,0.9215189873417722,0.9574773053033924,0.9953520802120328,0.9873931559798416,0.9164536739723396,0.9223954753721323,≥0.9,Q3 (50-75%)
https://eventide.com/,https://eventide.com,2026-01-28 20:45:16,0.9177849284324708,0.899478026729423,0.9948029939274112,0.015214086332195,0.951052259156466,0.9483589153564996,1.0,0.9942666029622552,0.975400576706918,0.990187420802002,0.9345363571297264,0.9041500813413027,≥0.9,Q3 (50-75%)
https://www.strymon.net/,https://strymon.net,2026-01-28 20:45:43,0.9004325055664861,0.9489097697211312,0.9814264779394388,0.077501683289147,0.9337262509750204,0.913437625666728,0.9968354430379748,0.928810320114668,0.9156736490058176,0.9575758620290756,0.8492151697456125,0.892152874275385,0.8-0.9,Q2 (25-50%)
https://www.walrusaudio.com/,https://walrusaudio.com,2026-01-28 20:46:32,0.9387727442059228,0.9036416389830276,0.952012427623217,0.0010762056558515,0.9344629100485,0.9374358525449435,0.9985232067510548,0.884854276158624,0.974484780530278,0.91463061569106,0.8331397036112176,0.891036871331514,0.8-0.9,Q2 (25-50%)
https://jhstc.com/,https://jhs.com,2026-01-28 20:48:19,0.9322090800091192,0.9288147671229996,1.0,0.1055820512896561,0.959614055414988,0.857331411254221,0.989451476793249,0.9655996177735308,0.9691148103923222,0.9948139282801064,0.5914104922114194,0.8991572823966574,0.8-0.9,Q2 (25-50%)
https://www.mxr.com/,https://mxr.com,2026-01-28 20:48:50,0.98950612814695,0.9650753792157888,1.0,0.0003839806059014,0.9937523460101052,0.982220138400481,1.0,0.998088867654085,0.999609153082308,1.0,0.9762922567707416,0.9406219006950458,≥0.9,Q4 (Top 25%)
https://catalinbread.com/,https://catalinbread.com,2026-01-28 20:50:22,0.8697370065691368,0.9013333932061984,0.836266064115238,0.0051937241220408,0.8395823893984944,0.9005736536366297,0.9955696202531644,0.9063545150501672,0.905703827858154,0.7174707070972348,0.4248394739617015,0.8242360175174935,0.8-0.9,Q1 (Bottom 25%)
https://cooperfx.com/,https://cooperfx.com,2026-01-28 20:50:36,0.9848281204765555,0.934591577400747,1.0,3.433397542538598e-05,0.9909672373585068,0.974552237658186,0.999789029535865,0.9928332537028188,0.9977713404381194,0.9978036771319796,0.9644075910316312,0.9346197454193583,≥0.9,Q4 (Top 25%)
https://www.red-panda.com/,https://red-panda.com,2026-01-28 20:51:47,0.9610255076187084,0.9260663890777898,0.9959892670526762,0.0026944716598574,0.9764051511848842,0.8714329413311573,0.9415611814345992,0.9784997611084568,0.9862958841875804,0.9797740076430268,0.80836536388857,0.90567970402144,≥0.9,Q3 (50-75%)
https://www.meris.us/,https://meris.us,2026-01-28 20:52:06,0.9744516301889488,0.917528300427364,1.0,0.0029006620452321,0.9847894679084608,0.9569170153287656,0.9985232067510548,0.9694218824653608,0.9905029400615633,0.9965834065714524,0.9132454860945864,0.9253963197058629,≥0.9,Q4 (Top 25%)
https://shop.pedalparts.co.uk/,https://fuzzdog.co.uk,2026-01-28 20:53:16,0.9432883949328226,0.8905858999914261,0.9474368027114816,0.3252085384468912,0.9648702200835626,0.9065004596566144,0.99957805907173,0.9770664118490204,0.9859942605624088,0.9358550929490996,0.8334355138372932,0.9125116987975345,≥0.9,Q3 (50-75%)
https://www.pedalpcb.com/,https://pedalpcb.com,2026-01-28 20:53:37,0.9868054170956264,0.9489100987330806,0.9817546186512311,0.2742167457592455,0.962450331935969,0.959565502329506,0.99915611814346,0.9498327759197324,0.9848942304471602,0.947641466813362,0.8946570327714806,0.937058033954057,≥0.9,Q4 (Top 25%)
https://madbeanpedals.com/,https://madbeanpedals.com,2026-01-28 20:54:14,0.985711693277729,0.9827484767262372,1.0,0.0004892521689508,0.991493283151129,0.9766432624796147,0.999789029535865,0.9875776397515528,0.9878686118448002,0.9996272437674126,0.9370717400453328,0.9388505044241126,≥0.9,Q4 (Top 25%)
https://buildyourownclone.com/password,https://buildyourownclone.com,2026-01-28 20:54:32,0.981996185460426,0.9594220346768076,1.0,0.0,0.9892812104705851,0.9742807633694188,0.9981012658227848,0.9440993788819876,0.9907106608509004,0.9961295178227346,0.9232479776192036,0.9328895605042938,≥0.9,Q4 (Top 25%)
https://generalguitargadgets.com/,https://generalguitargadgets.com,2026-01-28 20:54:48,0.9619573749609404,0.9517541185206442,0.9840435725194744,0.004415018744499,0.9660796419570814,0.9650537765319926,0.9654008438818564,0.9827998088867654,0.9860852665380966,0.9459332287208484,0.932690575971438,0.9184693129755961,≥0.9,Q3 (50-75%)
https://tonepad.com/,https://tonepad.com,2026-01-28 20:55:01,0.9993283737552836,0.996247037042199,1.0,0.0,0.9996001391625248,0.9825445280295184,0.99957805907173,1.0,0.9999779838628846,0.9999167180193286,0.9718728333300672,0.9470524259276132,≥0.9,Q4 (Top 25%)
https://gaussmarkov.com/,https://gaussmarkov.com,2026-01-28 20:55:26,0.8831395994711229,0.9883749244689084,1.0,0.0001357301848663,0.93030566808708,0.9709077977732788,0.99915611814346,0.9813664596273292,0.8730749767444206,0.9965637878223688,0.8581678615720121,0.8974705887085391,0.8-0.9,Q2 (25-50%)
https://www.sabrotone.com/,https://sabrotone.com,2026-01-28 20:55:47,0.9661983778726336,0.897796527801712,1.0,0.0033012421364431,0.9798757939580164,0.8950381631107506,0.9424050632911392,0.979933110367893,0.9877372408288256,0.9973819521890304,0.8901433606467886,0.9098292201278055,≥0.9,Q3 (50-75%)
https://tagboardeffects.blogspot.com/,https://tagboardeffects.blogspot.com,2026-01-28 20:56:20,0.9869350192992662,0.9618616974727084,0.9264228216353624,0.0,0.918504817552544,0.9433508040258488,0.9938818565400844,0.9383659818442428,0.9699715233554193,0.866274111911598,0.7914715205672092,0.9029931122336277,≥0.9,Q2 (25-50%)
https://effectslayouts.blogspot.com/,https://effectslayouts.blogspot.com,2026-01-28 20:56:56,0.9616511586715992,0.958884591053328,0.918255598221764,0.0448361235473796,0.8858014501704592,0.9147089907126568,0.9940928270042194,0.9383659818442428,0.9496581606342568,0.8280129396202129,0.7545335016745471,0.8873218319660735,0.8-0.9,Q2 (25-50%)
https://freestompboxes.org/,https://freestompboxes.org,2026-01-28 20:57:14,0.9905007632793648,0.9989501851038388,0.9948877277220732,0.0079498305752561,0.991486930605642,0.9900628565369504,1.0,0.990922121356904,0.9976682249503458,0.9749252455313804,0.9250209726650822,0.9424227234780594,≥0.9,Q4 (Top 25%)
https://diystompboxes.com/,https://diystompboxes.com,2026-01-28 20:58:14,0.9901755550692264,0.998586231492979,0.9456291484253636,0.0079498305752561,0.9479045285464756,0.9902552005161334,1.0,0.9913999044433828,0.9976768009297252,0.8461033412527421,0.5321215378772397,0.9179831408402803,≥0.9,Q3 (50-75%)
http://www.muzique.com/,https://muzique.com,2026-01-28 20:58:44,0.986293410569606,0.9694334361788308,0.9983900579014264,0.2112945053890621,0.978696796077991,0.96074769666783,0.999789029535865,0.9622551361681796,0.9951299960897482,0.9850151447363444,0.812869704460389,0.9409554439305543,≥0.9,Q4 (Top 25%)
https://beavisaudio.com/,https://beavisaudio.com,2026-01-28 20:59:25,0.9720201441853225,0.9764791566451052,1.0,0.0631817052435352,0.9832841222059427,0.9408628490059756,1.0,0.9933110367892976,0.992108564589944,1.0,0.8897682322212922,0.9326030889041025,≥0.9,Q4 (Top 25%)
https://runoffgroove.com/,https://runoffgroove.com,2026-01-28 20:59:37,0.9991767162161542,0.9985472401453672,1.0,0.0,0.9995098480056752,0.9874331314220812,1.0,0.9990444338270426,0.99990491931993,1.0,0.969831089561445,0.9476732893287424,≥0.9,Q4 (Top 25%)
https://www.dot-shopping.org/articles/whats-trending-now-from-ai-to-sneaker-drops.html?psystem=PW&domain=diyguitarist.com,https://diyguitarist.com,2026-01-28 20:59:56,0.9541755161279748,0.8267863254408789,0.9977686767405732,0.3919331210419202,0.9719395332841204,0.954335865247265,0.999789029535865,0.9660774008600096,0.9930713726683944,0.9768959918661136,0.9100960869999336,0.9277979005379344,≥0.9,Q4 (Top 25%)
https://stinkfoot.se/,https://stinkfoot.se,2026-01-28 21:00:35,0.9788258201151376,0.93651151672664,1.0,0.0185382645068783,0.9873735676772653,0.9325265575947228,0.9426160337552744,0.9784997611084568,0.9971706526114664,0.9970462449088956,0.9162903717970612,0.9233460424211924,≥0.9,Q3 (50-75%)
https://home-wrecker.com/,https://home-wrecker.com,2026-01-28 21:00:48,0.9983101017068428,0.999636810036342,1.0,0.0,0.9989938985379652,0.986769183717417,1.0,0.9995222169135212,0.9997877270018608,1.0,0.9691013621267728,0.9474216345819321,≥0.9,Q4 (Top 25%)
https://ampgarage.com/forum/,https://ampgarage.com,2026-01-28 21:01:03,0.9867671379201892,0.93005152113204,0.9998305324106764,2.933220875292449e-06,0.987494401277273,0.9613535923918498,1.0,0.985666507405638,0.997779884583871,0.99752158922185,0.9529475109482444,0.9322784202296546,≥0.9,Q4 (Top 25%)
https://aikenamps.com/,https://aikenamps.com,2026-01-28 21:01:39,0.9701451301542238,0.953269558009316,1.0,0.143145814754477,0.9820965534704578,0.9513447254485704,0.999789029535865,0.9827998088867654,0.9894141854173474,0.996069332815586,0.9378145316540272,0.9350188440670631,≥0.9,Q4 (Top 25%)
https://ax84.com/,https://ax84.com,2026-01-28 21:01:51,0.9939986945230188,0.9878936678780612,1.0,0.009552098765432,0.9964270499361072,0.9777207705638996,1.0,0.9995222169135212,0.9998796306858576,1.0,0.9665529150371442,0.9443099121083565,≥0.9,Q4 (Top 25%)
https://ejjurich.com/?i=1,https://diytubeamps.com,2026-01-28 21:02:17,0.9924171230435256,0.9624703704219896,1.0,0.0,0.9954854421575362,0.9695415227273654,0.999789029535865,0.998088867654085,0.9988017058418828,1.0,0.8504189400662354,0.9374954105034798,≥0.9,Q4 (Top 25%)
https://el34world.com/,https://el34world.com,2026-01-28 21:02:34,0.9883389065218344,0.997671140445568,0.9990396836605,0.015386267927104,0.9930574264470152,0.9581125257871848,0.999789029535865,0.9875776397515528,0.9974936047673888,0.983438492954915,0.9353426032979576,0.9400085672349007,≥0.9,Q4 (Top 25%)
https://triodeelectronics.com/,https://triodeelectronics.com,2026-01-28 21:03:08,0.993497182975038,0.9746798388185256,1.0,0.0,0.9961284689483082,0.9794403499472708,1.0,0.9827998088867654,0.9993657531627236,0.999809205711104,0.9521365990035768,0.9415311235388586,≥0.9,Q4 (Top 25%)
https://www.tedweber.com/,https://webervst.com,2026-01-28 21:03:48,0.9535707138874016,0.8911633548945656,0.9742974156192628,0.0392093618017371,0.9497523132027812,0.858878367265123,0.9672995780590716,0.9307214524605828,0.980411839157997,0.9304574748371957,0.7183028144896622,0.8907692817972189,0.8-0.9,Q2 (25-50%)
https://generalinteresttopics.com/?d=classictone.net&pkAId=2143526812,https://classictone.net,2026-01-28 21:04:10,0.9932884734928036,0.9809334191446236,1.0,0.0,0.9960042112245936,0.9192787573345552,1.0,0.9990444338270426,0.9999797156122472,1.0,0.8731151429640558,0.9351672365416605,≥0.9,Q4 (Top 25%)
https://www.amplifiedparts.com/,https://tubesandmore.com,2026-01-28 21:04:25,0.9851854978609182,0.9433204403812308,0.999717554017794,0.0079498305752561,0.9895035183826352,0.9706703642835496,0.999789029535865,0.974199713330148,0.9976093518387475,0.984680883459628,0.9486316677444612,0.9339978433142415,≥0.9,Q4 (Top 25%)
https://angelainstruments.com/,https://angela.com,2026-01-28 21:04:51,0.9814110519617256,0.9612596240747384,1.0,0.001086284686936,0.988907046545436,0.9685418133815346,0.9981012658227848,0.957955088389871,0.9901094636861996,0.9940701744677378,0.8464325006788704,0.9313040148040187,≥0.9,Q4 (Top 25%)
https://www.amplifiedparts.com/,https://antique-electronic-supply.com,2026-01-28 21:05:26,0.9813530317060468,0.9298218804215528,0.9942945911594409,0.0079498305752561,0.9764038839152404,0.8827502203250117,0.999789029535865,0.9894887720974678,0.9976665250346112,0.9472245488547496,0.7651192152537296,0.9163139403214551,≥0.9,Q3 (50-75%)
https://justradios.com/,https://justradios.com,2026-01-28 21:05:40,0.9994583659316804,0.9969734169695152,1.0,0.0011683912919035,0.9996775315826812,0.9888387256971706,0.99957805907173,0.9866220735785952,0.9977361770126456,0.9998963176467756,0.9566866641844736,0.9469280894375991,≥0.9,Q4 (Top 25%)
https://www.newark.com/,https://newark.com,2026-01-28 21:06:36,0.9726149815057612,0.9062969893761934,0.6972179070752719,0.1108614232209737,0.8609341323808801,0.894902586254542,0.919409282700422,0.9149546106067844,0.9715945672450342,0.6684992610531735,0.575051346869684,0.8364253019075489,0.8-0.9,Q1 (Bottom 25%)
https://www.jameco.com/,https://jameco.com,2026-01-28 21:07:00,0.979611460069574,0.9137770704899956,0.9779045961573776,0.0537891465455414,0.9571557468931912,0.9725753280158992,0.9974683544303796,0.9436215957955087,0.9863005764643458,0.9529807367332704,0.8698864256699822,0.9199383121457348,≥0.9,Q3 (50-75%)
https://allelectronics.com/,https://allelectronics.com,2026-01-28 21:07:19,0.9865345036733992,0.9711500763615148,0.995593842677588,0.0100847078572366,0.9900079637926296,0.9405016547139344,0.999789029535865,0.9923554706163402,0.992980678662261,0.9952874748590812,0.9111682824250468,0.933668988868985,≥0.9,Q4 (Top 25%)
https://www.surplussales.com/,https://surplussales.com,2026-01-28 21:07:38,0.9769216536753276,0.8971205231478123,0.9988419714729558,0.0013799040812449,0.985321643279604,0.966553322855184,0.9955696202531644,0.9655996177735308,0.9763774425154872,0.992845800383996,0.9109368599137952,0.9236916406738473,≥0.9,Q3 (50-75%)
https://electronicplus.com/,https://electronicplus.com,2026-01-28 21:08:14,0.9903518380014232,0.9960115867392672,1.0,0.011363109582444,0.9942558496378018,0.9633113731305184,0.999789029535865,0.9827998088867654,0.9994506598152888,0.9999185939156552,0.9402537995750412,0.9413033773928922,≥0.9,Q4 (Top 25%)
https://partsconnexion.com/,https://partsconnexion.com,2026-01-28 21:09:01,0.8733545123416031,0.9366105067292932,0.991244174551617,0.046224612869611,0.9238003465051714,0.8873449497774611,0.9651898734177216,0.9584328714763496,0.9570755487565152,0.96906947882285,0.836670763218378,0.8802524140616318,0.8-0.9,Q2 (25-50%)
https://www.mouser.de/,https://mouser.de,2026-01-28 21:09:29,0.9636019223444672,0.9257872846756976,0.9733370992797628,0.0772995799910045,0.956058913901437,0.9121377667907378,0.9981012658227848,0.9225991399904444,0.983509550397182,0.9427540143399769,0.8250595119784478,0.9094160861171868,≥0.9,Q3 (50-75%)
https://www.mouser.fr/,https://mouser.fr,2026-01-28 21:09:59,0.935594794230441,0.907415057527263,0.9436520265499224,0.0773065925952289,0.9496300039655898,0.923081945635276,0.9978902953586498,0.9264214046822744,0.9828852165516606,0.905752037457898,0.8044367801290181,0.89521329791074,0.8-0.9,Q2 (25-50%)
https://www.mouser.it/,https://mouser.it,2026-01-28 21:10:34,0.962745678884078,0.9296976118754644,0.9441321847196724,0.0772776414768713,0.9528300994744564,0.9103426349159672,0.9626582278481012,0.923554706163402,0.984679773662141,0.9023979739069076,0.7634339368048576,0.8997573447382308,0.8-0.9,Q2 (25-50%)
https://www.mouser.es/,https://mouser.es,2026-01-28 21:11:07,0.96931058877803,0.908674346179034,0.9546956644541732,0.0772879352078429,0.9524973481277524,0.9090342274587148,0.960759493670886,0.9230769230769232,0.9827175233661536,0.9140157906699796,0.7891936885108988,0.9011985801409749,≥0.9,Q2 (25-50%)
https://www.mouser.co.uk/,https://mouser.co.uk,2026-01-28 21:11:40,0.972831271939218,0.9248183245349888,0.9362801864143484,0.077878437797243,0.9512973268655812,0.920662979753312,0.9983122362869198,0.9221213569039656,0.9832588223764352,0.8975071213714305,0.7775693730969464,0.9043682132590234,≥0.9,Q3 (50-75%)
https://www.mouser.se/,https://mouser.se,2026-01-28 21:12:10,0.9438428786079116,0.9089890940900508,0.9492162123993786,0.0595517264831224,0.9548532408532188,0.9223288494618892,0.9983122362869198,0.9206880076445294,0.983171509101594,0.9175178155437396,0.8101700862142169,0.8982536359271753,0.8-0.9,Q2 (25-50%)
https://www.mouser.dk/,https://mouser.dk,2026-01-28 21:12:42,0.972603648932312,0.9332086453821082,0.9370710351645248,0.0723334155205228,0.9460377548053432,0.9184127304586792,0.99873417721519,0.9230769230769232,0.9828403693365532,0.9010218085453956,0.7952918583134339,0.9044577382995937,≥0.9,Q3 (50-75%)
https://www.mouser.fi/,https://mouser.fi,2026-01-28 21:13:34,0.9620224387445624,0.8995760374388467,0.9545826860612908,0.0772840750587285,0.955676483445014,0.9225588310747604,0.9983122362869198,0.924988055422838,0.9837157304389248,0.9077558855465628,0.7915564376983538,0.9033215525187059,≥0.9,Q3 (50-75%)
https://www.mouser.at/,https://mouser.at,2026-01-28 21:14:01,0.9530867060054384,0.9080531535989556,0.9733088546815422,0.0777175609811784,0.9590276244766556,0.924427999410585,0.99873417721519,0.921165790731008,0.9831884764253108,0.936537215750901,0.8411004513672125,0.9068817999309323,≥0.9,Q3 (50-75%)
https://www.mouser.ch/,https://mouser.ch,2026-01-28 21:14:42,0.9728530398692402,0.9306297745981124,0.9268464906086712,0.0772995799910045,0.9478460365245296,0.9080292400880208,0.9618143459915612,0.9216435738174868,0.9830838329233936,0.8907895366254691,0.7045910306980094,0.8971898748008834,0.8-0.9,Q2 (25-50%)
https://www.mouser.be/,https://mouser.be,2026-01-28 21:16:02,0.9740445000997028,0.9296982027977392,0.9795791554865132,0.0723358969730044,0.9578818873526912,0.9205883959142512,0.9981012658227848,0.924988055422838,0.9838651574886932,0.9389392619160842,0.8299053873854202,0.9143548589389697,≥0.9,Q3 (50-75%)
https://www.mouser.ie/,https://mouser.ie,2026-01-28 21:16:30,0.9767991510073796,0.9255432832237104,0.9642423386527328,0.077878437797243,0.9632955759991362,0.926728639602302,0.9635021097046412,0.9245102723363592,0.98361276138584,0.932623548876948,0.820757666103974,0.9109243035469664,≥0.9,Q3 (50-75%)
https://mauser.pt/,https://mouser.pt,2026-01-28 21:17:18,0.9547939461899948,0.9034520013275378,0.9687617057720994,0.0112752727659634,0.9448514512701314,0.884169659813102,0.869831223628692,0.9182990922121356,0.9776717978294164,0.9306266181559876,0.6565344665571142,0.8822349450424148,0.8-0.9,Q2 (25-50%)
https://www.mouser.pl/,https://mouser.pl,2026-01-28 21:17:52,0.9434120213752288,0.9013316840406164,0.9680271148142916,0.0772911519987715,0.949131326129244,0.916049892066534,0.9981012658227848,0.9240324892498806,0.9829582110606336,0.9337245046148612,0.7842087729661181,0.8995158815258542,0.8-0.9,Q2 (25-50%)
https://mouser.cz/,https://mouser.cz,2026-01-28 21:18:05,0.989207621135391,0.9396935446997884,1.0,0.0053839466146637,0.9935746262372804,0.9620435217262764,1.0,0.9966555183946488,0.9992413664447292,1.0,0.9596074402337368,0.9358090273910293,≥0.9,Q4 (Top 25%)
https://www.mouser.bg/,https://mouser.bg,2026-01-28 21:19:14,0.974076938495446,0.9199758974326072,0.9680272043486998,0.077878437797243,0.953256816250126,0.9198681339738488,0.9981012658227848,0.9225991399904444,0.98416704851634,0.9229189118800828,0.8319079386319757,0.9108054485605285,≥0.9,Q3 (50-75%)
https://www.mouser.sk/,https://mouser.sk,2026-01-28 21:20:37,0.9603734840520298,0.93320857960765,0.917356305606553,0.0723334155205228,0.9039577301480556,0.902397633800576,0.99873417721519,0.8705207835642619,0.9738360366588164,0.8440795617656067,0.6992160562431355,0.8850066878393608,0.8-0.9,Q2 (25-50%)
https://www.mouser.lt/,https://mouser.lt,2026-01-28 21:21:07,0.9325037549383908,0.9063553331584592,0.9738455020477332,0.0628253863208283,0.9534098618069048,0.8974995903406258,0.9626582278481012,0.9326325848064978,0.98713093118347,0.9445242351736188,0.805432456820572,0.8945433376860737,0.8-0.9,Q2 (25-50%)
https://www.mouser.ee/,https://mouser.ee,2026-01-28 21:22:00,0.9588351800757696,0.9173119341598186,0.9304374175505308,0.077878437797243,0.94447624791493,0.9012745297199294,0.9632911392405064,0.921165790731008,0.982689656208214,0.8893558828577781,0.7844364628562204,0.8933917690476878,0.8-0.9,Q2 (25-50%)
https://forsale.dynadot.com/forsale/mouser.ng?drefid=2071,https://mouser.ng,2026-01-28 21:25:35,0.985474171147826,0.9709837935562974,0.996893094195735,0.0017716697311969,0.9910210188717072,0.9848004018475712,1.0,0.9923554706163402,0.9978078154090664,0.9848833239382192,0.9602354537420926,0.9387315697686419,≥0.9,Q4 (Top 25%)
https://www.mouser.jp/,https://mouser.jp,2026-01-28 21:27:23,0.9699278989262642,0.9296980412191764,0.98373111142494,0.1165982229007967,0.9214588718556584,0.9167532648350812,0.9985232067510548,0.8786430960344004,0.974877085428132,0.9280472607067564,0.8256026083556591,0.9078311751539554,≥0.9,Q3 (50-75%)
https://www.mouser.kr/,https://mouser.kr,2026-01-28 21:27:58,0.9683249001290438,0.9208230930059416,0.9323259426634656,0.0624572694123398,0.9117547774578966,0.910209154904392,0.9985232067510548,0.8815097945532728,0.9753979408825209,0.8661479969647999,0.7580860238533155,0.8915622676859941,0.8-0.9,Q2 (25-50%)
https://www.mouser.cn/,https://mouser.cn,2026-01-28 21:28:32,0.9706429332619502,0.9332088415338522,0.9501765287388788,0.0152471129744435,0.9328415539472944,0.927461073533186,0.9613924050632912,0.8791208791208791,0.976284545622297,0.8873184640410999,0.7736603855984279,0.8962899792614204,0.8-0.9,Q2 (25-50%)
https://www.mouser.tw/,https://mouser.tw,2026-01-28 21:29:05,0.9640568435459976,0.9306295610785188,0.9423245304335546,0.0880002714927627,0.9249078553018754,0.911680366708282,0.9613924050632912,0.8772097467749642,0.9741320639321882,0.8727753432812118,0.7751954260460437,0.8936545553200266,0.8-0.9,Q2 (25-50%)
https://www.mouser.hk/,https://mouser.hk,2026-01-28 21:29:47,0.9718017343860876,0.9057191858262804,0.9017370427905664,0.059767172515201,0.9196828721773654,0.8801673133105408,0.9613924050632912,0.8781653129479217,0.974124398394569,0.8328680719631351,0.7028292335155786,0.8794573563494908,0.8-0.9,Q2 (25-50%)
https://www.mouser.sg/,https://mouser.sg,2026-01-28 21:30:29,0.9727766173558484,0.9296974772080504,0.933822906369157,0.0723334155205228,0.9194848071353496,0.910485770352842,0.9981012658227848,0.8762541806020067,0.973661441942762,0.868936126042725,0.6958688282275742,0.8939661321497729,0.8-0.9,Q2 (25-50%)
https://www.mouser.ph/,https://mouser.ph,2026-01-28 21:32:08,0.9786505271111284,0.9332085187008534,0.9240846456154044,0.0040021364153751,0.916844438684605,0.9033853150004724,0.9981012658227848,0.8752986144290492,0.9740231292572183,0.8433775857276807,0.7198798469252068,0.889747604280016,0.8-0.9,Q2 (25-50%)
https://www.mouser.vn/,https://mouser.vn,2026-01-28 21:32:51,0.9524645106511548,0.933208702648434,0.8788871628301087,0.0646207369283191,0.9023021753892448,0.8842450042288317,0.9618143459915612,0.8705207835642619,0.9739217837191608,0.8112504380999549,0.68984997662446,0.8710157945949845,0.8-0.9,Q1 (Bottom 25%)
https://www.mouser.in/,https://mouser.in,2026-01-28 21:33:31,0.9715415277971116,0.9236060659951248,0.9115663602595906,0.0719103041731841,0.9189350285808898,0.8952659411518495,0.9635021097046412,0.8752986144290492,0.973633568418097,0.8282400012380924,0.7232112113008838,0.8850097865397432,0.8-0.9,Q2 (25-50%)
https://www.mouser.pr/,https://mouser.pr,2026-01-28 21:42:53,0.9406648395998584,0.9239713667985168,0.927891540742833,0.0795776996869801,0.9195435858939164,0.89522712710941,0.9978902953586498,0.8733874820831342,0.9741387107937116,0.8515707583404697,0.7445814005354445,0.8838355277919029,0.8-0.9,Q2 (25-50%)
https://www.mouser.mx/,https://mouser.mx,2026-01-28 21:43:36,0.9677828377980492,0.92969751762638,0.8883886627653665,0.0723320642631446,0.9019844653718748,0.8992712287271593,0.9978902953586498,0.8733874820831342,0.9741793623366504,0.8103817026948195,0.6915268566757463,0.8807872251115042,0.8-0.9,Q2 (25-50%)
https://www.mouser.hn/,https://mouser.hn,2026-01-28 21:45:20,0.9672850764633928,0.9239714713263252,0.8722214376500493,0.0723320642631446,0.9186146126188806,0.8814028290744302,0.9620253164556962,0.8757763975155279,0.9742590037071468,0.8024151227258279,0.6797084449620345,0.8752066226285404,0.8-0.9,Q1 (Bottom 25%)
https://www.mouser.do/,https://mouser.do,2026-01-28 21:47:28,0.9781250172516875,0.9380515396196598,0.8306414321411487,0.0778768000225632,0.9038136114955831,0.8757322490245656,0.9605485232067512,0.8752986144290492,0.9742235537790211,0.7638602944969648,0.6695417181068519,0.8694645385609217,0.8-0.9,Q1 (Bottom 25%)
https://domains.atom.com/lpd/name/mouser.ai,https://mouser.ai,2026-01-28 21:52:27,0.985954049816064,0.9545994126891204,0.993899184536381,0.0036494027681152,0.9798777295245172,0.9676078473550798,0.9968354430379748,0.9694218824653608,0.9948396606690604,0.9854048231170456,0.9032579250545664,0.9310487978378237,≥0.9,Q4 (Top 25%)
https://www.mouser.ec/,https://mouser.ec,2026-01-28 21:58:03,0.965876682668278,0.9245764200136964,0.8946476486371981,0.0778768000225632,0.9178070247577766,0.8750702768280998,0.9630801687763711,0.8743430482560918,0.9741872507096656,0.8160514039364439,0.5768038124992418,0.8760406111510772,0.8-0.9,Q1 (Bottom 25%)
https://www.mouser.pe/,https://mouser.pe,2026-01-28 21:58:43,0.9729614069185292,0.924939845195298,0.8956644541731393,0.072334012039845,0.9103823011725756,0.8906528313867328,0.9622362869198312,0.8757763975155279,0.9742083818719228,0.8231939182815795,0.7249254175636621,0.8812640141376742,0.8-0.9,Q2 (25-50%)
https://www.mouser.cl/,https://mouser.cl,2026-01-28 22:00:46,0.9619169026217576,0.9182791071654338,0.865979381443299,0.0723320642631446,0.9053007248122612,0.8652643493729073,0.960759493670886,0.8772097467749642,0.9743552558647268,0.7899081701850671,0.6832777639359744,0.8685292687424441,0.8-0.9,Q1 (Bottom 25%)
https://login.taobao.com/?redirect_url=https%3A%2F%2Flogin.1688.com%2Fmember%2Fjump.htm%3Ftarget%3Dhttps%253A%252F%252Flogin.1688.com%252Fmember%252FmarketSigninJump.htm%253FDone%253Dhttps%25253A%25252F%25252Fwww.1688.com%25253A443%25252F_____tmd_____%25252Fpage%25252Flogin_jump%25253Frand%25253DS3WxGHAgAt756EpznwfNzJq2AFA2qBNla3j6EINUS8We9dazM_iKElp8DwVSHZUevpC41Bx7RzivXIj9RnZgdg%252526_lgt_%25253D22425129ad90cba76877e37c99e22b36___323066___4ebda104c187d5a3f92dde7426e4c774___eaebc79cac1eb5d2f7d8b4595e00ec73344a42d5a0b8cf56539c823cd24ac06cdafa305c511309ed24af8e2fd360d7db2036a93a06199cbbcb9163e0e6bbc0ac122c6b0215eec059f617106f61cd25e864d8c013d3bda2f299508417e6a56c99427f9502c24e0e0b636037689a92542c65e0c4790903e3f6d12d9c203437ca2876bb00663f87288686a7fcbea6485837abb5bf4684b94c6afdd8569c2e9e03b9a3143bc70f7b40669fd876c1b8445641c35794192085452a88f6b88a40b38f45219a53e031ec6d1b176451e64f2fc695fd2621df67503eb624a099b86eeae8133e9e4aa20d6c048c55ca311f686a5da590bd22562b42cc57ee7b4734e99a60f2a8dd6bbac7f55fc3e2e9cb50d023a600b239ce59eb9c3b119a3aad7871959b14%252526uuid%25253D22425129ad90cba76877e37c99e22b36&style=tao_custom&from=1688web,https://1688.com,2026-01-28 22:02:06,0.958665409568971,0.811114170462931,0.7470027281986633,0.0021153912018795,0.8993812428078107,0.8541927629230952,0.9964135021097048,0.9584328714763496,0.9920163553031186,0.7676873574905009,0.7176636031178585,0.8406984793940326,0.8-0.9,Q1 (Bottom 25%)
https://www.taobao.com/,https://taobao.com,2026-01-28 22:03:00,0.913912538411563,0.80127376043914,0.70860048015817,0.0435411329908854,0.8515736446621003,0.7688608730306131,0.9985232067510548,0.7964644051600573,0.9449117348678484,0.5863430917460251,0.5858386219909242,0.7946753097383905,0.7-0.8,Q1 (Bottom 25%)
https://www.tmall.com/,https://tmall.com,2026-01-28 22:03:56,0.844708188287863,0.7950393408348833,0.6448451783517479,0.0009860639178316,0.811722127584242,0.8085680531807905,0.9981012658227848,0.7410415671285236,0.9531143312580206,0.5214593551106137,0.5654510452738951,0.7594247307687978,0.7-0.8,Q1 (Bottom 25%)
https://tw.jd.com/,https://jd.com,2026-01-28 22:04:22,0.9249641977007086,0.8391795739710824,0.9886456715153228,0.5115187131612617,0.955062598363965,0.8606463528504422,0.999789029535865,0.9546106067845198,0.9793882161166412,0.9539599155346412,0.845281920209624,0.9116837302410868,≥0.9,Q3 (50-75%)
https://pinduoduo.com/,https://pinduoduo.com,2026-01-28 22:04:38,0.9740020430984092,0.8934669504416197,0.9973732523654852,0.0,0.9841864336226842,0.978194360573678,1.0,0.9765886287625418,0.988398527149714,0.9941283663350394,0.9449615679994924,0.9252818796975384,≥0.9,Q4 (Top 25%)
https://www.vip.com/,https://vipshop.com,2026-01-28 22:05:32,0.9421463493276552,0.8345338514405105,0.9812173421833076,1.85936913952736,0.9488425551087636,0.7610143924223316,0.9373417721518988,0.9354992833253702,0.9879987222491065,0.9349787367151368,0.5859907263027548,0.9599155045438654,≥0.9,Q4 (Top 25%)
http://www.dangdang.com/,https://dangdang.com,2026-01-28 22:06:11,0.9521425036948836,0.96743335057983,0.9991244174551616,0.2269811677549847,0.971114808750822,0.8044882638902817,0.9985232067510548,0.9311992355470616,0.9833746267483244,0.9873210512147836,0.7189933494022674,0.9127038287336198,≥0.9,Q3 (50-75%)
https://www.suning.com/,https://suning.com,2026-01-28 22:07:10,0.9005325076760129,0.884262449540127,0.990283858212117,0.0027096727737381,0.9301366246659256,0.7514824569354489,0.9394514767932488,0.924988055422838,0.97521816365183,0.9616765323180982,0.5309830884267283,0.8579237329582974,0.8-0.9,Q1 (Bottom 25%)
https://gome.com.cn/,https://gome.com.cn,2026-01-28 22:07:26,0.9992633776670854,0.9958838470785408,1.0,0.0,0.9995614429524464,0.9819316042274592,1.0,1.0,0.9999977461791386,1.0,0.948414242562519,0.9464998006886542,≥0.9,Q4 (Top 25%)
https://yhd.com/,https://yhd.com,2026-01-28 22:07:54,0.958543977677398,0.8465972034033993,0.9958449684896388,0.3211850674196103,0.9751640727311884,0.8841296031131689,1.0,0.9565217391304348,0.971681205646962,0.9738481293092855,0.8310214411090364,0.9176447938245732,≥0.9,Q3 (50-75%)
https://www.mogu.com/,https://mogujie.com,2026-01-28 22:08:40,0.9679495140175104,0.8474378199122674,1.0,0.0207466246388232,0.9809183541184217,0.8095016125245913,1.0,0.9880554228380316,0.9612414246493346,0.9971172944822698,0.8415735610978758,0.9006020971088654,≥0.9,Q2 (25-50%)
https://meilishuo.com/,https://meilishuo.com,2026-01-28 22:09:00,0.9833812293413008,0.9340093802571032,1.0,0.1067696313807897,0.9901058131577252,0.9095765595422886,0.999789029535865,0.9885332059245102,0.996792201708512,1.0,0.8966343888252788,0.9313870813026585,≥0.9,Q4 (Top 25%)
https://www.dianping.com/,https://dianping.com,2026-01-28 22:09:21,0.9500070935684206,0.927368622355516,0.9997740432142352,0.1800498657621673,0.9702361163060224,0.8962229137026929,1.0,0.9584328714763496,0.9915576963910896,0.9931734569423952,0.886525517597909,0.9199585464195768,≥0.9,Q3 (50-75%)
https://www.meituan.com/,https://meituan.com,2026-01-28 22:09:41,0.9722287728463582,0.8963815528767141,0.9981076119192204,0.0005163758068371,0.9817565168896576,0.9700465062263696,0.9985232067510548,0.9804108934543716,0.9923098422529768,0.9902657785548156,0.9080608753183226,0.9234626562794127,≥0.9,Q3 (50-75%)
https://www.ele.me/,https://ele.me,2026-01-28 22:10:02,0.986271373443698,0.9263002631576048,0.9989267052676176,0.0009109597087236,0.9887579797087628,0.9129242533153776,1.0,0.9861442904921166,0.9979809521449592,0.9947919646606144,0.8855858302235933,0.9256611113432831,≥0.9,Q4 (Top 25%)
https://weixin.qq.com/,https://weixin.qq.com,2026-01-28 22:10:38,0.9863616186088566,0.9529667010525577,1.0,0.0,0.9918286291395068,0.9830348878219516,0.9875527426160338,0.9794553272814144,0.9982030681008718,0.9965378379231826,0.9393840988472733,0.9357938518705745,≥0.9,Q4 (Top 25%)
https://mp.weixin.qq.com/,https://mp.weixin.qq.com,2026-01-28 22:10:57,0.93406064154114,0.9468485809153704,0.9835616438356164,0.0,0.9581366577101144,0.9535476510266832,0.9993670886075948,0.9761108456760632,0.982395914589332,0.9707509463115344,0.9159842968628252,0.9108338711740603,≥0.9,Q3 (50-75%)
https://www.qq.com/,https://qq.com,2026-01-28 22:11:37,0.9614855249736048,0.9310281064317646,0.9109131201031822,0.2002049894190056,0.9341511610114068,0.9184494928622908,0.9993670886075948,0.9092212135690396,0.9751517205034969,0.8666820412003111,0.7195504431087882,0.8991379669486365,0.8-0.9,Q2 (25-50%)
https://qzone.qq.com/,https://qzone.qq.com,2026-01-28 22:11:54,0.96654263467302,0.963583490849785,0.998757237678294,0.0,0.9800807514229636,0.9575749996452834,0.999789029535865,0.9827998088867654,0.990279569860708,0.988322076392126,0.923417811881493,0.9277183013611909,≥0.9,Q4 (Top 25%)
https://mail.qq.com/,https://mail.qq.com,2026-01-28 22:12:21,0.9181843207969952,0.6396749348655,1.0,0.0595606321334023,0.951290042248798,0.9260694241552124,0.9970464135021097,0.9574773053033924,0.9727072162104168,0.9885472230325052,0.8286288309523876,0.8751066690657289,0.8-0.9,Q1 (Bottom 25%)
https://news.qq.com/,https://news.qq.com,2026-01-28 22:12:55,0.9367794270652472,0.8661085956326919,0.8668865468948788,0.4236202956787669,0.9281277369992968,0.9129954174349724,0.999789029535865,0.9292881032011466,0.9790283878860592,0.8428469415542619,0.7813197241966233,0.891337530762518,0.8-0.9,Q2 (25-50%)
https://v.qq.com/,https://v.qq.com,2026-01-28 22:13:44,0.966895525925618,0.8688126407782892,0.7478408257123157,0.0090063160972844,0.8930046810375148,0.88918355250694,0.9924050632911392,0.8327759197324415,0.966338338659874,0.7043987971127466,0.6329293704094592,0.8422041813766942,0.8-0.9,Q1 (Bottom 25%)
https://y.qq.com/,https://music.qq.com,2026-01-28 22:14:08,0.9785754438601733,0.9501365259733924,0.9868944862369377,0.0009074963144986,0.9775963693964138,0.9360889181190803,0.9569620253164556,0.9641662685140946,0.9900996971291331,0.9623896464904638,0.8594994741669956,0.9191507915992129,≥0.9,Q3 (50-75%)
https://www.tencentgames.com/index.html,https://game.qq.com,2026-01-28 22:14:31,0.8878420455142492,0.9313161043622964,0.9932777856234996,0.0549179406356711,0.9310842759260785,0.9337386225512648,0.999789029535865,0.9608217869087434,0.9454410644340072,0.9781219291967944,0.8766014111174254,0.8931942935570024,0.8-0.9,Q2 (25-50%)
https://news.qq.com/ch/auto/,https://auto.qq.com,2026-01-28 22:18:09,0.9399425481012216,0.8379569269253542,0.8763894114228925,0.7906827629853272,0.9240827007003356,0.9138991210776533,0.99957805907173,0.9206880076445294,0.925524647953659,0.8453541551572618,0.7732815245517822,0.9059636613372036,≥0.9,Q3 (50-75%)
https://news.qq.com/ch/house,https://house.qq.com,2026-01-28 22:18:41,0.9293611455180688,0.8353541316987825,0.8407578570854674,0.2714489885323689,0.9253879558985336,0.909031434037553,0.999789029535865,0.9254658385093169,0.9476403288238048,0.823009298818092,0.7957901632368544,0.8725565226246623,0.8-0.9,Q1 (Bottom 25%)
https://news.qq.com/ch/tech,https://tech.qq.com,2026-01-28 22:19:09,0.9406242851771632,0.8434576730284937,0.9181214126524798,0.7093080300796293,0.939099700305923,0.9229959190638944,0.999789029535865,0.9292881032011466,0.9801074651073672,0.8896096369171396,0.8273270793265979,0.916547678371356,≥0.9,Q3 (50-75%)
https://news.qq.com/ch/finance,https://finance.qq.com,2026-01-28 22:19:42,0.9264885121931604,0.8387477648199573,0.8729785186223931,0.5411567040907508,0.9279262053623764,0.912766411571415,1.0,0.9254658385093169,0.9768444036376948,0.8374549120501645,0.7798798655883125,0.8924061947283303,0.8-0.9,Q2 (25-50%)
https://news.qq.com/ch/ent,https://ent.qq.com,2026-01-28 22:20:14,0.9322596485634808,0.8392436953045873,0.8752235105022957,0.4728119702507742,0.9314861799845588,0.912553112075221,0.999789029535865,0.9240324892498806,0.9775314369968986,0.8440675638453502,0.7968856875441499,0.8917563894049482,0.8-0.9,Q2 (25-50%)
https://www.qq.com/,https://fashion.qq.com,2026-01-28 22:21:01,0.9617650325311564,0.932203940634636,0.9215082615449796,0.2002050835257625,0.9352957683368154,0.941827707706282,0.99915611814346,0.9053989488772096,0.9754984969466044,0.868998734082629,0.6562013301195466,0.9020476701939112,≥0.9,Q2 (25-50%)
https://www.qq.com/,https://baby.qq.com,2026-01-28 22:21:45,0.9767527301545732,0.9311739464556228,0.8804716677111097,0.0447303605074102,0.925834118648239,0.9188965034304152,0.99915611814346,0.9082656473960822,0.9751544963958572,0.83040220624167,0.6838852480280095,0.8879326577950679,0.8-0.9,Q2 (25-50%)
https://news.qq.com/ch/edu,https://edu.qq.com,2026-01-28 22:22:18,0.9355791568586314,0.839090216099842,0.8755840621401695,0.2552166810783377,0.928436868252441,0.9085155407135476,1.0,0.9182990922121356,0.9715122836834148,0.8435090938764185,0.7891703596287162,0.8802653826147301,0.8-0.9,Q2 (25-50%)
https://news.qq.com/ch/health,https://health.qq.com,2026-01-28 22:23:27,0.937928561455726,0.8406309136076812,0.8905816660068367,0.3220638591757762,0.9288287428980322,0.9184398821275548,0.999789029535865,0.923554706163402,0.9336453236855708,0.857154207432239,0.8193346042908347,0.8872048740232638,0.8-0.9,Q2 (25-50%)
https://tianqi.qq.com/,https://weather.qq.com,2026-01-28 22:23:42,0.9666106198809734,0.946879126381434,1.0,0.0034266063920816,0.9800149201972348,0.9805478775870492,1.0,0.9713330148112757,0.9962924455827528,0.9928607293922628,0.9476546541586532,0.9290842498030604,≥0.9,Q4 (Top 25%)
https://map.qq.com/,https://map.qq.com,2026-01-28 22:24:26,0.94652452303622,0.8742134775953125,0.9889281174975286,0.0002306488048332,0.9681036105886386,0.7589693194356023,0.9970464135021097,0.9498327759197324,0.9948091640534494,0.9469358953074768,0.6799510653367338,0.8836028320072933,0.8-0.9,Q2 (25-50%)
https://soso.com/,https://soso.com,2026-01-28 22:24:42,0.987355971791521,0.9995762783757322,1.0,0.0028916715918045,0.9924722243237528,0.9642602211656182,1.0,0.9971333014811276,0.9998974638842556,1.0,0.9239814376750248,0.9405989194982843,≥0.9,Q4 (Top 25%)
https://paipai.com/,https://paipai.com,2026-01-28 22:25:05,0.9881300978675932,0.9562518097875916,0.9962394508086788,0.1686577615746274,0.9924020459146552,0.9429989692210644,1.0,0.9808886765408504,0.9724081583756607,0.9933609293315462,0.8735238649798952,0.9391562842378844,≥0.9,Q4 (Top 25%)
https://pat.com/,https://pat.com,2026-01-28 22:25:34,0.9606237080030522,0.998805464015553,0.9828837734783225,0.0584385433818532,0.9733779936554204,0.9502098139809794,1.0,0.8886765408504539,0.9863279024506092,0.9576847421783722,0.8243036561957312,0.922058592739095,≥0.9,Q3 (50-75%)
https://work.weixin.qq.com/,https://rtx.tencent.com,2026-01-28 22:28:15,0.9682246837931126,0.9307997092204214,1.0,0.0,0.9810821797845356,0.9820511845906232,0.9962025316455696,0.9737219302436694,0.9450043961921912,0.993644619569788,0.8880204323681709,0.9245821439249022,≥0.9,Q4 (Top 25%)
https://tim.qq.com/,https://tim.qq.com,2026-01-28 22:28:29,0.9928962152692308,0.9931361481459784,1.0,0.3894428838951311,0.9957706755296766,0.9937964918782424,0.999789029535865,0.9894887720974678,0.9970095426202268,0.9990382123208246,0.958845052364009,0.9643557835892116,≥0.9,Q4 (Top 25%)
https://www-qqlive.com/,https://qqlive.com,2026-01-28 22:28:47,0.981932624638274,0.930276116419881,1.0,0.0,0.98924336876357,0.9706406056789966,1.0,0.981844242713808,0.9939616701090171,0.9918268760292028,0.9201536346865018,0.9312331804112186,≥0.9,Q4 (Top 25%)
https://kuwo.cn/,https://kuwo.cn,2026-01-28 22:29:16,0.973351492843642,0.9782686769709036,0.9963282022313232,0.4906316780133873,0.9498361003984068,0.8766934985384307,0.89915611814346,0.9679885332059244,0.9751497977523664,0.981642673952648,0.8167031063806359,0.9309152583534469,≥0.9,Q4 (Top 25%)
https://www.kugou.com/,https://kugou.com,2026-01-28 22:29:46,0.9850942238627268,0.9215509310977292,0.9882502992421668,6.405597618828272e-07,0.9844440605246372,0.906935602662465,0.9962025316455696,0.9641662685140946,0.9950166938410188,0.984370774348118,0.8143870149575461,0.9190650721466733,≥0.9,Q3 (50-75%)
http://5sing.kugou.com/index.html,https://5sing.kugou.com,2026-01-28 22:30:32,0.9624598674098124,0.8942473862110849,0.9796715718118908,0.0002960678783363,0.9707772025169742,0.927792870189748,0.9919831223628692,0.904921165790731,0.9603317978297984,0.9540966605606246,0.6656868536149969,0.901765550653146,≥0.9,Q2 (25-50%)
https://changba.com/,https://changba.com,2026-01-28 22:31:00,0.9716119151859745,0.9432805705922844,1.0,0.0252950305361197,0.9828569814852944,0.920952790216958,0.999789029535865,0.9813664596273292,0.9916975096852062,0.9997608622995174,0.8228908590907522,0.9233783291901938,≥0.9,Q3 (50-75%)
https://www.ximalaya.com/,https://ximalaya.com,2026-01-28 22:31:45,0.9190767822068576,0.882949300031947,0.9235701172150824,0.0373800274611795,0.9505262504781083,0.766628361560177,0.99957805907173,0.9455327281414238,0.9879000507357996,0.9052679389620856,0.6683827392400197,0.8664869876828339,0.8-0.9,Q1 (Bottom 25%)
https://www.lizhi.fm/,https://lizhi.fm,2026-01-28 22:32:21,0.983750977950412,0.9337783632929946,1.0,0.0,0.9903259474804348,0.8732853308840328,0.9141350210970464,0.9827998088867654,0.9975500839901624,0.988756072823546,0.7074427532560121,0.911461779951803,≥0.9,Q3 (50-75%)
https://www.qtfm.cn/,https://qingting.fm,2026-01-28 22:33:15,0.9506132663997172,0.7701007530043815,0.9877135997740432,0.019182369157845,0.934629862657258,0.809747193793952,0.8630801687763713,0.9025322503583372,0.924642608156136,0.975220855527532,0.5926095967556058,0.8584387659907015,0.8-0.9,Q1 (Bottom 25%)
https://www.iqiyi.com/,https://iqiyi.com,2026-01-28 22:35:34,0.1107911843330051,0.8334296989939939,0.8915407428329325,0.3694642960609841,0.4680386828478722,0.7325846443437287,0.99957805907173,0.8141423793597706,0.5583981952523085,0.8081296891545997,0.3604358954978057,0.5649485384754631,<0.7,Q1 (Bottom 25%)
https://www.youku.com/ku/webhome,https://youku.com,2026-01-28 22:36:28,0.9585510410279796,0.8492147250671381,0.9742126818246012,0.072619352727197,0.9060791377843952,0.8745231667689619,0.9130801687763712,0.9149546106067844,0.9369322922098612,0.9138822112190484,0.5810673990069362,0.8747071718376095,0.8-0.9,Q1 (Bottom 25%)
https://tudou.com/,https://tudou.com,2026-01-28 22:36:57,0.9624537479920948,0.874819529027152,0.9700607258861742,0.0,0.9426655652404984,0.9354959165747242,0.929957805907173,0.94696607740086,0.9770208956379772,0.944322967130232,0.8207511340169629,0.8952115106442836,0.8-0.9,Q2 (25-50%)
https://www.56.com/,https://56.com,2026-01-28 22:37:41,0.9789970617519854,0.913923258571646,1.0,0.0207879315331093,0.987469848291854,0.8867719376361982,0.9981012658227848,0.9350215002388916,0.9878130621639638,0.9951186832708504,0.673038250968382,0.9141032813259361,≥0.9,Q3 (50-75%)
https://www.sohu.com/,https://sohu.com,2026-01-28 22:38:34,0.941674893420362,0.9373370962266546,0.9813585651744104,0.0064449106319706,0.9463391509912116,0.9105634251245606,0.9989451476793249,0.8241758241758241,0.9882829074128672,0.937825174903884,0.611974435277749,0.8930956317281804,0.8-0.9,Q2 (25-50%)
https://tv.sohu.com/,https://tv.sohu.com,2026-01-28 22:39:27,0.9705075576025388,0.9557995195231532,1.0,0.002776118066617,0.9823066322770816,0.9640470804143352,0.9972573839662447,0.9245102723363592,0.9924165931410668,0.9913228070537452,0.6003781145224159,0.9203880339071965,≥0.9,Q3 (50-75%)
https://house.focus.cn/,https://focus.cn,2026-01-28 22:40:24,0.9328076401309504,0.873972035154135,0.992628159864426,0.4808201975596485,0.9334743096175276,0.734894748260259,0.8966244725738397,0.8944099378881988,0.961427498571641,0.9554469541852968,0.560360683181649,0.8833245766860921,0.8-0.9,Q2 (25-50%)
https://www.17173.com/,https://17173.com,2026-01-28 22:41:10,0.9637309721706808,0.8986755298024333,0.9855670103092784,0.0598641321711773,0.9698259773111668,0.8628675096367655,0.9240506329113924,0.9096989966555185,0.949888298664422,0.9511975409500352,0.6576402555725701,0.8938735001143769,0.8-0.9,Q2 (25-50%)
https://www.chinaz.com/,https://chinaz.com,2026-01-28 22:41:38,0.972874910640726,0.8769984959654177,0.998277079508544,0.1124221298352461,0.9784667737227276,0.9109045071457468,0.9784810126582278,0.961299569995222,0.9895074324804451,0.9883562333377416,0.8306687084104353,0.9168329723943994,≥0.9,Q3 (50-75%)
https://www.admin5.com/,https://admin5.com,2026-01-28 22:42:24,0.9653286757516468,0.9257832086627372,1.0,0.0027006941776998,0.9787869162052278,0.7258732128855359,0.9985232067510548,0.9593884376493071,0.985822613640306,0.9960599142527788,0.6647872919180354,0.8943581259474933,0.8-0.9,Q2 (25-50%)
https://www.analysys.cn/,https://analysys.cn,2026-01-28 22:43:55,0.9246472187572616,0.7381989173364689,0.9965824036153086,0.001042330245214,0.954544460054346,0.7979577844072951,0.99915611814346,0.9407548972766364,0.9409528093905688,0.9807306756884776,0.6328929773532543,0.8649718917054003,0.8-0.9,Q1 (Bottom 25%)
https://error.taobao.com/app/tbhome/common/error.html,https://cnzz.com,2026-01-28 22:44:20,0.9641151084377458,0.8968536791085289,0.9392571615145004,0.0128151300236406,0.9442353105347726,0.918907826130974,0.9981012658227848,0.9555661729574771,0.9914038699339336,0.9001692136649042,0.8447154949502301,0.8983941520957417,0.8-0.9,Q2 (25-50%)
https://www.35.com/,https://35.com,2026-01-28 22:46:07,0.9375060350132212,0.9230034273746256,0.9992091512498236,0.0132885592317068,0.9613816804844408,0.7737030088649097,0.9746835443037974,0.9082656473960822,0.9716589030071948,0.9793835476388564,0.6506639866446815,0.8845728213450895,0.8-0.9,Q2 (25-50%)
https://bj.58.com/,https://58.com,2026-01-28 22:47:08,0.9497765376408,0.9348393601220336,0.9619545261968648,0.0089741843434411,0.954838994633488,0.9430442044277528,0.99915611814346,0.934065934065934,0.9869839425896054,0.9404971547342464,0.7175758865208519,0.903136173549704,≥0.9,Q2 (25-50%)
https://bj.ganji.com/,https://ganji.com,2026-01-28 22:47:32,0.9734482184436772,0.912894495113748,0.9991244174551616,0.0,0.9840003628740496,0.9153376270673572,0.99915611814346,0.9756330625895844,0.9918858310616484,0.9910255556483082,0.8629418840218619,0.919366577869341,≥0.9,Q3 (50-75%)
https://baixing.com/,https://baixing.com,2026-01-28 22:47:50,0.9924391448556388,0.9723995545562718,0.9967887561785058,0.0,0.995170044835734,0.9728500783882952,1.0,0.99617773530817,0.9994745732366324,0.9938376024043988,0.917840342729274,0.9394882209049681,≥0.9,Q4 (Top 25%)
https://www.kijiji.ca/,https://kijiji.ca,2026-01-28 22:49:10,0.968526395579658,0.9378214478825944,0.9317328061008332,0.0016451213490309,0.9098124850891488,0.9329283889201186,0.9738396624472574,0.8074534161490683,0.9668389861272167,0.8763651053894195,0.726680682659082,0.8864604171689366,0.8-0.9,Q2 (25-50%)
https://olx.com/,https://olx.com,2026-01-28 22:49:23,0.9846932242255974,0.994067431933121,0.9991526620533824,0.0095399337406355,0.9898486446443504,0.9856588994109514,0.9949367088607596,0.9899665551839464,0.9960099858016288,0.993107448840399,0.9610034405435444,0.9410893480184609,≥0.9,Q4 (Top 25%)
https://dubizzle.com/,https://dubizzle.com,2026-01-28 22:49:39,0.9707509747246892,0.9326221480436888,0.9666833469848892,0.0,0.9763521590641614,0.945124446442886,0.9968354430379748,0.9823220258002868,0.9945738053082944,0.9515882354412468,0.9342526779223858,0.9184572159918413,≥0.9,Q3 (50-75%)
https://www.gumtree.com/,https://gumtree.com,2026-01-28 22:50:17,0.9017037733844456,0.8936212961297385,0.9271571811890976,0.0193499101499649,0.9048028744253748,0.8893715687186817,0.9371308016877636,0.9593884376493071,0.9540817934128826,0.8913346017518999,0.7366701100096769,0.8635561012933629,0.8-0.9,Q1 (Bottom 25%)
https://www.marktplaats.nl/,https://marktplaats.nl,2026-01-28 23:15:04,0.929961000411018,0.9494455981748056,0.9501037449731452,0.0379112893562105,0.9449404487735048,0.9264675930170996,0.9930379746835444,0.9350215002388916,0.9785000897294472,0.9122096151567424,0.7389712709481698,0.8952412820472685,0.8-0.9,Q2 (25-50%)
https://www.blocket.se/,https://blocket.se,2026-01-28 23:15:29,0.9567350004567908,0.7911340504779842,0.9914983759356024,0.1284308059988179,0.9343814729360884,0.8768591498751677,0.9869198312236288,0.910654562828476,0.976460018946484,0.9634503877008732,0.8527900876512762,0.8920495670561392,0.8-0.9,Q2 (25-50%)
https://www.dba.dk/,https://dba.dk,2026-01-28 23:15:59,0.9398896713540318,0.77893770330811,0.9794661770936308,0.0721441686367218,0.9364222951521436,0.9224836425209896,0.9827004219409282,0.9173435260391782,0.973358557705922,0.951695044288349,0.8172042107699184,0.8857271338963637,0.8-0.9,Q2 (25-50%)
https://www.finn.no/,https://finn.no,2026-01-28 23:16:29,0.9268597880474674,0.7323884505471445,0.9885044485242196,0.1287315009996206,0.9345473243683956,0.8640155928162295,0.9970464135021097,0.9149546106067844,0.9725734258387152,0.9644921354609748,0.8103296557683461,0.8770109626946526,0.8-0.9,Q2 (25-50%)
https://www.tori.fi/,https://tori.fi,2026-01-28 23:16:58,0.9408627391721484,0.7821844700224605,0.995028950713176,0.1344467016898695,0.9406129368125652,0.8776548291260711,0.9907172995780592,0.9135212613473483,0.9763669246848004,0.9662975293507428,0.8157942131308014,0.8887629791784064,0.8-0.9,Q2 (25-50%)
https://www.huuto.net/,https://huuto.net,2026-01-28 23:17:21,0.953707259761814,0.9102059318179644,0.9914701313373816,0.0897931434712257,0.9488934248240328,0.9252152875076562,0.9993670886075948,0.9374104156712852,0.9732366922112644,0.959828735355112,0.8644330661709746,0.9103736149052204,≥0.9,Q3 (50-75%)
https://www.willhaben.at/iad,https://willhaben.at,2026-01-28 23:18:16,0.978921898966568,0.9523380823656512,0.9659935037424092,0.0189434307416163,0.95979468175497,0.9230516018198576,0.9135021097046414,0.9569995222169136,0.984097880409451,0.944052486328624,0.5700710971013399,0.9030913790719057,≥0.9,Q2 (25-50%)
https://www.tutti.ch/de,https://tutti.ch,2026-01-28 23:18:37,0.9544447023407814,0.9234070654732074,0.935263380878407,0.0,0.9511279244714024,0.9339586908190446,0.9936708860759492,0.9617773530817008,0.9870137261319496,0.91859442371058,0.8887426945605446,0.9008985034369363,≥0.9,Q2 (25-50%)
https://www.ricardo.ch/de/,https://ricardo.ch,2026-01-28 23:19:05,0.965770077153158,0.8845790780755993,0.9170738596243468,0.0012215422845815,0.9272474323981053,0.8890227334134038,0.8780590717299578,0.935977066411849,0.978818960814262,0.8803109751503155,0.8175821386612767,0.8763064004584596,0.8-0.9,Q1 (Bottom 25%)
https://www.anibis.ch/fr,https://anibis.ch,2026-01-28 23:19:30,0.9291090176972272,0.9143062432769836,0.9078789507756394,0.0,0.9422001606856866,0.9102088517064796,0.990506329113924,0.9593884376493071,0.987619660140495,0.8962042722913554,0.8548206335564508,0.8843819589995143,0.8-0.9,Q2 (25-50%)
https://www.car.gr/,https://car.gr,2026-01-28 23:20:12,0.9705577246772708,0.8535117194398218,0.9626041519559384,0.0669082843194751,0.9465213354515374,0.9105394899483784,0.9573839662447258,0.9474438604873388,0.9793698735801956,0.9315240000612794,0.6977491361314927,0.8950075188213676,0.8-0.9,Q2 (25-50%)
https://www.bazos.cz/,https://bazos.cz,2026-01-28 23:20:28,0.9942105036184676,0.9676490225997764,0.998474791696088,0.0,0.9908132152238988,0.942274821186577,0.999789029535865,0.9875776397515528,0.9980904152581532,0.9941020256241184,0.933962466628034,0.9359093457295508,≥0.9,Q4 (Top 25%)
https://www.bazos.sk/,https://bazos.sk,2026-01-28 23:20:44,0.9860747076530102,0.9635608310164374,0.9998305324106764,0.0,0.9917094081659829,0.9412616003049104,1.0,0.9875776397515528,0.9982543775424604,0.9957101377501938,0.9337301109614952,0.9337539967978804,≥0.9,Q4 (Top 25%)
https://aukro.cz/,https://aukro.cz,2026-01-28 23:21:23,0.9770779085355062,0.9421313412305262,0.9124699901143908,1.6789247876718325e-05,0.933710640687612,0.9479629999419854,0.830379746835443,0.8361204013377926,0.9772762395347824,0.9023479109236894,0.7268598484742446,0.8817572459035191,0.8-0.9,Q2 (25-50%)
https://aukro.sk/,https://aukro.sk,2026-01-28 23:22:06,0.9827110405392384,0.956659331003459,0.9200677538605884,2.2839506172839502e-05,0.934026130433872,0.94738418213642,0.7630801687763713,0.8356426182513139,0.978019363746498,0.904829135546332,0.6849322482603653,0.8795854565264315,0.8-0.9,Q2 (25-50%)
https://www.olx.pl/,https://olx.pl,2026-01-28 23:33:14,0.905539018485062,0.9140815190746304,0.9128654144894788,0.0387345605227508,0.92443899783188,0.8846240140898177,0.9240506329113924,0.8953655040611562,0.9758185395089288,0.8755523342246978,0.747448053578044,0.8650191179438214,0.8-0.9,Q1 (Bottom 25%)
https://gratka.pl/,https://gratka.pl,2026-01-28 23:34:02,0.9957101243117736,0.982808540866404,0.9228357576613472,0.0080623588127134,0.9222505487042634,0.8420069587486274,0.8856540084388186,0.8867654085045389,0.9723839138845864,0.8584323181295082,0.6492511895397025,0.8839471086589785,0.8-0.9,Q2 (25-50%)
https://www.otomoto.pl/,https://otomoto.pl,2026-01-28 23:34:31,0.928502306421115,0.8939482949105559,0.9377792636999432,0.0096692874046098,0.9445578653182284,0.9273785553309044,0.9630801687763711,0.9402771141901576,0.9794244682521924,0.9016979519276554,0.8165957935225959,0.8852926470611898,0.8-0.9,Q2 (25-50%)
https://www.olx.ro/,https://olx.ro,2026-01-28 23:35:10,0.9048457268776132,0.918681929852055,0.909758508685214,0.0387345605227508,0.9242490596108832,0.8908189919856918,0.929746835443038,0.9034878165312948,0.9756446196657876,0.8726592331148232,0.7275858432877673,0.8657493329851081,0.8-0.9,Q1 (Bottom 25%)
https://www.olx.bg/,https://olx.bg,2026-01-28 23:35:48,0.9021589765854172,0.88111544636401,0.853071257960388,0.0387345605227508,0.916855167471744,0.8832767503551583,0.940928270042194,0.9077878643096036,0.9771062734282372,0.837787844566983,0.7360215670850003,0.8515508710051574,0.8-0.9,Q1 (Bottom 25%)
https://www.njuskalo.hr/,https://njuskalo.hr,2026-01-28 23:36:23,0.9259312634930748,0.8868017017730141,0.956495567552608,0.0091080758930609,0.9552386863139618,0.8861017601708575,0.9862869198312236,0.9192546583850932,0.9717197116033746,0.9283910968709738,0.7717483504147409,0.8845334212740453,0.8-0.9,Q2 (25-50%)
https://www.bolha.com/,https://bolha.com,2026-01-28 23:36:53,0.914457206851658,0.8958705459770964,0.9713034882078804,0.0061785063599379,0.9482970616453248,0.8719792403633109,0.99915611814346,0.9278547539417104,0.9722769083274728,0.94598399516519,0.8019975122080041,0.8845456742326409,0.8-0.9,Q2 (25-50%)
https://www.bazar.at/,https://bazar.at,2026-01-28 23:37:17,0.97585618087025,0.9199645833498852,0.9972602739726028,0.2019500454659681,0.9791216706377632,0.9299297392904556,0.9993670886075948,0.9526994744386048,0.9863427751216046,0.9848235688239791,0.8659186493883634,0.9300341728817126,≥0.9,Q4 (Top 25%)
https://www.kleinanzeigen.de/,https://kleinanzeigen.de,2026-01-28 23:38:17,0.9529646557518718,0.9481834763197872,0.9703149272701596,0.0279539422168848,0.9662172587064556,0.925417776415658,0.9981012658227848,0.9264214046822744,0.987078634899414,0.9346135622302032,0.5294853741906045,0.9031488957963553,≥0.9,Q2 (25-50%)
https://www.quoka.de/,https://quoka.de,2026-01-28 23:38:42,0.9715706213713996,0.9429183467153974,0.9827932345490163,0.0073877548884776,0.9724194747497824,0.9448652205993504,0.9976793248945148,0.9660774008600096,0.984233478931222,0.9627374298532017,0.8570294121215005,0.9195444242362729,≥0.9,Q3 (50-75%)
https://www.markt.de/,https://markt.de,2026-01-28 23:39:04,0.944231426558278,0.900242011126544,0.994351080355882,0.0003843938502642,0.9666685097173834,0.8987338638048505,0.9438818565400844,0.9517439082656474,0.989516575098403,0.9878654128800918,0.8739941752446967,0.9005257619564765,≥0.9,Q2 (25-50%)
https://www.kalaydo.de/,https://kalaydo.de,2026-01-28 23:39:33,0.9609692584333218,0.9527847046847232,0.9794379324954102,0.0005317165699223,0.9551705835037312,0.9300431372712564,0.9951476793248946,0.9708552317247968,0.9873282614766326,0.9436100874449074,0.8185227591908797,0.9119247730390604,≥0.9,Q3 (50-75%)
https://www.markt.de/,https://dhd24.com,2026-01-28 23:40:00,0.9487602282737936,0.9156172320234728,0.9899731676316904,0.0010300244763374,0.9693389909710012,0.9090048408514017,0.9434599156118144,0.9517439082656474,0.9895864817454612,0.9741261918585472,0.8325490163143539,0.9028641023830041,≥0.9,Q2 (25-50%)
https://www.kijiji.it/,https://kijiji.it,2026-01-28 23:43:13,0.9949303051205286,0.9716711828346632,1.0,0.0,0.9969816956138956,0.9830292428808628,0.99915611814346,0.9990444338270426,0.9999696561858034,1.0,0.9822775147835128,0.9432884765414301,≥0.9,Q4 (Top 25%)
https://www.subito.it/,https://subito.it,2026-01-28 23:42:43,0.9824719401418478,0.942372858804468,0.9934190086146024,0.0052346281229266,0.9567620532511588,0.948390849527068,0.9974683544303796,0.9503105590062112,0.9704097832786344,0.951031602287468,0.8235664635187606,0.9196014899165746,≥0.9,Q3 (50-75%)
https://www.bakeca.it/,https://bakeca.it,2026-01-28 23:43:03,0.957033275301664,0.9257675957044168,0.9817539895494988,0.0,0.9685342601895948,0.9435776434824134,0.9934599156118143,0.968944099378882,0.9936825592255576,0.9606937189675944,0.9032038020479026,0.9139958902183957,≥0.9,Q3 (50-75%)
https://www.milanuncios.com/,https://milanuncios.com,2026-01-28 23:43:49,0.9774027052414984,0.8931000751065424,0.9530857223555996,0.0,0.9528903249900016,0.9374149250996396,0.9464135021097048,0.9364548494983278,0.9840360276702732,0.926137090190907,0.7505451959766076,0.8993649444117039,0.8-0.9,Q2 (25-50%)
https://www.milanuncios.com/,https://vibbo.com,2026-01-28 23:44:25,0.978854132708458,0.9060535236938256,0.9053805959610224,0.0046413892746426,0.9451749477551222,0.9417617320166058,0.9459915611814346,0.9402771141901576,0.984103540428507,0.8866353251287883,0.7497846744174546,0.8926934108394977,0.8-0.9,Q2 (25-50%)
https://www.milanuncios.com/,https://segundamano.es,2026-01-28 23:45:01,0.9769475892711422,0.8953999844697862,0.9052393729699196,0.0,0.9443335838940724,0.9449704772538798,0.95042194092827,0.939799331103679,0.9841177636934914,0.8832702797680518,0.7470262673881823,0.8913062570290241,0.8-0.9,Q2 (25-50%)
https://www.wallapop.com/,https://wallapop.com,2026-01-28 23:45:31,0.9833628951029,0.9070339509584808,0.9765852280751308,0.004055311086303,0.960587948950381,0.9387349918565764,0.99957805907173,0.957955088389871,0.9881292592240276,0.961641828236054,0.8142405095774393,0.914523625551937,≥0.9,Q3 (50-75%)
https://mercadolibre.com/,https://mercadolibre.com,2026-01-28 23:46:25,0.9857005035606656,0.993582430637056,1.0,0.0,0.9914866212172464,0.9919445231069822,0.999789029535865,0.9971333014811276,0.9988297703683156,1.0,0.9770238505159882,0.943062936694324,≥0.9,Q4 (Top 25%)
https://www.mercadolibre.com.mx/,https://mercadolibre.com.mx,2026-01-28 23:46:45,0.9739511390408436,0.916090124190628,0.9745233724050276,9.522783049994584e-07,0.9726072814685912,0.9643663455407048,0.9605485232067512,0.9421882465360726,0.9865857357371228,0.9690101926826912,0.8971214958852518,0.914920552347129,≥0.9,Q3 (50-75%)
https://www.mercadolibre.com.ar/,https://mercadolibre.com.ar,2026-01-28 23:47:06,0.9685769795974148,0.9158501520128184,0.9937014545968084,0.0,0.9790349066204048,0.962293875252686,0.959493670886076,0.9412326803631152,0.9861936536746648,0.985584244784461,0.8959727817265799,0.9173567893711043,≥0.9,Q3 (50-75%)
https://www.mercadolibre.com.co/,https://mercadolibre.com.co,2026-01-28 23:47:27,0.9753580858345496,0.9082177620215846,0.9972320293743822,0.0199248321486141,0.9713382875262354,0.9624448881291704,0.9609704641350212,0.9498327759197324,0.9888622794422206,0.984707302332896,0.8956321800467137,0.9192198046091082,≥0.9,Q3 (50-75%)
https://www.mercadolibre.com.pe/,https://mercadolibre.com.pe,2026-01-28 23:47:50,0.9803004022611947,0.91838985701538,0.9967236266064116,0.0020548438883621,0.969418888531617,0.9553931078422264,0.9234177215189874,0.9354992833253702,0.9852484877928446,0.9756219846920606,0.8660903499612274,0.915015091775495,≥0.9,Q3 (50-75%)
https://www.mercadolibre.com.ve/,https://mercadolibre.com.ve,2026-01-28 23:48:08,0.9796633712217204,0.9144597284264132,0.9999717554017794,0.0113701361822703,0.9859726431566868,0.9635671548440596,0.9622362869198312,0.9608217869087434,0.9947698431561606,0.9925579675413658,0.921006538619098,0.9246525560047526,≥0.9,Q4 (Top 25%)
https://www.mercadolibre.com.ec/,https://mercadolibre.com.ec,2026-01-28 23:48:30,0.980451517791711,0.9228665631781464,0.996074000847338,0.067384652163519,0.9742935109600268,0.9688506980531544,0.9966244725738396,0.952221691352126,0.9919615441624516,0.9824930802874248,0.8826361263604238,0.9280088363097857,≥0.9,Q4 (Top 25%)
https://www.mercadolibre.com.uy/,https://mercadolibre.com.uy,2026-01-28 23:48:52,0.9670189169712132,0.9238420334427072,0.9985877700889704,0.0677538571645591,0.9762597432235108,0.9459775213546876,0.9225738396624472,0.95078834209269,0.9910327407654164,0.9808019597488924,0.8839434769179374,0.9171251637982994,≥0.9,Q3 (50-75%)
https://www.mercadolibre.com.py/,https://mercadolibre.com.py,2026-01-28 23:49:10,0.9787619555817708,0.9172991541950736,0.9942945911594409,0.0,0.9830130098298104,0.9648359470023744,0.960337552742616,0.9679885332059244,0.9949311696160704,0.9854782957231752,0.9215123087848172,0.9229837435860241,≥0.9,Q3 (50-75%)
https://www.mercadolibre.com.bo/,https://mercadolibre.com.bo,2026-01-28 23:49:29,0.9747217788006076,0.9169233037212444,0.9992938850444852,0.0005403537235161,0.9790668451120184,0.9636271772437562,0.959071729957806,0.9694218824653608,0.9952366960440332,0.9918383268130304,0.9067460595185104,0.9218003892699344,≥0.9,Q3 (50-75%)
https://www.mercadolibre.cl/,https://mercadolibre.cl,2026-01-28 23:49:53,0.9718860598096312,0.9186410727728016,0.984806651900357,0.0,0.9781589220196972,0.963198462439218,0.9597046413502108,0.9264214046822744,0.9829384232774772,0.9586949514314808,0.8668937966635966,0.9152628439499264,≥0.9,Q3 (50-75%)
https://www.mercadolivre.com.br/,https://mercadolibre.com.br,2026-01-28 23:50:14,0.9727129907010952,0.9025248085673384,1.0,0.0026961738076627,0.9833413152005922,0.9460250133829924,0.9620253164556962,0.9488772097467748,0.9878814726305069,0.9943626188888378,0.8912248876247746,0.917813358582598,≥0.9,Q3 (50-75%)
https://www.mercadolibre.com.pa/,https://mercadolibre.com.pa,2026-01-28 23:50:33,0.9790682004864264,0.9124640485117834,0.9969778279903968,0.0,0.9847934341113964,0.9564001629430988,0.959915611814346,0.9698996655518396,0.9952714456323432,0.9892757742683926,0.914126384685802,0.9223872971539628,≥0.9,Q3 (50-75%)
https://www.mercadolibre.com.gt/,https://mercadolibre.com.gt,2026-01-28 23:51:11,0.9774266545305498,0.9137239720190228,0.9995480864284706,0.0,0.9860208099989998,0.9631006716093716,0.959282700421941,0.968944099378882,0.9952331370444244,0.9920719931492266,0.9169025216655328,0.9233636582465801,≥0.9,Q3 (50-75%)
https://www.mercadolibre.com.sv/,https://mercadolibre.com.sv,2026-01-28 23:51:28,0.9799767457671528,0.9171813546669656,0.9992938850444852,0.0,0.9860261721451598,0.9628953711929922,0.9597046413502108,0.9694218824653608,0.9952670971587602,0.99172276378307,0.9265718767525822,0.9245296909099254,≥0.9,Q4 (Top 25%)
https://www.mercadolibre.com.hn/,https://mercadolibre.com.hn,2026-01-28 23:51:45,0.980019810487214,0.9174228135127638,0.9975427199548086,0.0,0.9835228452656476,0.9644277561343556,0.9605485232067512,0.9675107501194458,0.9949540898282204,0.9887590039115564,0.9277392540170002,0.9240222849826019,≥0.9,Q4 (Top 25%)
https://www.mercadolibre.com.ni/,https://mercadolibre.com.ni,2026-01-28 23:52:03,0.9799686520259993,0.9142222678904746,0.9975992024580452,1.7019127715982563e-05,0.9837882628855292,0.9574841330957896,0.959493670886076,0.9684663162924032,0.9949609340582376,0.9894262367862644,0.913660740197437,0.9227300970876339,≥0.9,Q3 (50-75%)
https://www.olx.com.br/,https://olx.com.br,2026-01-28 23:53:14,0.9615081824474638,0.8943285149835097,0.9705955524026798,1.0,0.9230885653088016,0.9038383383142522,0.99915611814346,0.8781653129479217,0.943821910613732,0.8948668754539303,0.6097591246256882,0.9371508469938996,≥0.9,Q4 (Top 25%)
https://olx.com/,https://olx.com.uy,2026-01-29 09:52:22,0.9773379471206236,0.9657386137259908,0.9969213387939556,0.0095399337406355,0.9861318735553352,0.9650065489068766,0.9947257383966244,0.9894887720974678,0.9959990031999736,0.9905838993068876,0.943486249490264,0.9330229546424389,≥0.9,Q4 (Top 25%)
https://olx.com/,https://olx.com.py,2026-01-29 09:52:35,0.9797643189072948,0.96634383279572,0.9992091512498236,0.0095399337406355,0.9866497474415006,0.9731859636192912,0.9978902953586498,0.9894887720974678,0.9959990159334248,0.9941731142786664,0.9553074606698376,0.935490237507953,≥0.9,Q4 (Top 25%)
https://olx.com/,https://olx.com.bo,2026-01-29 09:52:49,0.978962656809312,0.9663438328742372,0.9985877700889704,0.0095399337406355,0.9863685080850172,0.9787990757397628,0.99873417721519,0.9894887720974678,0.9959990031999736,0.9922699783740418,0.9563096694484026,0.9357652316224196,≥0.9,Q4 (Top 25%)
https://olx.com/,https://olx.com.pa,2026-01-29 09:53:04,0.9794176392245209,0.9661019567739262,0.9983900579014264,0.0095399337406355,0.9865659323554676,0.9744915298800492,0.9949367088607596,0.9894887720974678,0.995998442928121,0.992172197278012,0.9525313236901066,0.9350426494263404,≥0.9,Q4 (Top 25%)
https://olx.com/,https://olx.com.gt,2026-01-29 09:53:38,0.9786919687637852,0.9661014487052034,0.9986160146871912,0.0095399337406355,0.986874158030053,0.9722484258897914,0.9949367088607596,0.9894887720974678,0.9959996526059846,0.992575319582388,0.9519126417346236,0.9347127351684033,≥0.9,Q4 (Top 25%)
https://olx.com/,https://olx.com.hn,2026-01-29 09:54:13,0.9791142158121882,0.965677629695365,0.997994633526338,0.0095399337406355,0.9866884058456954,0.9756165431339048,0.9964135021097048,0.9894887720974678,0.9959979908906036,0.9916115387633654,0.9497393230704916,0.9350469917537872,≥0.9,Q4 (Top 25%)
https://olx.com/,https://olx.com.ni,2026-01-29 09:54:29,0.9766012612577336,0.96416443555263,0.9957633102669114,0.0094826482436041,0.9857713160414308,0.9711925668807329,0.9989451476793249,0.9894887720974678,0.995999455237491,0.9885724694705688,0.9392749196786586,0.9332824306069302,≥0.9,Q4 (Top 25%)
https://olx.com/,https://olx.com.pr,2026-01-29 09:55:03,0.97900612649637,0.966101504432846,0.9993503742409264,0.0094826482436041,0.9870895728703444,0.9756093689053352,0.9978902953586498,0.9894887720974678,0.9959990987008576,0.993383948142722,0.9571653728468608,0.9356244683171981,≥0.9,Q4 (Top 25%)
https://olx.com/,https://olx.com.ve,2026-01-29 09:55:16,0.9791684777683956,0.9662227695939728,0.9977686767405732,0.0095399337406355,0.9860306080929776,0.9756226044095666,0.99915611814346,0.9894887720974678,0.9959996526059846,0.9914495863804924,0.9562256854725452,0.9353290781311928,≥0.9,Q4 (Top 25%)
https://www.dafiti.com.br/,https://dafiti.com.br,2026-01-29 09:56:00,0.97595134920492,0.8889483001920709,0.9844372263804548,0.4839883346607142,0.9502856168820196,0.9286838406736294,0.9660337552742616,0.9483994266602962,0.9839362547134382,0.9586055337065742,0.8651487962763371,0.9312101088867555,≥0.9,Q4 (Top 25%)
https://dafiti.com.ar/,https://dafiti.com.ar,2026-01-29 09:56:28,0.9535264055775216,0.8674712224827689,0.9719046493639428,0.1198936218898323,0.9723313814305868,0.9483803761997112,0.8571729957805907,0.9904443382704252,0.9962376981093416,0.9658593512337612,0.8269155578448966,0.9014934662755105,≥0.9,Q2 (25-50%)
https://www.dafiti.com.co/,https://dafiti.com.co,2026-01-29 09:57:11,0.9681711845097226,0.8756451104628116,0.9891258296850728,0.2873783783404665,0.946036391688197,0.937803584301376,0.960126582278481,0.9517439082656474,0.986020472371693,0.9627847180731044,0.8725095251825952,0.9190575043997493,≥0.9,Q3 (50-75%)
https://www.lamoda.ru/,https://lamoda.ru,2026-01-29 09:58:13,0.9207023266642318,0.8911403453503303,0.939465254598726,0.0069259158779233,0.9418536157446024,0.8345223256397798,0.9381856540084388,0.8604873387482084,0.9879017952186132,0.8910752200035583,0.7064134829741153,0.8662261668493657,0.8-0.9,Q1 (Bottom 25%)
https://www.wildberries.ru/,https://wildberries.ru,2026-01-29 09:59:27,0.9001305560755817,0.9117981778129168,0.8358988843383705,0.2661127267254684,0.8923381785286655,0.7451406309230517,0.989240506329114,0.8800764452938366,0.8314676800592289,0.8324675290162067,0.395658774972402,0.8354312472590449,0.8-0.9,Q1 (Bottom 25%)
https://www.ozon.ru/,https://ozon.ru,2026-01-29 10:00:03,0.9762545957773824,0.9605330755908404,0.9896625988577196,0.0114397651095346,0.9740114350586742,0.9260584300299138,0.8782700421940928,0.89775441949355,0.9888922921866862,0.9750887611611924,0.7495849791859713,0.9080668394990369,≥0.9,Q3 (50-75%)
https://www.avito.ru/,https://avito.ru,2026-01-29 10:01:31,0.8907832193977726,0.8973369744944026,0.9118203643553175,0.0119731998879001,0.8430507139270891,0.793293942720687,0.8481012658227848,0.6024844720496895,0.9579927265126096,0.7544771392330917,0.2902915457064127,0.8067507812148129,0.8-0.9,Q1 (Bottom 25%)
https://youla.ru/,https://youla.ru,2026-01-29 10:02:38,0.9001904679103582,0.72082632676499,0.9485948312385256,0.4721089313505291,0.9064973435919398,0.7472619401920347,0.9369198312236288,0.8939321548017201,0.9688513298202038,0.8662184994017461,0.4681080183234373,0.8498771727026591,0.8-0.9,Q1 (Bottom 25%)
https://www.drom.ru/,https://drom.ru,2026-01-29 10:03:37,0.9836917833840354,0.9185501867111916,0.9887868945064257,0.1722031658371095,0.959311582326462,0.8459102715656058,0.9533755274261604,0.9455327281414238,0.9869627350266408,0.9629804756710316,0.7305775391388657,0.9106349425074907,≥0.9,Q3 (50-75%)
https://auto.ru/,https://auto.ru,2026-01-29 10:04:14,0.9632194609747324,0.8347485618593282,0.9774325660217484,0.0,0.9562423086225282,0.8822848870417869,0.6118143459915613,0.9369326325848064,0.9829005539936244,0.95880734888639,0.7394826400456127,0.8622637162515382,0.8-0.9,Q1 (Bottom 25%)
https://youla.ru/all/auto,https://am.ru,2026-01-29 10:05:27,0.8607866962396984,0.5642191695140859,0.9356305606552746,0.4811082322091409,0.8921786409509875,0.685773762120775,0.9371308016877636,0.895843287147635,0.9649462859416542,0.8302295456172658,0.4129156157005244,0.8126877093597554,0.8-0.9,Q1 (Bottom 25%)
https://www.cars.com/,https://cars.com,2026-01-29 10:06:18,0.9626699337170382,0.9127127098697516,0.8996472390665556,0.0173907114075371,0.8931290512483278,0.9050812324443986,0.9928270042194092,0.8265647396082179,0.9699121982063036,0.7469853564406248,0.6129691788140157,0.8707171853335104,0.8-0.9,Q1 (Bottom 25%)
https://www.autotrader.com/,https://autotrader.com,2026-01-29 10:08:16,0.9507107781642816,0.9302550015429338,0.834119474650473,0.1020813072866721,0.8196189220111817,0.8820763248018368,0.9959915611814346,0.8490205446727186,0.9665645484203456,0.4462665129682275,1.1102230246251563e-16,0.8333037109167313,0.8-0.9,Q1 (Bottom 25%)
https://www.cargurus.com/,https://cargurus.com,2026-01-29 10:09:44,0.8225735072031874,0.8448065677665539,0.9224120886880384,0.0,0.8153154818475503,0.8805163328296379,0.8316455696202532,0.6521739130434783,0.9228441291426874,0.7267884404767164,0.4587111445802808,0.7920771613989612,0.7-0.8,Q1 (Bottom 25%)
https://www.edmunds.com/,https://edmunds.com,2026-01-29 10:10:17,0.986973405311094,0.9587171602136106,0.8577602033611073,0.0016853932584269,0.9220900986709348,0.9642537523902064,0.9962025316455696,0.9278547539417104,0.9836858704958736,0.8725877927297139,0.7837841873103946,0.8953875246658338,0.8-0.9,Q2 (25-50%)
https://kbb.com/,https://kbb.com,2026-01-29 10:10:27,0.9993283737552836,0.996247037042199,1.0,0.0,0.9996001391625248,0.99930379329944,1.0,1.0,0.999995842528185,1.0,0.9912656665108296,0.9491523443787075,≥0.9,Q4 (Top 25%)
https://www.autotrader.ca/,https://autotrader.ca,2026-01-29 10:11:28,0.910651859744886,0.8892445226925887,0.9659652591441886,0.0157424958408971,0.9221086155021878,0.9199371801277308,0.9466244725738396,0.8733874820831342,0.9691741482748888,0.8677063196758708,0.5182837781218012,0.8697315661834365,0.8-0.9,Q1 (Bottom 25%)
https://www.kijiji.ca/b-cars-trucks/c174l0,https://kijiji.ca/cars,2026-01-29 10:12:22,0.9229752709634405,0.893491344634904,0.8974721084592575,1.5550726545201238e-05,0.8590258491215099,0.8862922621778947,0.9251054852320676,0.7955088389870999,0.961166717491176,0.759252506900951,0.5908664626789208,0.8434754900648763,0.8-0.9,Q1 (Bottom 25%)
https://www.autoscout24.com/,https://autoscout24.com,2026-01-29 10:12:51,0.967220217050334,0.9481848985181018,0.9963280860282726,0.0,0.9803293734759678,0.9360382957883298,0.9438818565400844,0.9608217869087434,0.992653810970096,0.9776239178032252,0.8213632838854347,0.9163553090909962,≥0.9,Q3 (50-75%)
https://www.autoscout24.de/,https://autoscout24.de,2026-01-29 10:13:24,0.9816168754591792,0.9384996099381756,0.9876006213811608,6.001754023105831e-05,0.9772123674009376,0.938777429469335,0.921940928270042,0.9426660296225512,0.9885289558903,0.9666494943990428,0.7862803777039341,0.9139185431240492,≥0.9,Q3 (50-75%)
https://www.autoscout24.at/,https://autoscout24.at,2026-01-29 10:13:56,0.9764063944973098,0.9481847357564916,0.994209857364779,0.0001600467739494,0.9756974124856018,0.9460658701448784,0.9333333333333332,0.945054945054945,0.9880879137079988,0.9724632879272628,0.7993781453165403,0.9164499617127796,≥0.9,Q3 (50-75%)
https://www.autoscout24.ch/de,https://autoscout24.ch,2026-01-29 10:14:25,0.952423067901974,0.9465422718376152,0.9320152520830391,0.0008891270563958,0.9568427618365498,0.9383849202071386,0.9945147679324896,0.9440993788819876,0.9841394296606988,0.903961064521142,0.8445988505393172,0.9016335766982427,≥0.9,Q2 (25-50%)
https://www.autoscout24.it/,https://autoscout24.it,2026-01-29 10:14:55,0.9820610377550586,0.9384997027404388,0.9972320293743822,0.0,0.9785409722123172,0.9419784664690628,0.9350210970464136,0.9436215957955087,0.9852457373673866,0.972470322538488,0.8136311591748294,0.917607437322215,≥0.9,Q3 (50-75%)
https://www.autoscout24.fr/,https://autoscout24.fr,2026-01-29 10:15:28,0.9710767407517334,0.94455299888152,0.9953678858918232,0.0,0.9787738388984044,0.9355789074646776,0.9352320675105484,0.9593884376493071,0.9911368749292856,0.9686472849058192,0.7919390313661486,0.9149549387705144,≥0.9,Q3 (50-75%)
https://www.autoscout24.es/,https://autoscout24.es,2026-01-29 10:15:53,0.9680218837982408,0.9452793788088364,0.9991809066516028,0.0,0.9808169744948972,0.9461809071820864,0.9438818565400844,0.9565217391304348,0.9922640463957556,0.9802765524527188,0.8492916884791715,0.9182045264835195,≥0.9,Q3 (50-75%)
https://www.autoscout24.nl/,https://autoscout24.nl,2026-01-29 10:16:25,0.9868274594584674,0.9433423656693264,0.9968083604010732,0.0,0.979479399795498,0.9376065190378104,0.9031645569620254,0.9555661729574771,0.9889672540138688,0.9742411686709056,0.8021804106443158,0.9168078505869365,≥0.9,Q3 (50-75%)
https://www.autoscout24.be/,https://autoscout24.be,2026-01-29 10:16:37,0.9903372482211784,0.9673129032707652,0.9996610648213528,0.0,0.9942471634350318,0.9709676042683718,0.99957805907173,0.9976110845676064,0.9989886392721448,0.997436587669546,0.9675812521637538,0.9396291875236603,≥0.9,Q4 (Top 25%)
https://www.autoscout24.lu/,https://autoscout24.lu,2026-01-29 10:17:05,0.9842276159305332,0.9451583154876172,0.9990114390622792,4.00116934873722e-05,0.9829962403547774,0.9414854338097154,0.9394514767932488,0.9574773053033924,0.9912243219053644,0.9804327599030912,0.8278991035177155,0.9212952519098258,≥0.9,Q3 (50-75%)
https://www.autoscout24.se/,https://autoscout24.se,2026-01-29 10:17:34,0.9674585658572769,0.9481848985181018,0.9942381019629996,0.006303380635549,0.9804454798580452,0.9313673073568312,0.939873417721519,0.9608217869087434,0.9925788873432672,0.9758276298268768,0.8233966292564712,0.9156479539262156,≥0.9,Q3 (50-75%)
https://autoscout24.fi/,https://autoscout24.fi,2026-01-29 10:18:28,0.9726320700084616,0.8470714503818696,1.0,0.0188274127219054,0.9837061706678746,0.9488189062863812,0.999789029535865,0.9933110367892976,0.9946860379471234,0.9953895939653664,0.9517465400934836,0.9196900774387201,≥0.9,Q3 (50-75%)
https://www.autoscout24.pl/,https://autoscout24.pl,2026-01-29 10:18:55,0.9843494068422024,0.9481848985181018,0.9988137268747352,0.006303380635549,0.9842674108558482,0.9436594872227168,0.9426160337552744,0.9608217869087434,0.9927559969159326,0.9837422709163224,0.8377112313637225,0.9230305940750074,≥0.9,Q3 (50-75%)
https://www.autoscout24.cz/,https://autoscout24.cz,2026-01-29 10:19:24,0.9847311679065376,0.9481848985181018,0.9981076119192204,0.006303380635549,0.9825480092547042,0.938538598759067,0.9421940928270042,0.9608217869087434,0.9924429704852162,0.981470560464672,0.8207856607625932,0.9218198960586814,≥0.9,Q3 (50-75%)
https://www.autoscout24.hu/,https://autoscout24.hu,2026-01-29 10:20:14,0.9842276159305332,0.9530274313668772,0.9973732523654852,0.0001200350804621,0.9823932244143913,0.9428517824133046,0.9421940928270042,0.9608217869087434,0.9925850312334686,0.9783197190157422,0.8108223617600429,0.9219104403990206,≥0.9,Q3 (50-75%)
https://www.autoscout24.ro/,https://autoscout24.ro,2026-01-29 10:20:41,0.984773653904769,0.9481848985181018,0.9987289930800736,0.0,0.9839797690276,0.9280507846311902,0.9132911392405064,0.9608217869087434,0.992539827481728,0.983172232920042,0.8377821511655577,0.9188401395038439,≥0.9,Q3 (50-75%)
https://www.autoscout24.bg/,https://autoscout24.bg,2026-01-29 10:21:08,0.9846497266494636,0.9455215054512752,0.9976274537494704,0.0,0.983390296760741,0.939457159497914,0.939029535864979,0.9608217869087434,0.9924688193911412,0.9811756148484698,0.8358225250622181,0.9214069106532239,≥0.9,Q3 (50-75%)
https://www.autoscout24.hr/,https://autoscout24.hr,2026-01-29 10:21:36,0.9678701981103456,0.9481848985181018,0.9959044433605604,0.006303380635549,0.9806905501165988,0.9328915598147,0.940506329113924,0.9608217869087434,0.99252135761077,0.978067879933881,0.8294472081393537,0.9164041472855772,≥0.9,Q3 (50-75%)
https://autoscout24.lt/,https://autoscout24.lt,2026-01-29 10:22:13,0.9913247312976592,0.97173648953532,0.9998870216071176,0.0052786780315545,0.994835073471396,0.971522409185103,1.0,0.9952221691352128,0.9991720264362492,0.9973642874986204,0.9350057342392404,0.9400524891174276,≥0.9,Q4 (Top 25%)
https://autoscout24.am/,https://autoscout24.am,2026-01-29 10:28:51,0.9921890714570094,0.9901303780521536,0.9706821070470272,0.0002396394896052,0.958642172774137,0.9827359048099884,0.9993670886075948,0.967032967032967,0.9887868082769904,0.9456199149531136,0.5855148171062294,0.923549372840314,≥0.9,Q3 (50-75%)
https://generalinteresttopics.com/?d=autoscout24.uk&pkAId=2143526812,https://autoscout24.uk,2026-01-29 10:31:05,0.988273875113101,0.9344758894023416,1.0,0.0,0.9930187092084276,0.9720730442806716,1.0,0.99617773530817,0.9989507954551944,1.0,0.9514637940414302,0.935510585639204,≥0.9,Q4 (Top 25%)
https://www.autotrader.co.uk/?refresh=true,https://autotrader.co.uk,2026-01-29 10:31:35,0.9092633649915538,0.8004832261006175,0.9880807795509108,0.0026914520361083,0.9375317874940818,0.9424724833755777,0.950632911392405,0.910654562828476,0.9693463554688444,0.9143954642702724,0.8045030341544167,0.8762165094658412,0.8-0.9,Q1 (Bottom 25%)
https://www.carwow.co.uk/,https://carwow.co.uk,2026-01-29 10:32:03,0.9444821730692052,0.8520593175009803,0.9816975003530576,0.0334023873908962,0.9567907354707904,0.9317477549108168,0.9786919831223628,0.921165790731008,0.9707176972286962,0.9443507538445716,0.8302301254254022,0.8964069210051796,0.8-0.9,Q2 (25-50%)
https://www.cinch.co.uk/,https://cinch.co.uk,2026-01-29 10:32:34,0.9750197330283776,0.8749410094902661,0.9779409687897188,0.003553935091296,0.9610792901399864,0.9122643557320566,0.9147679324894517,0.963688485427616,0.9870376459200184,0.9485525271293692,0.797085382775633,0.8996294434245088,0.8-0.9,Q2 (25-50%)
https://www.cazoo.co.uk/,https://cazoo.co.uk,2026-01-29 10:33:14,0.9742614545556736,0.9302433368649152,0.9666713740997034,0.0222746120465266,0.941258433797925,0.9143666668201575,0.8670886075949367,0.915910176779742,0.9499598288265076,0.8961788304474234,0.7208353979394065,0.8916717391939777,0.8-0.9,Q2 (25-50%)
https://www.motors.co.uk/,https://motors.co.uk,2026-01-29 10:33:43,0.9784861858574768,0.9234873742859682,0.9500635503459964,0.0085648258825404,0.9516378951005742,0.9259130552167064,0.8938818565400843,0.9761108456760632,0.9899809194963902,0.9231840776420984,0.8253674532232583,0.9003702972731612,≥0.9,Q2 (25-50%)
https://www.vroom.com/,https://vroom.com,2026-01-29 10:33:56,0.9790664657514668,0.9668652804886744,0.9988702160711764,0.0,0.9875369662788068,0.9736487378889384,0.999789029535865,0.99617773530817,0.9983906127367912,0.9947724631550512,0.9601897291330148,0.9356441957585544,≥0.9,Q4 (Top 25%)
https://www.carvana.com/,https://carvana.com,2026-01-29 10:34:33,0.9354151142266078,0.9061753934723648,0.9512780680694818,0.0019119977497199,0.9076282321291048,0.8933627021873968,0.970675105485232,0.895843287147635,0.9645674530351642,0.8255144411188973,0.7422419802301721,0.876164699513014,0.8-0.9,Q1 (Bottom 25%)
https://shift.com/,https://shift.com,2026-01-29 10:34:52,0.9874773086054748,0.9843826531738448,0.9733370992797628,0.0,0.9719509601332784,0.9754506329720426,0.9970464135021097,0.9675107501194458,0.9886933256450452,0.9591495436413212,0.9103918972260092,0.9300485696060087,≥0.9,Q4 (Top 25%)
https://getaround.com/,https://getaround.com,2026-01-29 10:35:06,0.9857428074452608,0.972757580242293,0.995932777856235,0.0107652661033768,0.9819727853493074,0.9819551107635862,0.99957805907173,0.9794553272814144,0.994161903629052,0.9840297911095646,0.9499380851466872,0.9367213602351855,≥0.9,Q4 (Top 25%)
https://turo.com/,https://turo.com,2026-01-29 10:35:30,0.9774393739183224,0.9763926523622192,0.9833639316480725,0.0009428138326971,0.9713572409638992,0.977238108352326,0.9898734177215188,0.9354992833253702,0.99054975459488,0.924359287609614,0.8681843504259388,0.9250609438297084,≥0.9,Q4 (Top 25%)
https://www.zipcar.com/,https://zipcar.com,2026-01-29 10:36:13,0.9819809396031014,0.9098165925244052,0.8664905234578243,0.0450628264916881,0.910315347682442,0.9271402176278036,0.99873417721519,0.9130434782608696,0.9678687976258532,0.806670359055937,0.6890166689528971,0.8830139036844814,0.8-0.9,Q2 (25-50%)
https://www.searchhounds.com/articles/smart-car-listings-compare-and-buy.html?psystem=PW&domain=drivenow.com&oref=https%3A%2F%2Fdrivenow.com%2F,https://drivenow.com,2026-01-29 10:37:18,0.9561902620269734,0.8303516058500489,0.9988137268747352,0.3078348472489713,0.972274289899537,0.9470211143654432,0.999789029535865,0.9655996177735308,0.9931551205769013,0.9810811947333584,0.8871255364476458,0.9235372289273884,≥0.9,Q3 (50-75%)
https://enjoy.eni.com/it/station-based/home,https://enjoy.eni.com,2026-01-29 10:37:55,0.8685346496685759,0.6928359978353615,0.9897472108459258,0.004148353987395,0.9209762059066828,0.8250838661315801,0.9417721518987342,0.9006211180124224,0.930293198091518,0.9684271015744712,0.744098959251908,0.8385704450386832,0.8-0.9,Q1 (Bottom 25%)
https://blablacar.com/,https://blablacar.com,2026-01-29 10:38:08,0.9863290867329684,0.9429787880041776,0.9984465470978676,0.0,0.988636171665884,0.9812310404449822,0.971518987341772,0.9971333014811276,0.9974278683255968,0.9947826242601544,0.9639158181952217,0.9337435969714389,≥0.9,Q4 (Top 25%)
https://www.uber.com/us/en/ride/,https://uber.com/ride,2026-01-29 10:38:41,0.9365042576455794,0.7746059252262477,0.8248834910323399,0.0644430417034886,0.9170805119511988,0.8892656714100554,0.9845991561181434,0.9273769708552316,0.9849515500777126,0.7965581445009184,0.7846016313420733,0.8519142454513595,0.8-0.9,Q1 (Bottom 25%)
https://www.grab.com/sg/,https://grab.com,2026-01-29 10:39:03,0.9586281437622098,0.8997595700303465,0.9994633526338088,0.0506256231844577,0.968204614052362,0.955218413676396,0.9727848101265822,0.9445771619684664,0.9612682094639224,0.9856482597466102,0.8821555513874619,0.9142489863634788,≥0.9,Q3 (50-75%)
https://gojek.com/en-id,https://gojek.com,2026-01-29 10:39:30,0.9591593788071712,0.948963917560452,0.9962999576331026,0.0040507709777671,0.9461963884211576,0.88356493791292,0.9881856540084388,0.9512661251791686,0.9753663555568326,0.97532930578392,0.837240921098921,0.9069912767939292,≥0.9,Q3 (50-75%)
https://www.ebay.com/str/Knepper-Time-Watches-Jewelry,https://ola.com,2026-01-29 10:40:04,0.938736818065394,0.8968537587148249,0.9665301511086004,0.0017111605092307,0.946622962781654,0.8354941428565963,0.9141350210970464,0.956043956043956,0.980190926513222,0.9364338069658908,0.7683973897780304,0.8796543407074197,0.8-0.9,Q2 (25-50%)
https://didi.co/filter/,https://didi.com,2026-01-29 10:40:26,0.973948523901765,0.8921626081295624,1.0,0.0,0.984489937473319,0.8873610079906007,0.961181434599156,0.981844242713808,0.9858359519304324,0.998173697682424,0.8811822704228034,0.9123018251242623,≥0.9,Q3 (50-75%)
https://99app.com/,https://99app.com,2026-01-29 10:40:52,0.9473087013524958,0.9808705612600932,0.9917525773195875,0.0,0.9613584355893442,0.97575370591375,0.99873417721519,0.9331103678929766,0.985838059316605,0.9715204546172218,0.8464063723308259,0.9184714617964073,≥0.9,Q3 (50-75%)
https://cabify.com/es,https://cabify.com,2026-01-29 10:41:11,0.9612401233671718,0.954560762983723,0.9851998305324108,0.0773079758992688,0.9768464445311656,0.9556837388168408,0.9632911392405064,0.9737219302436694,0.9931093629200336,0.9776352122623592,0.910893001615292,0.9230139282196909,≥0.9,Q3 (50-75%)
https://venture.com/domains/beat.com,https://beat.com,2026-01-29 10:41:28,0.9586623225865176,0.8513336667438934,0.9962692254416428,0.0914014407903042,0.9744591322585968,0.958655667288762,0.9761603375527426,0.9718107978977544,0.9868298105296206,0.9805179177800892,0.9286416151798236,0.9154654817449588,≥0.9,Q3 (50-75%)
https://www.careem.com/,https://careem.com,2026-01-29 10:41:53,0.9453738232251484,0.8900689858513384,0.9835622875784528,0.1284176700054207,0.944503133226876,0.9687089665414802,0.9959915611814346,0.9565217391304348,0.9440711615541404,0.9474538771806904,0.8497853276261556,0.9094997726846741,≥0.9,Q3 (50-75%)
https://www.hugedomains.com/domain_profile.cfm?d=inwai.com,https://inwai.com,2026-01-29 10:42:09,0.9795688592990592,0.9096280952572112,0.9930800734359554,0.0088011190888272,0.9686825370409464,0.9671294622873342,0.99957805907173,0.9698996655518396,0.9893969888915092,0.9724263171371572,0.9359584857875785,0.9237782250671631,≥0.9,Q4 (Top 25%)
https://www.free-now.com/uk/,https://free-now.com,2026-01-29 10:42:53,0.9722466070764446,0.9126145964709688,0.9819532800451912,0.0036564048704359,0.9714577345998808,0.9511650787455512,0.9875527426160338,0.963688485427616,0.9853100731295472,0.9585721193032548,0.864679419166823,0.9160632842520166,≥0.9,Q3 (50-75%)
https://taxify.com/,https://taxify.com,2026-01-29 10:43:05,0.9935003911801648,0.9779664755380714,1.0,0.0,0.9961303789921738,0.9859960622024864,0.999789029535865,0.9995222169135212,0.9993600995103932,1.0,0.9768689467382956,0.9436667023725148,≥0.9,Q4 (Top 25%)
https://www.dropcatch.com/domain/yandex-taxi.com,https://yandex-taxi.com,2026-01-29 10:43:31,0.950990801312806,0.7427035977004028,0.9694675893235418,0.0050353871158392,0.9531505847599676,0.9010895317799308,0.99915611814346,0.957955088389871,0.9816413684718946,0.9260289135027334,0.8441425376038252,0.8836912854926319,0.8-0.9,Q2 (25-50%)
https://citymapper.com/,https://citymapper.com,2026-01-29 10:43:57,0.9575245025136648,0.803027564814816,0.9867815280327638,0.1357689704485756,0.9633412687295906,0.9208729735839166,0.9951476793248946,0.9794553272814144,0.9784915646838724,0.9707430128333194,0.8381852742496732,0.9051863032713345,≥0.9,Q3 (50-75%)
https://moovit.com/,https://moovit.com,2026-01-29 10:44:13,0.977878516575164,0.9421317324571324,0.9993221296427058,0.001304667829046,0.9844422185067012,0.9728321142260848,0.99873417721519,0.9761108456760632,0.9908428468077516,0.9931296860281053,0.9347519160010936,0.9307304133431278,≥0.9,Q4 (Top 25%)
https://transitapp.com/,https://transit.app,2026-01-29 10:44:40,0.956387402406814,0.9039964939905908,0.9863296144612343,0.0013100078802206,0.9564247025796386,0.9628763504900448,0.9845991561181434,0.9407548972766364,0.9774095651355152,0.929782660214834,0.8426102966220712,0.9082051531225847,≥0.9,Q3 (50-75%)
https://www.thetrainline.com/,https://trainline.com,2026-01-29 10:45:03,0.9511877466307684,0.9433421611542692,0.9586217520282442,0.047940074906367,0.951432684079696,0.9252972381645278,0.9913502109704642,0.9555661729574771,0.980429767857279,0.9263471905794988,0.867158812765191,0.9061840203282023,≥0.9,Q3 (50-75%)
https://www.thetrainline.com/?redirected=true,https://trainline.eu,2026-01-29 10:45:37,0.9459665853444368,0.8664671566950146,0.9153786691261456,0.047940074906367,0.9509061483155729,0.8989518787998191,0.9911392405063292,0.9550883898709984,0.98042434340707,0.8712037720523342,0.7816845879139593,0.8851426920181238,0.8-0.9,Q2 (25-50%)
https://www.bahn.de/,https://bahn.de,2026-01-29 11:14:07,0.98075714901664,0.9288009818317078,0.970403949289198,0.1551008850204779,0.9592091950178134,0.9172122131529544,0.9993670886075948,0.89775441949355,0.9818700039548188,0.9110995535054096,0.8210889362309671,0.9167657364709717,≥0.9,Q3 (50-75%)
https://www.trenitalia.com/it.html,https://trenitalia.com,2026-01-29 11:14:41,0.9352572603644336,0.8871591345758507,0.9886739161135432,0.0498472861627369,0.9589054416970226,0.870413216075467,0.9225738396624472,0.9660774008600096,0.9799543071563988,0.9659061704795824,0.7716979600292264,0.8906000762397901,0.8-0.9,Q2 (25-50%)
https://www.renfe.com/es/en,https://renfe.com,2026-01-29 11:15:21,0.9234682912883072,0.8312988068425993,0.997994633526338,0.0,0.9531168687811906,0.8933732957351206,0.9993670886075948,0.9536550406115624,0.9718266471265068,0.9782783320530342,0.7119554922254168,0.8867743195096773,0.8-0.9,Q2 (25-50%)
https://www.ns.nl/,https://ns.nl,2026-01-29 11:15:57,0.9221364692538218,0.9202750901961938,0.8755089614087195,0.0243167233881387,0.9307805043999764,0.8819471565933303,0.9945147679324896,0.9546106067845198,0.9734146485584342,0.8572087647504083,0.764694629598006,0.8720358575684047,0.8-0.9,Q1 (Bottom 25%)
https://www.sbb.ch/de,https://sbb.ch,2026-01-29 11:16:23,0.9444693929516492,0.929782034963682,0.9542437508826436,0.0351031954737429,0.9641043011542788,0.8788355208363228,0.9947257383966244,0.9627329192546584,0.9912697230255988,0.9350044130461088,0.8447005644656334,0.8998187357103133,0.8-0.9,Q2 (25-50%)
https://www.oebb.at/,https://oebb.at,2026-01-29 11:16:56,0.9702750073911528,0.9577487785578076,0.9871204632114108,0.0326317223002683,0.9819146112231824,0.8913733086732012,0.9426160337552744,0.9493549928332538,0.9833581369290274,0.9801190553236218,0.7797464243822279,0.9123829253361215,≥0.9,Q3 (50-75%)
https://www.dsb.dk/,https://dsb.dk,2026-01-29 11:17:25,0.9142218985082882,0.6648773393793086,0.9830249964694252,0.0016608484370895,0.9143090207457196,0.83922272476801,0.9575949367088608,0.9608217869087434,0.9664819401557208,0.9462234455150602,0.8172816626587647,0.8526184722286939,0.8-0.9,Q1 (Bottom 25%)
https://www.sj.se/,https://sj.se,2026-01-29 11:17:53,0.9528092821619368,0.9016899563123058,0.986555571246999,0.0,0.9717857555084372,0.8818527617609179,1.0,0.9135212613473483,0.9898070378536026,0.9553993533160066,0.8278029885231232,0.9021049701659425,≥0.9,Q2 (25-50%)
https://www.vr.fi/,https://vr.fi,2026-01-29 11:19:03,0.9807177790493896,0.9481845400117712,0.996695382008191,0.0,0.9767356635100696,0.940482819124446,0.9561181434599156,0.9292881032011466,0.9751870621972872,0.9739302388547528,0.870507907091327,0.9196180585153604,≥0.9,Q3 (50-75%)
https://pkp.pl/,https://pkp.pl,2026-01-29 11:19:23,0.9673950781749466,0.9405524850391732,1.0,0.0,0.9805882640094092,0.894368608015385,1.0,0.9966555183946488,0.9905441073092754,1.0,0.8962060705484061,0.9198412248897291,≥0.9,Q3 (50-75%)
https://www.cd.cz/,https://cd.cz,2026-01-29 11:20:03,0.9166394120633752,0.9087497924060568,0.9984465470978676,0.0004110389147202,0.9499645008976016,0.7805339896581643,0.9993670886075948,0.9617773530817008,0.9777823560194134,0.9785249733388234,0.7218180104569382,0.8819090554958896,0.8-0.9,Q2 (25-50%)
https://www.zssk.sk/,https://zssk.sk,2026-01-29 11:20:44,0.9362277183206672,0.8376525145616438,0.98517158593419,0.0017946704629462,0.9323167009942968,0.8182280659782224,0.8845991561181434,0.9273769708552316,0.9642415021514852,0.949420285505168,0.6975475745894351,0.8667299928081861,0.8-0.9,Q1 (Bottom 25%)
https://www.mavcsoport.hu/,https://mav.hu,2026-01-29 11:21:20,0.9649561292144848,0.8482211661460151,1.0,0.6372954020240656,0.9791104086666922,0.7910337535667776,0.99915611814346,0.9761108456760632,0.9924579068234676,0.9944931890894118,0.7555403762295487,0.9275717665339448,≥0.9,Q4 (Top 25%)
https://cfr.ro/,https://cfr.ro,2026-01-29 11:22:06,0.9644683355971708,0.9175180541368576,0.995113684507838,0.0051951800626935,0.97319870789379,0.8683660921331333,0.938396624472574,0.9498327759197324,0.9363435483604284,0.9639100604632652,0.6764424014564687,0.8985379485570776,0.8-0.9,Q2 (25-50%)
https://www.bdz.bg/bg,https://bdz.bg,2026-01-29 11:22:37,0.9161280743295036,0.6648300894871506,0.998079367321,0.0442889491172133,0.9441007995101754,0.7866419313178207,0.8789029535864978,0.9837553750597228,0.989066441231949,0.9915322430623882,0.7947935533900132,0.8526723180110446,0.8-0.9,Q1 (Bottom 25%)
https://hzpp.hr/,https://hzpp.hr,2026-01-29 11:23:12,0.9675561159219108,0.8885122755710217,0.9930800734359554,0.0035623555661805,0.94767450290019,0.842753771139706,0.7054852320675106,0.981844242713808,0.9508257480748185,0.9644727511989324,0.7617309284055269,0.8745766296693165,0.8-0.9,Q1 (Bottom 25%)
https://potniski.sz.si/,https://slo-zeleznice.si,2026-01-29 11:23:45,0.956673448773824,0.937167066942907,0.994351080355882,0.0133765509241227,0.9741534157124764,0.8571781978624499,0.94831223628692,0.974199713330148,0.9914277769885514,0.9804828619674838,0.7895529532965111,0.9044381854514332,≥0.9,Q3 (50-75%)
https://www.ldz.lv/,https://ldz.lv,2026-01-29 11:24:37,0.94520770963567,0.8205821865068663,0.9998305324106764,0.4500292539982379,0.9672755514289278,0.8579756861949233,0.9462025316455696,0.9493549928332538,0.9780022563548182,0.9907069659221548,0.7875690651557016,0.9100811030756746,≥0.9,Q3 (50-75%)
https://elron.ee/,https://elron.ee,2026-01-29 11:25:05,0.9320116417230326,0.9704963973370964,0.9935319870074848,0.0208428320720602,0.9511178571988474,0.9226726818756784,0.9972573839662447,0.959866220735786,0.9724027148252752,0.966070506814037,0.8315272112747555,0.9080827390881063,≥0.9,Q3 (50-75%)
https://zugzugzug.com/rail-lv/,https://rail.lv,2026-01-29 11:25:22,0.9915938392596798,0.9530274313668772,1.0,0.0,0.9949952901632116,0.9366247981679016,0.9983122362869198,0.9837553750597228,0.998250621174358,0.9977587728636588,0.9287200002239572,0.9337877705069487,≥0.9,Q4 (Top 25%)
https://www.tutu.ru/,https://tutu.ru,2026-01-29 11:26:17,0.9479546966018232,0.8737655081588963,0.9691432436427616,0.0009229075115435,0.9128116396915464,0.891242844993379,0.9381856540084388,0.895843287147635,0.943894064714926,0.9152287530510675,0.5820938698229712,0.874419686194065,0.8-0.9,Q1 (Bottom 25%)
https://www.booking.com/?aid=2436563,https://booking.uz,2026-01-29 11:27:16,0.9659311806711464,0.8764553806694895,0.9134303064538908,0.0,0.9124519678771482,0.910899746958896,0.9951476793248946,0.8877209746774964,0.968230083836597,0.8651101182408728,0.7137219551842843,0.8795271472353395,0.8-0.9,Q2 (25-50%)
https://kazrail.kz/login_up.php,https://kazrail.kz,2026-01-29 11:27:42,0.9025106644137814,0.5293746588363786,0.9826013274961164,0.0098851125311624,0.9419585406629118,0.8396731310416825,0.980379746835443,0.9894887720974678,0.9889724619954072,0.964852229393357,0.849654685885933,0.8455696483578001,0.8-0.9,Q1 (Bottom 25%)
https://railway.kg/,https://railway.kg,2026-01-29 11:28:17,0.9471163586065082,0.8962166750676879,0.9953678858918232,0.0510557070217332,0.968417079968396,0.9035432795827228,1.0,0.967032967032967,0.9780205479574592,0.9768490162955988,0.7607921741864986,0.9064305797560466,≥0.9,Q3 (50-75%)
https://railway.uz/uz/,https://railway.uz,2026-01-29 11:28:56,0.9670794813275349,0.8553293311428309,0.9952549074989409,0.0072260386476025,0.967560322154559,0.8504421671166859,0.9158227848101266,0.952221691352126,0.9765835334230716,0.9896802253326668,0.7308444215510348,0.8919591312517325,0.8-0.9,Q2 (25-50%)
https://domains.atom.com/lpd/name/railway.tm,https://railway.tm,2026-01-29 11:29:15,0.9858494146235496,0.958959290337395,0.996412936025985,0.0338952724607926,0.9808040865215572,0.9651502377930616,0.9968354430379748,0.9684663162924032,0.9949403058673024,0.9881698161402744,0.9127733095192104,0.9334525863167198,≥0.9,Q4 (Top 25%)
https://ticket.ady.az/,https://ady.az,2026-01-29 11:30:19,0.9173427903027797,0.9190902007462116,0.9394153368168338,0.0023965778756648,0.9290097830154136,0.8670036032775641,0.8073839662447257,0.9488772097467748,0.9744477261873018,0.8744197618174436,0.7005243399559364,0.8613512716191017,0.8-0.9,Q1 (Bottom 25%)
https://www.railway.am/,https://railway.am,2026-01-29 11:30:46,0.9087429095124456,0.8839596892079532,0.9967236266064116,0.0122643110169185,0.9452000272568396,0.8400453064957845,0.9993670886075948,0.9655996177735308,0.9179622512891968,0.9854344857277118,0.8378708009178515,0.8832459381628466,0.8-0.9,Q2 (25-50%)
https://www.railway.ge/,https://railway.ge,2026-01-29 11:31:20,0.9077112046803733,0.8582140101719484,0.9927128936590878,0.7760299625468166,0.943160840722564,0.7663293576423095,0.9331223628691984,0.9784997611084568,0.9087780395131596,0.9783344135369682,0.7721356098589722,0.9037149977584269,≥0.9,Q3 (50-75%)
https://rail.is/,https://rail.is,2026-01-29 11:32:34,0.9997833463726722,0.9987893667878062,1.0,0.0,0.9998710126330724,0.9851902966591416,0.999789029535865,1.0,0.9999994397281474,1.0,0.9748132056403638,0.947803818897626,≥0.9,Q4 (Top 25%)
https://www.nationalrail.co.uk/,https://nationalrail.co.uk,2026-01-29 11:33:16,0.9537654156532972,0.9625909679041288,0.9756249117356306,0.0172877090345172,0.9540762579273584,0.9279081530690784,0.9972573839662447,0.945054945054945,0.9766014430221768,0.9455426514731572,0.8847039984770906,0.9110626061512087,≥0.9,Q3 (50-75%)
https://www.traintickets.com/,https://traintickets.com,2026-01-29 11:33:35,0.9748138194124184,0.9365622843062136,0.9954243750882644,0.0,0.97985210996962,0.9521831521833916,0.9542194092827004,0.9904443382704252,0.9906184515640748,0.986985539340516,0.9095333943616892,0.9223799142707878,≥0.9,Q3 (50-75%)
https://redspottedhanky.com/,https://redspottedhanky.com,2026-01-29 11:33:57,0.9848017084517722,0.9319378650724102,0.9974862307583676,0.0,0.9823074242442948,0.9075347593093804,0.9050632911392406,0.9832775919732442,0.992858768600524,0.9897436540772138,0.8834507709262406,0.9160311440156806,≥0.9,Q3 (50-75%)
https://www.flixbus.com/,https://flixbus.com,2026-01-29 11:34:45,0.9773687427542876,0.9296779019648024,0.9818387233441604,0.0707877775300596,0.9545812214359176,0.9209734460056164,0.99873417721519,0.9369326325848064,0.9837532177192416,0.9388530488474026,0.8440212274164756,0.915793354793783,≥0.9,Q3 (50-75%)
https://www.greyhound.com/,https://greyhound.com,2026-01-29 11:35:11,0.9766965103218476,0.9339179629989032,0.9785058607541308,0.0752148002302882,0.9411406187272788,0.9284298712877334,0.99915611814346,0.923554706163402,0.980663955124924,0.930273168023096,0.84172099963327,0.9136577421989885,≥0.9,Q3 (50-75%)
https://www.flixbus.com/boltbus?utm_source=boltbus&utm_medium=referral/,https://boltbus.com,2026-01-29 11:35:38,0.9812651728198196,0.9325371346100756,0.96209514021234,0.0040531885707614,0.9496401818106048,0.9252682850479964,0.9993670886075948,0.9488772097467748,0.98748721951462,0.9289576957239882,0.8429182378668817,0.9109012558336228,≥0.9,Q3 (50-75%)
https://peterpan.com/,https://peterpan.com,2026-01-29 11:35:54,0.9758859508648936,0.9760286910198628,0.9995480864284706,0.0055897930673557,0.9854821687883664,0.9800191264096528,0.99915611814346,0.9565217391304348,0.9878065872040314,0.9987068821321188,0.9340931083682568,0.9339719197099311,≥0.9,Q4 (Top 25%)
https://trailways.com/,https://trailways.com,2026-01-29 11:36:22,0.976803041006242,0.9449698963716724,0.9813020759779691,0.0,0.9744743820552864,0.9639884834909592,0.960759493670886,0.9603440038222648,0.9905975432372136,0.947232169683577,0.8451064870156108,0.9192082614528456,≥0.9,Q3 (50-75%)
https://bonanza.com/,https://bonanza.com,2026-01-29 11:36:55,0.99058731241245,0.998949808533043,0.9966671374099704,0.0052981069958847,0.9940187541385016,0.9950214968907288,1.0,0.9918776875298616,0.9978136600631646,0.984874061700106,0.9600973467595716,0.9443988298004693,≥0.9,Q4 (Top 25%)
https://www.cttransit.com/,https://cttransit.com,2026-01-29 11:37:29,0.9494022844081867,0.8591403708045189,0.9800310690580428,0.0073733531877138,0.9505962842578216,0.8784499992874881,0.9597046413502108,0.9703774486383182,0.9834233385658692,0.9571433116010744,0.7821353019177274,0.890786353834573,0.8-0.9,Q2 (25-50%)
https://www.go-metro.com/,https://go-metro.com,2026-01-29 11:37:59,0.960395280730832,0.874820013563743,0.985934190086146,0.0109619012571841,0.9158484436203574,0.9487075628393842,0.9947257383966244,0.8705207835642619,0.9703525718824172,0.9263561792493976,0.8115959474932183,0.8962391037663049,0.8-0.9,Q2 (25-50%)
https://marta.com/,https://marta.com,2026-01-29 11:38:22,0.8460209131190213,0.7945533623532798,1.0,0.0113940916588247,0.9052115637056009,0.8466668264456704,0.9622362869198312,0.963688485427616,0.967337717210155,0.997179159979878,0.8725291214436286,0.853592802985999,0.8-0.9,Q1 (Bottom 25%)
https://www.metro.net/,https://metro.net,2026-01-29 11:38:55,0.9726906123035902,0.9004611627864354,0.985595254907499,0.0345844290381703,0.9552718457447388,0.8853898222123321,0.9691983122362868,0.9225991399904444,0.983996904141478,0.9504540607058808,0.7858903187938409,0.9031436324596929,≥0.9,Q2 (25-50%)
https://wmata.com/,https://wmata.com,2026-01-29 11:39:19,0.8708830758854583,0.7561776604361253,0.9957350656686909,0.0240109867820018,0.9218587906870048,0.8975131745617533,0.9246835443037976,0.9488772097467748,0.9648482447341816,0.973729986921876,0.8601489502469596,0.8591307607305256,0.8-0.9,Q1 (Bottom 25%)
https://www.septa.org/,https://septa.org,2026-01-29 11:39:41,0.90811328260641,0.8452281239774337,0.9873744813354522,0.7381263570915388,0.9441335175880836,0.9482107898602834,1.0,0.9182990922121356,0.9660087905762326,0.9469302285373236,0.8870779455279932,0.9250572085213226,≥0.9,Q4 (Top 25%)
https://www.mbta.com/,https://mbta.com,2026-01-29 11:40:35,0.635975924855327,0.4694967703357241,0.984296003389352,0.0025443595935393,0.7750585988637614,0.8911174734967597,0.9985232067510548,0.8576206402293359,0.8519157053934996,0.8079914199628517,0.5817047440681651,0.7351430475603423,0.7-0.8,Q1 (Bottom 25%)
https://www.njtransit.com/,https://njtransit.com,2026-01-29 11:41:01,0.9300638359106482,0.8707035031525965,0.9925716706679848,0.0036082497620563,0.937998674744327,0.9545145843052488,0.9930379746835444,0.8743430482560918,0.977451731959146,0.9559800604726446,0.8455292063607597,0.8943487465433574,0.8-0.9,Q2 (25-50%)
https://www.mta.info/,https://mta.info,2026-01-29 11:41:48,0.9642457106283742,0.8909812706679514,0.9840418020053664,0.1895671128352886,0.9537356530234304,0.946714609808304,0.9974683544303796,0.935977066411849,0.978845363625314,0.9652018886524216,0.846066703806247,0.9175917270058933,≥0.9,Q3 (50-75%)
https://www.caltrain.com/,https://caltrain.com,2026-01-29 11:42:17,0.9204861824850664,0.8704593286178378,0.9855387657110576,0.0006342077965228,0.9515769624635666,0.9621437958751736,0.9947257383966244,0.9531772575250836,0.9685631718196704,0.9600530222096744,0.8218979818650601,0.8960676240136023,0.8-0.9,Q2 (25-50%)
https://bart.gov/,https://bart.gov,2026-01-29 11:42:35,0.9901039420387644,0.9985882593726908,0.99234571388222,0.0052981069958847,0.990308235263454,0.9878096544671968,1.0,0.9827998088867654,0.9976072508193004,0.971548475818602,0.9125204244363508,0.9407264350086668,≥0.9,Q4 (Top 25%)
https://www.vta.org/,https://vta.org,2026-01-29 11:43:01,0.9511214921813468,0.8617794681762745,0.9970625617850586,0.0059269828564163,0.9663114048268114,0.9522426697129248,0.9985232067510548,0.9316770186335404,0.9699952394082691,0.9823260473520004,0.8468346906076987,0.9065169925898087,≥0.9,Q3 (50-75%)
https://www.samtrans.com/,https://samtrans.com,2026-01-29 11:43:28,0.9195877294798244,0.8792378309645887,0.985934190086146,0.0007555724723876,0.9521255786437068,0.9537974380575178,0.9962025316455696,0.95078834209269,0.9626329934964089,0.9652529677461512,0.8415903578930474,0.8963171256732575,0.8-0.9,Q2 (25-50%)
https://www.actransit.org/,https://actransit.org,2026-01-29 11:44:05,0.8821648017056695,0.8642886285562633,0.9891540742832932,0.0502317638172968,0.92223039506035,0.8824987094376368,0.9654008438818564,0.906832298136646,0.9592187541274289,0.9604172196652712,0.752207145543297,0.8705657897235015,0.8-0.9,Q1 (Bottom 25%)
https://511.org/,https://511.org,2026-01-29 11:44:50,0.9719846965274478,0.9120972489299948,0.986640033150934,0.3562629113871254,0.9606568644384876,0.9498072412964462,0.99915611814346,0.9292881032011466,0.9868083228307296,0.9461470809020937,0.850862188827705,0.9316108352496233,≥0.9,Q4 (Top 25%)
https://www.rome2rio.com/,https://rome2rio.com,2026-01-29 11:45:11,0.9772079076390562,0.9222768473921618,0.99052391690091,0.0,0.9726245452023928,0.98351537809414,0.9972573839662447,0.937888198757764,0.992605532089892,0.9842822554902014,0.8959261239622147,0.9239579763141438,≥0.9,Q4 (Top 25%)
https://www.kayak.com/,https://kayak.com,2026-01-29 11:46:56,0.926597751061328,0.706058256079325,0.964637763027821,0.115070523547693,0.9015318743353868,0.9084987036175064,0.8128691983122363,0.3702818920210224,0.9530959632546724,0.8718461493007112,0.1138626750016097,0.8164629320789341,0.8-0.9,Q1 (Bottom 25%)
https://www.expedia.co.uk/,https://expedia.co.uk,2026-01-29 11:47:26,0.9805011128086816,0.9104128029359224,0.9608812314644825,2.710453673286112e-05,0.9436402135374184,0.9268457304272144,0.8746835443037975,0.945054945054945,0.9794080803005047,0.9290255406411386,0.810317524749611,0.8962707693819426,0.8-0.9,Q2 (25-50%)
https://www.booking.com/flights/index.html?label=gen173nr-10EgdmbGlnaHRzKIICOOgHSDNYBGiVAogBAZgBM7gBB8gBDNgBA-gBAfgBAYgCAagCAbgC-O_rywbAAgHSAiQ0M2I4YmIwMS1iYTBkLTRjODMtOGQ1MC1mMGNhMGMxMDVmNjLYAgHgAgE&sid=8ab11d318c570dbba4cac4ca1749a9a7&keep_landing=1&,https://booking.com/flights,2026-01-29 11:48:04,0.9713076774380952,0.8758693063489404,0.9248694666470426,5.001517646331997e-05,0.9319147273821669,0.911109125277498,0.991772151898734,0.9354992833253702,0.9777958853113076,0.8937864373320884,0.7464542431970647,0.8887232848933212,0.8-0.9,Q2 (25-50%)
https://www.skyscanner.com/,https://skyscanner.com,2026-01-29 11:48:25,0.9578598120721769,0.9641645571955724,0.986075413077249,0.0,0.961673178825727,0.9557194605810542,0.9837552742616034,0.937888198757764,0.9866313023922226,0.9421574011457352,0.8950900168247898,0.9160417939274917,≥0.9,Q3 (50-75%)
https://www.momondo.com/,https://momondo.com,2026-01-29 11:49:14,0.8420811478774002,0.7351134531719783,0.9725462505295862,0.0001748063322114,0.9050794741401774,0.9246497602286964,0.8850210970464135,0.389393215480172,0.9543834870720358,0.918001874958379,0.6331094693799091,0.8137241900790598,0.8-0.9,Q1 (Bottom 25%)
https://www.cheapflights.com/,https://cheapflights.com,2026-01-29 12:02:18,0.959095795160504,0.7835387816597337,0.9719813514879728,0.0010902520546424,0.944786945107499,0.9525341766678068,0.910337552742616,0.6574295269947443,0.9814851099255604,0.9401431574649264,0.6672601534293924,0.8714826576290408,0.8-0.9,Q1 (Bottom 25%)
https://www.orbitz.com/,https://orbitz.com,2026-01-29 12:03:05,0.9828626621776824,0.928451297490023,0.9810761191922044,0.0043570927805698,0.9520797675680934,0.9430385509520864,0.920042194092827,0.94696607740086,0.983018815921594,0.9485759758334537,0.8364925305585027,0.9095600294298681,≥0.9,Q3 (50-75%)
https://www.travelocity.com/,https://travelocity.com,2026-01-29 12:03:41,0.9802194868953652,0.9161029120369882,0.9583109730264088,0.0,0.9433207539585118,0.9402080142590064,0.8886075949367088,0.9460105112279026,0.98255205216788,0.9362723626382738,0.7515558031527585,0.8979183968477674,0.8-0.9,Q2 (25-50%)
https://www.priceline.com/,https://priceline.com,2026-01-29 12:04:25,0.9326843369083548,0.8984250055676973,0.9111996479830912,0.0046612020952771,0.9195972238256022,0.9286028629384668,0.961603375527426,0.9006211180124224,0.9743918136031064,0.853869864694725,0.6796225946756026,0.8733250984479948,0.8-0.9,Q1 (Bottom 25%)
https://www.hotwire.com/,https://hotwire.com,2026-01-29 12:05:00,0.9349493441018832,0.9331951311333389,0.9227689636705164,0.0005584259049096,0.9318637052299422,0.8942624708008405,1.0,0.9192546583850932,0.974059750662854,0.8419813326430038,0.7721785350021882,0.8827216915640248,0.8-0.9,Q2 (25-50%)
https://www.onetravel.com/,https://onetravel.com,2026-01-29 12:05:50,0.980457806035164,0.8962335135585069,0.8538059596102244,0.2987735137437275,0.9033561642497564,0.9355683747945758,0.9968354430379748,0.8127090301003345,0.966880770947312,0.7642832700374651,0.6225209563348646,0.8854741466226731,0.8-0.9,Q2 (25-50%)
https://www.cheapoair.com/,https://cheapoair.com,2026-01-29 12:06:24,0.974636457376143,0.9079252209827344,0.9205210346152156,0.0003129306153585,0.8976928733176022,0.9622718684033404,0.9974683544303796,0.8351648351648352,0.9537882236955916,0.8671168974175475,0.7810425770762939,0.8877453362020582,0.8-0.9,Q2 (25-50%)
https://www.flightcentre.com.au/about-us/international-websites,https://flightcentre.com,2026-01-29 12:07:30,0.9836668885554748,0.9162645000502804,0.9681118486089536,0.0737823166893642,0.9337866260859226,0.9309184156296632,0.9968354430379748,0.9225991399904444,0.9831392934700716,0.9334853669143788,0.8520043708993658,0.9112950682832962,≥0.9,Q3 (50-75%)
https://www.lastminute.com/,https://lastminute.com,2026-01-29 12:08:09,0.9788501370395946,0.9288776227614582,0.9471261121310548,0.1842157125762484,0.9368624783237288,0.9187801471069852,0.9947257383966244,0.9077878643096036,0.9788412634540292,0.8451554664713237,0.7317094565023661,0.9078679080855222,≥0.9,Q3 (50-75%)
https://www.opodo.com/,https://opodo.com,2026-01-29 12:08:48,0.8572989241860887,0.957868761068712,0.8786612060443445,0.169692455199504,0.9093695735979258,0.8579549100600512,0.9518987341772152,0.8881987577639752,0.9595763030702472,0.8370177500436937,0.7220121067566976,0.8538398361692682,0.8-0.9,Q1 (Bottom 25%)
https://www.edreams.com/,https://edreams.com,2026-01-29 12:09:17,0.979748390076184,0.9430198575606846,0.9881090241491316,0.1307995217790698,0.969294603401482,0.9500747353207136,0.95084388185654,0.963688485427616,0.9846627745047962,0.9805310490543764,0.8289498363712203,0.924588255683063,≥0.9,Q4 (Top 25%)
https://www.gotogate.com/,https://gotogate.com,2026-01-29 12:10:16,0.8958928533487933,0.9296984963041116,0.9278632961446124,0.4933287558561119,0.93801854651361,0.90349471251367,0.9791139240506328,0.9455327281414238,0.9805696257184746,0.9011648847214816,0.537791389402902,0.8959935819714497,0.8-0.9,Q2 (25-50%)
https://tripsta.com/,https://tripsta.com,2026-01-29 12:10:28,0.995104502328104,0.9992785055830116,1.0,0.0,0.9970854060359567,0.9856507045645884,0.999789029535865,0.9990444338270426,0.99994457128695,1.0,0.977804901491462,0.9463306380994377,≥0.9,Q4 (Top 25%)
https://www.bravofly.com/,https://bravofly.com,2026-01-29 12:10:54,0.968533005310054,0.9123252756470176,0.9751729981641012,0.056268348103524,0.9516919084330622,0.9412352643669056,0.9953586497890295,0.9350215002388916,0.985167171973516,0.9252380668763296,0.8501931164867077,0.911277321262536,≥0.9,Q3 (50-75%)
https://www.volagratis.com/,https://volagratis.com,2026-01-29 12:11:27,0.9762185949386692,0.9173287529102484,0.9515222784782482,0.0036040905418549,0.9461870557031966,0.937793515938126,0.9959915611814346,0.9302436693741042,0.9825232491012778,0.885406300385403,0.7815371493785652,0.9039323509026236,≥0.9,Q3 (50-75%)
https://www.vayama.com/,https://vayama.com,2026-01-29 12:12:08,0.9806418205541296,0.9337775690674304,0.9752859765569836,7.482969967603537e-05,0.9700522734625402,0.9371039985504616,0.9443037974683544,0.968944099378882,0.989354873001683,0.967371440916613,0.8872944375546479,0.9150226711503501,≥0.9,Q3 (50-75%)
https://www.kiwi.com/en/,https://kiwi.com,2026-01-29 12:14:07,0.958051309014047,0.910872071936835,0.9588193757943791,0.1968023546946904,0.9441335222213778,0.9482586347115064,0.9618143459915612,0.9216435738174868,0.9818367378135732,0.9116340667150032,0.5441779041892141,0.9029095499180958,≥0.9,Q2 (25-50%)
https://www.dohop.com/,https://dohop.com,2026-01-29 12:14:25,0.9664177875091158,0.9137988792834568,0.9924586922751024,0.0668131860279987,0.9647993087851836,0.9443318679107402,0.99957805907173,0.9813664596273292,0.9903812783021246,0.944963038589376,0.9235969776966556,0.9205542356257786,≥0.9,Q3 (50-75%)
https://wayaway.com/login_up.php,https://wayaway.com,2026-01-29 12:15:13,0.910185671050414,0.5118089847184839,0.9842939533964128,0.0006708951845096,0.94310931571006,0.8194617065363623,0.9440928270042194,0.9894887720974678,0.984612566506736,0.953820630232383,0.840348328205645,0.8401923808865508,0.8-0.9,Q1 (Bottom 25%)
https://www.farecompare.com/,https://farecompare.com,2026-01-29 12:16:12,0.9580622131104588,0.9433401922417144,0.9815749279771052,0.0953257522646058,0.9634912200031048,0.957011755117675,0.9430379746835444,0.9297658862876256,0.9862225013083462,0.938973692429914,0.5473301027497287,0.9078856072059306,≥0.9,Q3 (50-75%)
https://www.airfarewatchdog.com/,https://airfarewatchdog.com,2026-01-29 12:17:03,0.9539600015423252,0.8704535473407586,0.9571092056869072,0.010386189168975,0.8922331731247588,0.8818367394728931,0.9464135021097048,0.6249402771141901,0.9634586495720424,0.8688030937282223,0.6170321369349395,0.860605437196634,0.8-0.9,Q1 (Bottom 25%)
https://www.secretflying.com/,https://secretflying.com,2026-01-29 12:17:32,0.9762492311373934,0.9154973475394168,0.9763890086335524,0.3036970445143427,0.9338210513362392,0.9460490555109978,0.9234177215189874,0.9254658385093169,0.9748987641287908,0.929158299387426,0.8220276904499955,0.9168450309343674,≥0.9,Q3 (50-75%)
https://scottsflights.com/,https://scottsflights.com,2026-01-29 12:17:51,0.972521591182346,0.8900893413279691,1.0,0.0158796296296296,0.9836403957576748,0.9517299925596674,1.0,0.9918776875298616,0.998691204952416,0.9979157619375008,0.9073796719585904,0.9233810364066958,≥0.9,Q3 (50-75%)
https://www.theflightdeal.com/,https://theflightdeal.com,2026-01-29 12:18:24,0.9436980849043116,0.9097559224998611,0.9727722073153507,0.8582932343416056,0.9521408351617004,0.9400283244252712,0.9820675105485231,0.9388437649307214,0.9884557512793825,0.93373247717425,0.7835135722770762,0.9425568664885416,≥0.9,Q4 (Top 25%)
https://www.flyertalk.com/,https://flyertalk.com,2026-01-29 12:19:05,0.9568849921851164,0.900411138369063,0.8795367885891823,0.0260637802156371,0.9016590417496848,0.9299427013376927,0.9672995780590716,0.8614429049211658,0.9655669716534084,0.7906724416135091,0.71787076359164,0.8713744209903783,0.8-0.9,Q1 (Bottom 25%)
https://deltanews.com/,https://deltanews.com,2026-01-29 12:19:18,0.9999783346372672,0.9998789366787806,1.0,0.0,0.9999871012633073,0.9917347274038198,1.0,0.9990444338270426,0.9999332767157404,1.0,0.9721873066618888,0.9485568698120219,≥0.9,Q4 (Top 25%)
https://www.travelcodex.com/,https://travelcodex.com,2026-01-29 12:20:44,0.9595933189196738,0.8933756845408376,0.8674763451489899,0.0066928650924331,0.8382408105591148,0.8884006358529483,0.99873417721519,0.3425704730052556,0.9681592922146808,0.6046728655660818,0.2946708434697327,0.8245829773468634,0.8-0.9,Q1 (Bottom 25%)
https://onemileatatime.com/,https://onemileatatime.com,2026-01-29 12:21:59,0.932857822761137,0.9671674366878044,0.9333709927976276,0.0001750979046034,0.8047030748815612,0.9288304809324176,0.9985232067510548,0.2307692307692308,0.968493188771905,0.8709584595264426,0.3939622986600825,0.8366848809848753,0.8-0.9,Q1 (Bottom 25%)
https://viewfromthewing.com/,https://viewfromthewing.com,2026-01-29 12:23:33,0.9666761822899196,0.9227552313278904,0.8623640728710631,0.0097432237912029,0.801093663703371,0.9077552287952864,0.9584388185654008,0.1700907787864309,0.9743383967753452,0.7550978264301932,0.2240832449168699,0.8167618071951671,0.8-0.9,Q1 (Bottom 25%)
https://liveandletsfly.com/,https://liveandletsfly.com,2026-01-29 12:25:19,0.97300029908732,0.9173489748910518,0.8905239372969921,0.0147823729855371,0.7763357818625336,0.9204023435101638,0.9985232067510548,1.1102230246251563e-16,0.9649113262513996,0.7761567167562263,0.1177791277424268,0.8141503096152707,0.8-0.9,Q1 (Bottom 25%)
https://thepointsguy.com/,https://thepointsguy.com,2026-01-29 12:26:02,0.9780311819490785,0.9426888070869848,0.8810902414913149,0.027142471623595,0.8789844298847737,0.9156677063570456,0.9860759493670886,0.8924988055422838,0.9465764489764976,0.8336077222522893,0.6939633251308983,0.8787122781970478,0.8-0.9,Q2 (25-50%)
https://awardwallet.com/,https://awardwallet.com,2026-01-29 12:26:20,0.986514941562656,0.9445944734229054,0.9804938194677768,0.0003114980288505,0.9728695586802394,0.974640035863616,0.961603375527426,0.9641662685140946,0.9874884673928372,0.9731665536439098,0.9144828500055524,0.9243197154944219,≥0.9,Q4 (Top 25%)
https://www.americanexpress.com/en-us/travel/lounges/the-platinum-card/,https://loungebuddy.com,2026-01-29 12:26:52,0.9707078089516418,0.9000611015804532,0.977687556034787,0.0447733136106462,0.966058206909196,0.9505798609578092,0.9172995780590716,0.9589106545628284,0.9818690616794306,0.9601212188573855,0.7982676905246479,0.907724511695923,≥0.9,Q3 (50-75%)
https://prioritypass.com/,https://prioritypass.com,2026-01-29 12:27:21,0.9073700982587471,0.8265143783620673,0.9728569411100128,0.0333479278083843,0.9437791341058148,0.8870866354867181,0.950632911392405,0.9436215957955087,0.9746099567222464,0.9165072936412418,0.8156001168310419,0.874787476843907,0.8-0.9,Q1 (Bottom 25%)
https://www.aa.com/homePage.do?locale=en_US,https://aa.com,2026-01-29 12:28:40,0.9276534880556132,0.6858154681752673,0.8012524903929942,0.0089117522939997,0.8647455885072034,0.7679367178136061,0.9989451476793249,0.8576206402293359,0.9669500090881824,0.6197381889659189,0.3544245091369901,0.8000155818116252,0.8-0.9,Q1 (Bottom 25%)
https://www.united.com/,https://united.com,2026-01-29 12:30:04,0.8501939679543012,0.7610940312646817,0.6549298780067749,0.2108584250860223,0.7886992575146701,0.7678743602559073,0.99957805907173,0.8241758241758241,0.9421726994819122,0.4668878113948738,0.5002365548653318,0.762495295720404,0.7-0.8,Q1 (Bottom 25%)
https://www.southwest.com/,https://southwest.com,2026-01-29 12:30:48,0.9131838454369564,0.906188779784985,0.8906594796646016,0.235496817251074,0.9178949111067513,0.8487493665756469,1.0,0.8896321070234113,0.9770579372475025,0.7547281966914822,0.6834867907203306,0.8702796769926316,0.8-0.9,Q1 (Bottom 25%)
https://www.jetblue.com/,https://jetblue.com,2026-01-29 12:31:54,0.9742178666553368,0.9305091409554752,0.9870074848185284,0.0138082942393905,0.9572291076531144,0.933758888660084,0.9945147679324896,0.9541328236980412,0.9709041977216176,0.8936083835057456,0.4814054811675267,0.9063701127929571,≥0.9,Q3 (50-75%)
https://www.spirit.com/,https://spirit.com,2026-01-29 12:33:05,0.9483714999614564,0.9221621334172924,0.8516168934754464,0.4461779447599119,0.9001757775390311,0.9022486508847564,0.999789029535865,0.8619206880076445,0.9710736990571942,0.7318088471022565,0.4323840344595585,0.8811985067874352,0.8-0.9,Q2 (25-50%)
https://frontier.com/,https://frontier.com,2026-01-29 12:34:56,0.8774768922418131,0.987167098805896,0.9468305461777512,0.0856125147847404,0.8815623661865958,0.8343503892649758,0.9637130801687764,0.8155757286192069,0.9532323894507712,0.815502860585574,0.6121358711424527,0.8564626802322914,0.8-0.9,Q1 (Bottom 25%)
https://www.allegiantair.com/,https://allegiant.com,2026-01-29 12:35:52,0.8880988077641726,0.7829748538223622,0.9616438356164384,0.4082467213751667,0.9333266719182912,0.8819817049009323,0.9985232067510548,0.8934543717152412,0.9762249721708832,0.8669298940024786,0.5774168955230009,0.8767342360983794,0.8-0.9,Q1 (Bottom 25%)
https://www.aircanada.com/home/us/en/aco/flights,https://aircanada.com,2026-01-29 12:36:29,0.9377294145891496,0.8678724652795191,0.9202310846155086,0.0008673898878195,0.902426291145381,0.8946029021585958,0.99957805907173,0.9125656951743908,0.9697738301588976,0.855333650047164,0.7452849996220721,0.8713940649820779,0.8-0.9,Q1 (Bottom 25%)
https://www.westjet.com/en-ca,https://westjet.com,2026-01-29 12:37:36,0.8714697064615188,0.7042987315356921,0.9191639598926704,0.0033354628470226,0.8768976088202158,0.8837802678142724,0.99915611814346,0.9010989010989012,0.9367491597147806,0.7365831986596119,0.4641607714581391,0.8237126262860394,0.8-0.9,Q1 (Bottom 25%)
https://www.britishairways.com/travel/home/public/en_us/,https://britishairways.com,2026-01-29 12:38:02,0.9072765967892418,0.8931312188470966,0.9686767405733654,0.1231445145516467,0.9426270288532318,0.8622759195301313,0.9989451476793249,0.9488772097467748,0.9763032701622788,0.9359975047452364,0.841331873878464,0.8876820727597874,0.8-0.9,Q2 (25-50%)
https://www.lufthansa.com/tw/en/homepage,https://lufthansa.com,2026-01-29 12:38:55,0.929916287835077,0.7656708790624124,0.8358842349604878,0.0693595835411329,0.9128223317056392,0.9151963086211172,0.9974683544303796,0.7620640229335882,0.9241680515302906,0.8092104399258256,0.5978399321409475,0.841727513678419,0.8-0.9,Q1 (Bottom 25%)
https://wwws.airfrance.fr/splash,https://airfrance.com,2026-01-29 12:39:56,0.9078622799333758,0.9117444217194404,0.9480864284705548,0.0360005765694772,0.9382146174451091,0.8378734531735395,0.929535864978903,0.8275203057811753,0.9768617847985754,0.8816080011355438,0.5293864597301502,0.8614305852272816,0.8-0.9,Q1 (Bottom 25%)
https://www.klm.com/,https://klm.com,2026-01-29 12:40:43,0.9811726747243784,0.9246977892335037,0.8490610595777885,0.064821427195517,0.9154262774043694,0.9202145394314548,0.9919831223628692,0.8217869087434305,0.9738818516162148,0.7734499937626456,0.650346713846998,0.8773599078102982,0.8-0.9,Q2 (25-50%)
https://www.emirates.com/english/,https://emirates.com,2026-01-29 12:41:05,0.9789610959702044,0.91709700127145,0.9451207456573932,9.384075845905024e-05,0.9427733196688466,0.9440682451766468,0.99873417721519,0.9550883898709984,0.9804023336366802,0.8852949972033515,0.8801072755318285,0.9066720090464455,≥0.9,Q3 (50-75%)
https://www.qatarairways.com/en/homepage.html,https://qatarairways.com,2026-01-29 12:42:35,0.9460446559927768,0.904759887064563,0.5076430418542143,0.1360431883137504,0.832967333198512,0.8118992033300905,0.990084388185654,0.9393215480172,0.9711571986634028,0.5960445240866636,0.4371851184127402,0.7923612824833206,0.7-0.8,Q1 (Bottom 25%)
https://www.turkishairlines.com/,https://turkishairlines.com,2026-01-29 12:43:11,0.9545202274676048,0.9116825096987372,0.969049151372244,0.0949131986881089,0.9651376946419484,0.9067082918643882,1.0,0.9412326803631152,0.987860838072846,0.9089302357282588,0.7598898130236751,0.9058829655722253,≥0.9,Q3 (50-75%)
https://www.iberia.com/,https://iberia.com,2026-01-29 12:44:12,0.9605017292530096,0.9451577138284916,0.8794238503019243,0.0003090597778058,0.9208540726451482,0.8941081345650171,0.9481012658227848,0.9426660296225512,0.9758340743193864,0.8035304994167531,0.7111641765417825,0.8769911575262255,0.8-0.9,Q2 (25-50%)
https://www.swiss.com/xx/en/homepage,https://swiss.com,2026-01-29 12:44:48,0.9134136994392744,0.8894877868869732,0.9304438525135316,0.0871892109895501,0.936837136409136,0.8733247875807031,0.9972573839662447,0.7716196846631629,0.9284054002846652,0.8710744915304901,0.7574794729165675,0.8694389645986178,0.8-0.9,Q1 (Bottom 25%)
https://www.austrian.com/xx/en/homepage,https://austrian.com,2026-01-29 12:45:31,0.9501194708209808,0.9272606265306758,0.9029942736140312,0.074468364460752,0.9340005396686226,0.8766113015266518,0.9978902953586498,0.7611084567606307,0.9255738181754468,0.8606269995882423,0.6864010346825826,0.8754287760379653,0.8-0.9,Q1 (Bottom 25%)
https://www.brusselsairlines.com/xx/en/homepage,https://brusselsairlines.com,2026-01-29 12:46:12,0.9677871568796894,0.8894822494551432,0.926270113101301,0.0641964126466946,0.940999160902406,0.8916031513859707,0.9976793248945148,0.7716196846631629,0.9193215790378464,0.8686196857811125,0.7074940767968139,0.8823298128280848,0.8-0.9,Q2 (25-50%)
https://www.finnair.com/,https://finnair.com,2026-01-29 12:46:31,0.9393057880222834,0.9277839957265992,0.9904533258014404,0.0,0.9638649641489684,0.9187830916554164,0.9938818565400844,0.9761108456760632,0.9866985732148836,0.9598322526607242,0.91019780092625,0.9080544255869176,≥0.9,Q3 (50-75%)
https://www.sas.com/en_us/home.html,https://sas.com,2026-01-29 12:47:43,0.9654247993102356,0.8843621055870251,0.8678747692153816,0.1134950992110925,0.8804132403522784,0.9371279658599638,0.9841772151898734,0.8896321070234113,0.9600681899231682,0.8067149115936968,0.4221062621251866,0.8687217759353921,0.8-0.9,Q1 (Bottom 25%)
https://norwegianair.com/,https://norwegianair.com,2026-01-29 12:49:33,0.9882354387509252,0.9503627299887162,0.8642282163536223,0.0899071220981617,0.8896640669356655,0.8789261663088381,0.9993670886075948,0.9206880076445294,0.9830724173843978,0.7784467562782345,0.0838850613969521,0.8709133683590564,0.8-0.9,Q1 (Bottom 25%)
https://www.ryanair.com/us/en,https://ryanair.com,2026-01-29 12:49:55,0.9483449065171564,0.8338437282459153,0.9850303629430872,0.0540278452012845,0.9691938065998296,0.9390980154465858,0.999789029535865,0.9555661729574771,0.9884781621534848,0.9617081880686116,0.8845556267864092,0.9048855907544492,≥0.9,Q3 (50-75%)
https://www.easyjet.com/,https://easyjet.com,2026-01-29 12:50:23,0.934417722380394,0.7506054428788052,0.9690455514779382,0.0048755598551781,0.9523887259087488,0.9146171626261392,0.9907172995780592,0.939799331103679,0.9737800349404628,0.9306738282135436,0.8285457801318175,0.8795705615212726,0.8-0.9,Q2 (25-50%)
https://www.vueling.com/en,https://vueling.com,2026-01-29 12:51:11,0.8580260101840189,0.9146833338308044,0.8414834799217705,0.0384443783738531,0.8845158758868971,0.7586190193516266,0.9438818565400844,0.9010989010989012,0.9522681424923358,0.746395152558832,0.6451686351577453,0.8201353661754283,0.8-0.9,Q1 (Bottom 25%)
https://www.eurowings.com/en.html,https://eurowings.com,2026-01-29 13:11:14,0.9292978955514284,0.8817999877231091,0.9794162532005694,0.0,0.9566209256129782,0.8947156388296763,0.9972573839662447,0.961299569995222,0.9824510058659254,0.96217704490677,0.8463634471876099,0.8940830369588009,0.8-0.9,Q2 (25-50%)
https://www.flytap.com/pt-pt,https://tap.pt,2026-01-29 12:53:11,0.850565353661711,0.5214454532852185,0.9509667060451416,0.500374531835206,0.8823158733208191,0.8072831057083871,0.8358649789029535,0.9593884376493071,0.9319425683914778,0.8991061275840865,0.7389283458049538,0.8208084358330912,0.8-0.9,Q1 (Bottom 25%)
https://en.aegeanair.com/,https://aegeanair.com,2026-01-29 12:53:52,0.8555448067921767,0.8815998252921811,0.8960598785482277,0.024871268653097,0.913421446404739,0.833081309643148,0.8706751054852321,0.9230769230769232,0.9342754066843068,0.8370805534894644,0.7038762337479343,0.8327873147411926,0.8-0.9,Q1 (Bottom 25%)
https://www.olympicair.com/,https://olympicair.com,2026-01-29 12:54:26,0.9339801637188628,0.9099278654156716,0.8969420770798044,0.0846495998420274,0.9474272311474956,0.8746286894526052,0.9525316455696202,0.9460105112279026,0.9562560174709064,0.8495333395237903,0.7718565964280681,0.8775595641552989,0.8-0.9,Q2 (25-50%)
https://www.adria.si/,https://adria.si,2026-01-29 12:55:05,0.965494952959336,0.908211645752174,1.0,5.069509545055294e-05,0.9794570013972058,0.9387745064552048,0.99957805907173,0.974199713330148,0.9917183288779092,0.9959068332962844,0.9102276618954436,0.9197190947428204,≥0.9,Q3 (50-75%)
https://www.lot.com/pl/en/,https://lot.com,2026-01-29 12:55:39,0.9521709214320008,0.7934192825370447,0.9084871805341528,0.0001763394609236,0.9271205174791056,0.9394652062062072,0.9879746835443038,0.9345437171524128,0.974021747677764,0.8827328745516166,0.7766959397480294,0.8752503204701046,0.8-0.9,Q1 (Bottom 25%)
https://www.tarom.ro/,https://tarom.ro,2026-01-29 12:56:16,0.8069806895246644,0.8366835372928592,0.9710775621638336,0.0390541913520478,0.8302430366028424,0.85235328400946,0.8658227848101265,0.9326325848064978,0.8437095563704441,0.9160574693345664,0.7467575186654387,0.8163754620858896,0.8-0.9,Q1 (Bottom 25%)
https://sedo.com/search/details/?partnerid=324561&language=us&domain=bulgariaair.bg&origin=sales_lander_15&utm_medium=Parking&utm_campaign=offerpage,https://bulgariaair.bg,2026-01-29 12:56:30,0.98602652602064,0.9713466084276235,0.9986442592854116,0.0043611662726556,0.9916807226462876,0.9789332221983972,0.999789029535865,0.9770664118490204,0.9978458820614126,0.9866132520820105,0.9568704957760726,0.9381507092475979,≥0.9,Q4 (Top 25%)
https://www.airbaltic.com/en/index,https://airbaltic.com,2026-01-29 12:57:00,0.968861815211747,0.8878965949128523,0.9795480720760308,0.1828652915756245,0.965601782631095,0.954623266870078,0.9968354430379748,0.8480649784997611,0.9839343828961126,0.939166597102178,0.8079202488165258,0.9153517295833268,≥0.9,Q3 (50-75%)
https://www.aeroflot.ru/,https://aeroflot.com,2026-01-29 12:57:56,0.8391129360433249,0.9295411345161488,0.95167349244457,0.0140814277212277,0.8964746874882071,0.7323425799903711,0.9858649789029535,0.9440993788819876,0.946029757349635,0.9241750198766852,0.5677792677157198,0.8382063533508104,0.8-0.9,Q1 (Bottom 25%)
https://www.s7.ru/ru/,https://s7.ru,2026-01-29 13:00:05,0.8740397793185227,0.9289068704929984,0.8790566304194324,0.8072993864052913,0.899292583900259,0.5893856128564212,0.999789029535865,0.8776875298614429,0.966813799360754,0.7973542670857426,0.4807186788760704,0.8567811790837843,0.8-0.9,Q1 (Bottom 25%)
https://www.utair.ru/,https://utair.ru,2026-01-29 13:00:40,0.943427018415154,0.9376586775099626,0.9357327462141228,0.0470391272205464,0.9478149672641736,0.8785626705422457,1.0,0.9694218824653608,0.9872017355388376,0.9184120709551538,0.7583809009241037,0.8941638069495341,0.8-0.9,Q2 (25-50%)
https://www.rossiya-airlines.ru/,https://rossiya-airlines.com,2026-01-29 13:01:11,0.9365389937666384,0.907382924366789,0.9992091512498236,0.0229001988888948,0.9621906249256468,0.8780144655118267,0.9993670886075948,0.9436215957955087,0.98933101688087,0.9889487039275954,0.7981893054805144,0.9010396955841115,≥0.9,Q2 (25-50%)
https://www.flypobeda.ru/,https://pobeda.aero,2026-01-29 13:01:47,0.9779298319452532,0.9578697365173244,0.9798616014687191,0.0279816857711777,0.9576628015996488,0.8992521089907911,0.9848101265822784,0.9512661251791686,0.9788166242259676,0.9217735208479306,0.7608173693792558,0.9118623251932704,≥0.9,Q3 (50-75%)
https://nordstar.ru/,https://nordstar.ru,2026-01-29 13:02:29,0.9335855631477264,0.7328270135974537,0.9177600568377012,0.0016904580536855,0.8993470775901894,0.8396839753799865,0.9827004219409282,0.919732441471572,0.9423202101472758,0.9105764129172982,0.7000073719267698,0.8486078982684531,0.8-0.9,Q1 (Bottom 25%)
https://www.yakutia.aero/,https://yakutia.aero,2026-01-29 13:02:59,0.9060564146847632,0.9074124822366376,0.9842960033893516,0.4744979820675983,0.9431786971747608,0.8624830780470881,0.999789029535865,0.9713330148112757,0.9548112737316434,0.9709045744044577,0.8055033766224071,0.9089068168126835,≥0.9,Q3 (50-75%)
https://iraero.ru/,https://iraero.ru,2026-01-29 13:03:35,0.9185985207571112,0.7565802088009345,0.960372828696512,0.0601566712419898,0.8995129094689898,0.7980012482067622,0.9926160337552744,0.9555661729574771,0.9151979209024624,0.9282694371779524,0.7580682939028567,0.855065071253408,0.8-0.9,Q1 (Bottom 25%)
https://azimuth.aero/,https://azimuth.aero,2026-01-29 13:03:46,0.9945438578789276,0.9992933412877104,1.0,0.0,0.9967516195576333,0.98692866327217,1.0,0.9990444338270426,0.9999412542229138,1.0,0.9814264771614908,0.9463588649245929,≥0.9,Q4 (Top 25%)
https://www.hugedomains.com/domain_profile.cfm?d=smartavia.com,https://smartavia.com,2026-01-29 13:04:22,0.9800770248513212,0.9132000122124296,0.9900579014263522,0.0,0.9687712801480982,0.9705466098202712,0.999789029535865,0.968944099378882,0.9891248177389504,0.9702301115126571,0.937134261449582,0.9236714621590951,≥0.9,Q3 (50-75%)
https://belavia.by/,https://belavia.by,2026-01-29 13:05:48,0.9168191426283696,0.928083813739028,0.9889281174975286,0.0297814967947369,0.9492904710043086,0.8837495755608055,0.9394514767932488,0.9756330625895844,0.9678797038268012,0.95611188127077,0.8070066897902547,0.8907689879234241,0.8-0.9,Q2 (25-50%)
https://www.uai.news/,https://ukraineintl.com,2026-01-29 13:06:06,0.963706752343682,0.79719789817029,1.0,0.0,0.978392374454208,0.902564602203319,1.0,0.9928332537028188,0.993390390187898,0.985315991609741,0.9161056070501749,0.9051391720202395,≥0.9,Q3 (50-75%)
https://skyup.aero/uk,https://skyup.aero,2026-01-29 13:06:57,0.8978288357273241,0.8612204481713411,0.9704278939044484,2.890581677027697e-05,0.9371492757162516,0.8798600469218689,0.8635021097046414,0.9034878165312948,0.9753319370382536,0.9342356863638908,0.8161730741774469,0.8639444133050757,0.8-0.9,Q1 (Bottom 25%)
https://www.ifly.com/,https://ifly.com,2026-01-29 13:08:25,0.9760219950271258,0.9328582891652952,0.8985239909139389,0.0,0.8432429919969141,0.8981112561499006,0.960337552742616,0.4280936454849499,0.9666284703453424,0.779817528437807,0.4680716252672324,0.8459411726516507,0.8-0.9,Q1 (Bottom 25%)
https://nordwind.ru/,https://nordwind.ru,2026-01-29 13:09:14,0.9574835249832618,0.9316954190588336,0.9858777083539272,0.012037862925646,0.9735704248739055,0.8854443449960632,0.938396624472574,0.9550883898709984,0.9917246192027996,0.9692465556198572,0.8210021527892478,0.9043531952707023,≥0.9,Q3 (50-75%)
https://www.vim-avia.com/,https://vim-avia.com,2026-01-29 13:09:50,0.9560626443779142,0.9530274313668772,1.0,0.0012054828685783,0.9738413619870954,0.9766537485760453,0.99915611814346,0.985666507405638,0.9858463806269606,0.999617942448126,0.9489508068527192,0.9258846374890617,≥0.9,Q4 (Top 25%)
https://aviastar.com/,https://aviastar.com,2026-01-29 13:10:08,0.9728512917537492,0.8923107564711921,1.0,0.0158796296296296,0.983836686995003,0.94972007500613,1.0,0.9918776875298616,0.9986915742225008,0.9999330148686668,0.9121788896011974,0.923650399176393,≥0.9,Q3 (50-75%)
https://www.smartwings.com/,https://smartwings.com,2026-01-29 13:10:49,0.9071167717259762,0.916530519190286,0.9800875582544838,0.0157491456524133,0.943371900453603,0.8617555209494029,0.9981012658227848,0.9311992355470616,0.9678167814777232,0.9228677155428328,0.7164290386727545,0.8825088500654227,0.8-0.9,Q2 (25-50%)
https://www.volotea.com/en/,https://volotea.com,2026-01-29 13:11:56,0.9590580480621568,0.8858732528533563,0.8888865695991603,0.0772262506758261,0.912097177332992,0.8735065977293853,0.9719409282700422,0.9517439082656474,0.9665275768448022,0.865080768279594,0.7059422395540265,0.8756179654701212,0.8-0.9,Q1 (Bottom 25%)
https://www.transavia.com/,https://transavia.com,2026-01-29 13:12:15,0.979003280800398,0.9424887207401214,0.976698206468013,0.0009351171817996,0.9752005002500512,0.933155919210234,0.99957805907173,0.985666507405638,0.9926015210527656,0.9586771694975506,0.915076336768278,0.9217188820513258,≥0.9,Q3 (50-75%)
https://www.tui.com/,https://tui.com,2026-01-29 13:13:13,0.9476516070046328,0.8929054796115878,0.9953961304900436,0.0064515100804845,0.9628330651253824,0.9166097081454452,0.94915611814346,0.9192546583850932,0.9780935360997066,0.979643359280106,0.5486001270957501,0.8943126623315855,0.8-0.9,Q2 (25-50%)
https://www.condor.com/de/,https://condor.de,2026-01-29 13:13:56,0.823452692392751,0.9045936280747988,0.9432848467730548,0.2971973190246129,0.8810378983508272,0.864954591843991,0.9989451476793249,0.9302436693741042,0.938899769587564,0.8024787859574207,0.6862638608553489,0.8557824751189478,0.8-0.9,Q1 (Bottom 25%)
https://mediaoptions.com/,https://pegasus.com,2026-01-29 13:14:40,0.9841733795735168,0.9375910386969196,0.9998305324106764,0.0,0.9896925760770426,0.8853778790134975,0.9974683544303796,0.972766364070712,0.9971613635588198,0.9934756716568636,0.8658057375985995,0.9225489085822998,≥0.9,Q3 (50-75%)
https://www.tuifly.be/nl,https://jetairfly.com,2026-01-29 13:15:58,0.9087641980475908,0.8786925777311337,0.9673477058899564,0.0059024439366223,0.945088709894676,0.8335918858621557,0.9976793248945148,0.9354992833253702,0.9780461103607324,0.9348108830750694,0.7407349344411753,0.8754471585250829,0.8-0.9,Q1 (Bottom 25%)
https://www.thomascook.com/,https://thomascook.com,2026-01-29 13:17:02,0.9628434637454903,0.9005341705819495,0.9872899308007343,0.0073204845334696,0.9587501253129792,0.8514805398739919,0.9267932489451476,0.9393215480172,0.9782513735939892,0.948053186975902,0.4976143885080061,0.8879440979154347,0.8-0.9,Q2 (25-50%)
https://www.flybe.com/,https://flybe.com,2026-01-29 13:17:32,0.8834013931744399,0.9183433791606904,0.9979098997316764,0.0009932928090424,0.9300489837510808,0.951511283142322,0.9782700421940927,0.9006211180124224,0.8501771436346474,0.970421296613288,0.8775140369884092,0.8823315522002212,0.8-0.9,Q2 (25-50%)
https://www.loganair.co.uk/,https://loganair.co.uk,2026-01-29 13:18:50,0.9733406917060576,0.9040232935275162,0.8716565456856378,0.0395338225838402,0.8715376637857566,0.8559226434313408,0.8816455696202532,0.8609651218346871,0.9545042956902444,0.7061496336843485,0.3661785331358776,0.8473825747793233,0.8-0.9,Q1 (Bottom 25%)
https://www.cityjet.com/,https://cityjet.com,2026-01-29 13:19:29,0.948892395606052,0.8837307033192761,0.9967206990400774,0.0,0.9693042398781808,0.9347862786327852,0.999789029535865,0.978021978021978,0.9889746585157384,0.981558688510854,0.914381136079236,0.9105603222506374,≥0.9,Q3 (50-75%)
https://www.icelandair.com/,https://icelandair.com,2026-01-29 13:20:19,0.9090617971118782,0.9530269655330224,0.9142493998022878,0.001370439249336,0.9309245851992172,0.9027833037838277,0.9949367088607596,0.9292881032011466,0.9757182699474972,0.8564717328998772,0.7431723360516147,0.8774791689361836,0.8-0.9,Q2 (25-50%)
https://wowair.com/,https://wowair.com,2026-01-29 13:20:36,0.972636277912789,0.9168888922986068,0.9924022030786612,0.0275522597112204,0.9755565937155092,0.975345527935446,0.9875527426160338,0.9765886287625418,0.9899439542875724,0.980268306325116,0.923019354573814,0.924685219955555,≥0.9,Q4 (Top 25%)
https://www.papaya.is/,https://play.is,2026-01-29 13:20:49,0.9809337455804136,0.8934601690394883,1.0,0.0003187264687855,0.9886486739913588,0.9603735169693116,1.0,0.9976110845676064,0.9992771920096652,1.0,0.965399535102036,0.9281135641832581,≥0.9,Q4 (Top 25%)
https://www.airnorth.com.au/,https://airnorth.com.au,2026-01-29 13:21:52,0.9803271199193384,0.9137174882434084,0.993588476203926,0.0346666093352261,0.9783577676315428,0.9529095224308068,0.99873417721519,0.952221691352126,0.959098976918767,0.970555579525342,0.8804693397833027,0.9226418073835615,≥0.9,Q3 (50-75%)
https://www.jetstar.com/us/en/home,https://jetstar.com,2026-01-29 13:23:02,0.915591421465904,0.8836796089461789,0.8508969073671687,0.0310587333607315,0.9013181645657392,0.9198293960709346,0.9962025316455696,0.8944099378881988,0.9621355230251388,0.7752113431699105,0.4431675769596495,0.8519595526969306,0.8-0.9,Q1 (Bottom 25%)
https://www.virginaustralia.com/au/en/,https://virginaustralia.com,2026-01-29 13:24:26,0.8159310782222678,0.8594454840642901,0.8477333709927976,0.2575224936561713,0.8766621877672529,0.8590762003768148,0.9333333333333332,0.8514094601051123,0.9528608273449132,0.7001665405126403,0.3096713147131528,0.8144046317656772,0.8-0.9,Q1 (Bottom 25%)
https://www.afternic.com/forsale/scoot.com?utm_source=TDFS_DASLNC&utm_medium=parkedpages&utm_campaign=x_corp_tdfs-daslnc_base&traffic_type=TDFS_DASLNC&traffic_id=daslnc&,https://scoot.com,2026-01-29 13:25:15,0.9863062789695376,0.9234812096964816,0.9635644682954384,0.0063526019203225,0.9664639505524456,0.959636451424138,0.9983122362869198,0.959866220735786,0.9813480852572554,0.910785028221297,0.8274633199985443,0.9169887468847172,≥0.9,Q3 (50-75%)
https://cebu-pacific.com/,https://cebu-pacific.com,2026-01-29 13:26:10,0.9913117906569682,0.9926131101955814,0.9806806948171162,0.0379962913916772,0.9594785223372384,0.9792028407105288,0.99915611814346,0.9675107501194458,0.9885503226214044,0.9485719895537588,0.5763969567939771,0.9266075511856557,≥0.9,Q4 (Top 25%)
https://www.philippineairlines.com/ph/en/home.html,https://philippineairlines.com,2026-01-29 13:26:40,0.9308931743461148,0.8650151095389055,0.9563056065527468,0.0098504313335353,0.9263978196767296,0.8812386190628901,1.0,0.910654562828476,0.9758997152602944,0.8775629433563729,0.8054259247335609,0.8793686504331559,0.8-0.9,Q2 (25-50%)
https://www.airasia.com/zh/tw,https://airasia.com,2026-01-29 13:27:26,0.9771342828204532,0.8869991345675792,0.8430447676881796,0.2025291422418128,0.8022225708711144,0.8276550773813139,0.9936708860759492,0.8891543239369326,0.9171371491186902,0.7812859253687162,0.6644998800895456,0.8533265957134536,0.8-0.9,Q1 (Bottom 25%)
https://www.garuda-indonesia.com/oc/en/,https://garuda-indonesia.com,2026-01-29 13:28:36,0.8787307993921674,0.8811836503876617,0.9391893800310692,0.0391889688402941,0.926375767489536,0.9026035667776444,1.0,0.851887243191591,0.9252731049920356,0.8667950248728228,0.8132243034695646,0.8645424426288708,0.8-0.9,Q1 (Bottom 25%)
https://www.citilink.co.id/,https://citilink.co.id,2026-01-29 13:28:47,0.9892640040197276,0.9716666636627694,1.0,0.1111905700026267,0.9936030349772093,0.97975864538397,1.0,0.9985666507405638,0.9996796709350236,1.0,0.984641197126255,0.9466811924658672,≥0.9,Q4 (Top 25%)
https://www.sriwijayaair.co.id/new/,https://sriwijayaair.co.id,2026-01-29 13:29:17,0.8912354911732036,0.6608883800329481,0.9559666713740996,0.1463314129492539,0.918444650067516,0.9304263361646772,0.9989451476793249,0.9001433349259437,0.9358248448592916,0.8708035417547948,0.8172228738756645,0.8575334805951331,0.8-0.9,Q1 (Bottom 25%)
https://www.batikair.com.my/,https://batikair.com,2026-01-29 13:30:24,0.8131338448798489,0.8452134115053456,0.8580254455909089,1.7982714317022506,0.8885674491322187,0.7705513573841436,0.999789029535865,0.9187768752986144,0.9462662302717696,0.7704948708304686,0.4876296269338478,0.8965097804434637,0.8-0.9,Q2 (25-50%)
https://nokair.com/,https://nokair.com,2026-01-29 13:33:52,0.6540238766910291,0.946449935317094,0.7271035294941409,0.0043376904855065,0.788546079100517,0.8753355468384075,0.9985232067510548,0.895843287147635,0.8005677705819702,0.6127806067336552,0.638995812932226,0.7460226704443675,0.7-0.8,Q1 (Bottom 25%)
https://www.bangkokair.com/,https://bangkokair.com,2026-01-29 13:34:38,0.9833910242169828,0.9530262964965366,0.9789577743256602,0.0292582667889438,0.9588059315850757,0.9557143539197828,0.9993670886075948,0.923554706163402,0.9254299429103992,0.9474224168360444,0.8594444180050447,0.9188953800703167,≥0.9,Q3 (50-75%)
https://domains.atom.com/lpd/name/orientthai.com,https://orientthai.com,2026-01-29 13:34:57,0.9771079880561172,0.9592014592619712,0.9975709645530292,0.0255673824338928,0.9802970708722372,0.957830601171487,0.9966244725738396,0.9703774486383182,0.9933626376310192,0.9919449793354388,0.9066882038906976,0.9301910024140632,≥0.9,Q4 (Top 25%)
https://valuair.com/lander,https://valuair.com,2026-01-29 13:35:47,0.9738406316117234,0.8859440940240023,0.9996610648213528,0.0,0.9843017525763144,0.9579248643494058,1.0,0.989010989010989,0.9974956994201104,0.9824128075571108,0.8149870338072829,0.9208497407144535,≥0.9,Q3 (50-75%)
https://www.flightlist.io/silkair.php,https://silkair.com,2026-01-29 13:36:04,0.9896006258882636,0.9418896058146936,1.0,0.0012214543707766,0.9938086063874784,0.9304691201272252,0.999789029535865,0.9861442904921166,0.9971539526902246,0.9979731721813327,0.9321885384268682,0.9316866790452453,≥0.9,Q4 (Top 25%)
https://www.singaporeair.com/en_UK/np/home,https://singaporeair.com,2026-01-29 13:36:49,0.8781718133039721,0.8730172511575736,0.9107753142211552,0.0008933890385643,0.9117118874499892,0.8797786944776719,0.9436708860759494,0.895843287147635,0.9619157245573438,0.8380052922161875,0.6803849825453303,0.8484121344416229,0.8-0.9,Q1 (Bottom 25%)
https://www.malaysiaairlines.com/tw/en/home.html,https://malaysiaairlines.com,2026-01-29 13:38:07,0.9205232581526552,0.7790065266712092,0.8039985002285607,0.0567862488408733,0.838471506588002,0.8056621606562704,0.99957805907173,0.8461538461538461,0.9331564482938572,0.7185738513808637,0.3634994443060265,0.8105876191528243,0.8-0.9,Q1 (Bottom 25%)
https://www.boldcontenthub.com/navigating-brunei-air-flights-tickets-and-airport-services/?cmp=cid-98081&dark=true&ra=organic&rp=bruneiair.com,https://bruneiair.com,2026-01-29 13:38:30,0.9722315794697995,0.8887574504439038,0.9998305324106764,0.0146464243498817,0.9833413788001024,0.968445530365942,0.999789029535865,0.974199713330148,0.9957107624320074,0.9886190151481756,0.8744206272109948,0.923026635088084,≥0.9,Q3 (50-75%)
https://royalbrunei.com/,https://royalbrunei.com,2026-01-29 13:38:45,0.9952639753218588,0.9970219742570232,1.0,0.0085543835207186,0.997180350218587,0.9772657378227942,0.999789029535865,0.9904443382704252,0.9987215678667896,0.999857783609731,0.9486923228381358,0.9447702974845855,≥0.9,Q4 (Top 25%)
https://laoairlines.com/en/,https://laoairlines.com,2026-01-29 13:39:46,0.8990335755497446,0.8566411590073196,0.9933625194181612,0.0049227093837102,0.9386026585493727,0.9043623372063682,0.9856540084388186,0.9440993788819876,0.9399185093503865,0.9669625736797364,0.8844996374691709,0.8821419361004991,0.8-0.9,Q2 (25-50%)
https://bambooairways.com/vn/vi,https://bambooairways.com,2026-01-29 13:41:21,0.8402810996462668,0.746006065377236,0.9819805691603898,0.0200889113150441,0.8723779193354837,0.85143470987822,0.9751054852320676,0.8136645962732919,0.9008947407784172,0.8740741670004201,0.5721324371309955,0.8244875156605078,0.8-0.9,Q1 (Bottom 25%)
https://www.spicejet.com/,https://spicejet.com,2026-01-29 13:43:02,0.9224809007119742,0.7447527448277763,0.9357466397401496,0.0274390874662707,0.9341670095033786,0.8587837505793006,0.9428270042194092,0.9503105590062112,0.9690581401677808,0.8605786561766542,0.7642784423398682,0.8575309267533869,0.8-0.9,Q1 (Bottom 25%)
https://www.airindia.com/,https://airvistara.com,2026-01-29 13:44:06,0.9132774574360848,0.8861942044122179,0.9102951560514052,0.0252068359637217,0.9224501459205392,0.8753359823288395,0.9981012658227848,0.9116101290014332,0.9596407152331148,0.8467142581564764,0.6789768512167879,0.8658564773497748,0.8-0.9,Q1 (Bottom 25%)
https://allianceair.in/,https://allianceair.in,2026-01-29 13:45:52,0.9356927316183272,0.8599149934392284,0.9994351080355882,0.1768127951434492,0.9162937310448988,0.9313063034762254,1.0,0.956043956043956,0.920409576041716,0.9828215575504672,0.8811374789690127,0.9015826002291892,≥0.9,Q2 (25-50%)
https://www.afternic.com/forsale/nok-air.com?utm_source=TDFS_DASLNC&utm_medium=parkedpages&utm_campaign=x_corp_tdfs-daslnc_base&traffic_type=TDFS_DASLNC&traffic_id=daslnc&,https://nok-air.com,2026-01-29 13:47:41,0.9819750910706252,0.9099331871818348,0.9626888857506002,0.0052363782661107,0.964185291624194,0.947606048916872,0.9561181434599156,0.9589106545628284,0.9813321302429086,0.9145094249721196,0.8435490508410995,0.9098009742823386,≥0.9,Q3 (50-75%)
https://www.skymark.co.jp/ja/,https://skymark.co.jp,2026-01-29 13:48:52,0.8775037832168158,0.8886300088759986,0.9567857647224968,0.1247205067371857,0.8748873869913333,0.9187408750090652,0.99915611814346,0.8929765886287625,0.9313653419486506,0.9224831567958564,0.8094282277608099,0.8686444266523508,0.8-0.9,Q1 (Bottom 25%)
https://www.virginaustralia.com/au/en/,https://virginaustralia.com.au,2026-01-29 13:50:49,0.8259642511289634,0.862715878051348,0.939810761191922,0.2597540541861161,0.8852456345251267,0.8693657293154462,0.930590717299578,0.8542761586239848,0.9540364941602578,0.8090717408411712,0.3822577318914218,0.8370517385357713,0.8-0.9,Q1 (Bottom 25%)
https://rex.com.au/,https://rex.com.au,2026-01-29 13:51:15,0.9238176573088722,0.9148894901532342,0.9743821494139246,0.2542955078452019,0.9517322167655,0.9259109239504512,0.971097046413502,0.9493549928332538,0.9789926641887328,0.9479897973125284,0.8535104835330752,0.9075180616676322,≥0.9,Q3 (50-75%)
https://www.dot-shopping.org/articles/stacking-travel-deals-a-smart-savers-guide.html?psystem=PW&domain=jetconnect.com&oref=https%3A%2F%2Fjetconnect.com%2F,https://jetconnect.com,2026-01-29 13:52:01,0.9687996308948398,0.8572934112361752,0.9950286983880116,0.2879205386047741,0.9729315835320156,0.9550109818023456,0.999789029535865,0.9655996177735308,0.993243611695978,0.976031907120621,0.8569146340211621,0.92801619861029,≥0.9,Q4 (Top 25%)
https://www.airnewzealand.com/,https://airnz.com,2026-01-29 13:52:42,0.7866373981191026,0.3138059962235207,0.964892224198337,0.9314731625842024,0.865959663933638,0.8591410077158405,0.9546413502109704,0.8084089823220258,0.9297520837162786,0.7538342930106317,0.7077833549358783,0.8102855948900579,0.8-0.9,Q1 (Bottom 25%)
https://www.airnewzealand.co.nz/,https://airnz.co.nz,2026-01-29 13:53:31,0.8018033039549233,0.3065415521032667,0.9082336617675832,0.6028114819022359,0.8645905042174427,0.8576490037730681,0.9443037974683544,0.8623984710941233,0.9370075278062444,0.6675870283019627,0.6514086445639506,0.7868345377800312,0.7-0.8,Q1 (Bottom 25%)
https://www.hugedomains.com/domain_profile.cfm?d=originpacific.com,https://originpacific.com,2026-01-29 13:54:08,0.9792183902595352,0.912790652657034,0.9934961408372024,0.0,0.969337613263684,0.965519101012188,0.9993670886075948,0.9698996655518396,0.9893975873637152,0.9747940109508576,0.9436112922987628,0.9237499993171612,≥0.9,Q3 (50-75%)
https://www.soundsair.com/,https://soundsair.com,2026-01-29 13:54:49,0.9500432894392012,0.8912315503195039,0.9890975850868522,0.0057595995607331,0.9701442430566484,0.9420394969746576,0.9571729957805908,0.9694218824653608,0.9893753101908505,0.974685951506204,0.8983243330505872,0.9073981143486097,≥0.9,Q3 (50-75%)
https://www.qantas.com/en-au,https://qantas.com.au,2026-01-29 13:57:41,0.9324682721845104,0.8950991110431605,0.96794238101963,0.0080296462838922,0.8933424541758066,0.9154073155539908,0.999789029535865,0.8313425704730053,0.942797599966012,0.8955389934753201,0.7081239566157445,0.8767839064816041,0.8-0.9,Q2 (25-50%)
https://www.jetconnect.co.nz/,https://jetconnect.co.nz,2026-01-29 13:58:28,0.9662263528744184,0.9205829844325036,0.999858777008897,0.0004194792368969,0.9748889400035488,0.9656890132898812,0.979535864978903,0.9316770186335404,0.9895450725621764,0.9737265086974368,0.8501445924117679,0.9181060943728797,≥0.9,Q3 (50-75%)
https://www.aircalin.asia/en?acr=com-to-asia&rd=1,https://aircalin.com,2026-01-29 13:59:03,0.9286927310691148,0.8055075209231891,0.9878830673633668,0.1350494933486755,0.9279628421909376,0.9051244328584602,0.9981012658227848,0.9345437171524128,0.97993278762388,0.9673016810219632,0.7573954889407101,0.8882868441021511,0.8-0.9,Q2 (25-50%)
https://www.polynesianblue.com/,https://polynesianblue.com,2026-01-29 14:00:07,0.985644578997455,0.945055413105719,1.0,0.0,0.9914533258496864,0.9351575797198228,0.99873417721519,0.9789775441949355,0.9961553763473686,0.9998189369232988,0.8745466031747808,0.9295418047102398,≥0.9,Q4 (Top 25%)
https://www.airvanuatu.com/,https://airvanuatu.com,2026-01-29 14:00:57,0.9373581015757476,0.9041004081808776,0.9663847797089712,0.0740525896302649,0.944501647916459,0.9058474989627954,0.9993670886075948,0.9283325370281892,0.9740317561704028,0.8994474234720277,0.8165780635721371,0.8960343582910665,0.8-0.9,Q2 (25-50%)
https://airmarshalls.com/,https://airmarshalls.com,2026-01-29 14:02:34,0.9893729121557958,0.983230823787962,0.9966671374099704,0.0002046163309489,0.9916085914450248,0.9554402783438304,0.9563291139240506,0.990922121356904,0.9966328170999096,0.9893472537346752,0.9414510378086528,0.934086420879988,≥0.9,Q4 (Top 25%)
https://cheapskat.com/,https://cheapskat.com,2026-01-29 14:03:30,0.9878866862088346,0.9323123265177534,1.0,0.0098117899556584,0.9927881915942948,0.9861725972156916,0.9957805907172996,0.9808886765408504,0.99670120209955,0.9994417254369352,0.9437699286976045,0.935859257648171,≥0.9,Q4 (Top 25%)
https://www.dmv.ca.gov/portal/,https://dmv.ca.gov,2026-01-30 13:31:04,0.9605619469991694,0.9139806592008188,0.989860189238808,0.0203256358669521,0.970487183810572,0.9453897648040296,0.9968354430379748,0.9617773530817008,0.9871547236370272,0.977212002234818,0.8858741752073704,0.9161117589616626,≥0.9,Q3 (50-75%)
https://www.ssa.gov/,https://ssa.gov,2026-01-30 13:31:26,0.9691046920030322,0.9566581123146488,0.9944075695523232,0.0008189914262682,0.9654016485008302,0.9480963181248564,0.99873417721519,0.963688485427616,0.9860300924940704,0.9779124150258044,0.8907247163907793,0.9220241682464092,≥0.9,Q3 (50-75%)
https://www.usps.com/,https://usps.com,2026-01-30 13:32:24,0.9673490955209572,0.9578687952899642,0.9544697076684084,0.0026405137367138,0.9488609405419915,0.9510280154363484,0.9983122362869198,0.9053989488772096,0.98058876409562,0.9281125262664572,0.5483351109941557,0.9031920180383453,≥0.9,Q2 (25-50%)
https://www.healthcare.gov/,https://healthcare.gov,2026-01-30 13:33:15,0.971856363792622,0.9146792554638112,0.9708233300381302,0.1078646674255027,0.9426067954521276,0.7809933354969514,0.9951476793248946,0.9163879598662208,0.9797904467397014,0.8997160674584826,0.6137894223115563,0.8906681626446747,0.8-0.9,Q2 (25-50%)
https://www.va.gov/,https://va.gov,2026-01-30 13:33:50,0.9794985048779928,0.9246650196116376,0.9563056065527468,0.1563173315658797,0.9415234076819656,0.9038028617496828,0.999789029535865,0.9722885809842332,0.9848817962320686,0.9336080817990848,0.770287029234822,0.9125594727413305,≥0.9,Q3 (50-75%)
https://www.epa.gov/,https://epa.gov,2026-01-30 13:34:32,0.9491214102425348,0.9530216213321592,0.9859906792825872,0.2106813291895768,0.9697088139868936,0.9507756384024364,0.9972573839662447,0.9546106067845198,0.9857089675883944,0.9739491541427138,0.8944554712294227,0.9263105351836531,≥0.9,Q4 (Top 25%)
https://www.nasa.gov/,https://nasa.gov,2026-01-30 13:34:56,0.9337461766040116,0.9369657760971452,0.990764016381867,0.0,0.8942054055198312,0.9362293004167476,0.9953586497890295,0.957955088389871,0.8870500094644559,0.9723012573820428,0.871176046277037,0.893799907058124,0.8-0.9,Q2 (25-50%)
https://www.nist.gov/,https://nist.gov,2026-01-30 13:35:41,0.9732431524080124,0.9058120397472008,0.938850444852422,0.0174355999295495,0.9635023053987752,0.9502650341586928,0.9985232067510548,0.9608217869087434,0.9832953864815404,0.8897158986278133,0.670023226235101,0.9039845139997035,≥0.9,Q3 (50-75%)
https://www.nyc.gov/main,https://nyc.gov,2026-01-30 13:36:12,0.9382263885528792,0.933645822135035,0.9873464199971754,0.0541629871204503,0.9543720764269548,0.9042500218361502,0.989662447257384,0.9455327281414238,0.9715036122031512,0.950288004799794,0.7949857833791979,0.9030720305129338,≥0.9,Q2 (25-50%)
https://www.chicago.gov/city/en.html,https://chicago.gov,2026-01-30 13:36:37,0.9374448631586104,0.8528697960625896,0.9927128936590875,0.0231232567212929,0.9492793570197006,0.9052229181974788,0.9951476793248946,0.956043956043956,0.9783499050393328,0.9638124747731024,0.8609757258315114,0.8961088204549577,0.8-0.9,Q2 (25-50%)
https://www.boston.gov/,https://boston.gov,2026-01-30 13:36:57,0.9787133113212744,0.9286913906877368,0.9927976274537494,0.0008992739472503,0.975617873945854,0.961353080394762,0.971097046413502,0.9493549928332538,0.9872562156097736,0.981076778560756,0.8961136881749628,0.9216860852313873,≥0.9,Q3 (50-75%)
https://seattle.gov/,https://seattle.gov,2026-01-30 13:37:22,0.9565261390549562,0.9383997396851332,0.9900579014263522,0.7555441082473557,0.9673334350198504,0.9332271482168596,0.9736286919831224,0.9813664596273292,0.9895259278183054,0.9748795596395904,0.86307065945151,0.9511651246715336,≥0.9,Q4 (Top 25%)
https://www.miami.gov/Home,https://miami.gov,2026-01-30 13:37:54,0.913512877353915,0.7971262681880512,0.986352243853024,0.0,0.945207690638544,0.8433988880615901,0.8949367088607595,0.9641662685140946,0.9750526797201052,0.9622055741634048,0.7910618653960824,0.8663937685665967,0.8-0.9,Q1 (Bottom 25%)
https://www.phoenix.gov/,https://phoenix.gov,2026-01-30 13:38:27,0.9259253535001672,0.8740547025241585,0.9558536929812174,0.1670231570334177,0.9317743796494844,0.9107285133470324,0.9976793248945148,0.9225991399904444,0.9450659114949124,0.9244981039377878,0.7887523060600038,0.8902409849593683,0.8-0.9,Q2 (25-50%)
https://dallascityhall.com/Pages/default.aspx,https://dallas.gov,2026-01-30 13:39:09,0.8929293057735161,0.7188921554196355,0.9202935777428408,0.0,0.9324522477938416,0.7914642884570898,0.8656118143459915,0.9426660296225512,0.936074000298816,0.8608891170187252,0.697430930178522,0.827744791950033,0.8-0.9,Q1 (Bottom 25%)
https://www.berkeley.edu/,https://berkeley.edu,2026-01-30 13:39:25,0.9534144609508026,0.8879706118276336,0.9974579861601468,0.0032293788685431,0.972264733838205,0.9680130040322688,0.9983122362869198,0.9746774964166268,0.9007790892079424,0.9930449971251888,0.9379946306244769,0.9130758886498005,≥0.9,Q3 (50-75%)
https://www.columbia.edu/,https://columbia.edu,2026-01-30 13:39:59,0.7939816669262592,0.8383792261120199,0.9723202937438216,0.0009948391833317,0.873474816411016,0.8399186566285903,0.9978902953586498,0.9354992833253702,0.8700195087295735,0.9332424774212428,0.7761201829357626,0.829483442006048,0.8-0.9,Q1 (Bottom 25%)
https://www.nyu.edu/,https://nyu.edu,2026-01-30 13:40:27,0.7899200215498845,0.8929727999727732,0.9384832650755544,0.0009623074551503,0.8749263347275041,0.8595621857369884,0.9453586497890296,0.9321548017200192,0.8617479161341033,0.9118710549509448,0.8215993721731227,0.8268472685414322,0.8-0.9,Q1 (Bottom 25%)
https://www.ucla.edu/,https://ucla.edu,2026-01-30 13:40:51,0.9373431068557572,0.8389843635156546,0.998954949865838,0.0303690232416269,0.960187040434804,0.9127990332596784,0.9618143459915612,0.94314381270903,0.9353718077659652,0.9857311899967204,0.8694375779767887,0.894093013956445,0.8-0.9,Q2 (25-50%)
https://umich.edu/,https://umich.edu,2026-01-30 13:41:08,0.9673477584732764,0.9541591971269556,0.998898460669397,1.003827592932627,0.9763804808140628,0.9853720583986484,0.9989451476793249,0.961299569995222,0.9818383804287772,0.9868132304466728,0.9306684284638492,0.9782640490495462,≥0.9,Q4 (Top 25%)
https://www.wisc.edu/,https://wisc.edu,2026-01-30 13:43:30,0.9785614712886934,0.9268146979531586,0.9987289930800736,0.0004095707094108,0.9783255371897652,0.9623006024437972,0.99957805907173,0.9813664596273292,0.972084499513197,0.9896731125590946,0.9205782203422254,0.9264398656872013,≥0.9,Q4 (Top 25%)
https://twin-cities.umn.edu/,https://umn.edu,2026-01-30 13:44:00,0.9638610962548908,0.8896477585677866,0.9498658381584522,0.0103606678860067,0.9063565328851406,0.902948765315258,0.9976793248945148,0.94314381270903,0.9497086487682432,0.8915354008212051,0.8101934150963996,0.8887393362718706,0.8-0.9,Q2 (25-50%)
https://www.foxnews.com/,https://foxnews.com,2026-01-30 13:45:59,0.9555581520251754,0.8898319446191166,0.6286400225956783,0.0017136134219029,0.7383151148913866,0.8350032055776607,0.9858649789029535,0.3726708074534162,0.9255832472960565,0.5003873725914666,0.0065955415706685,0.7574410231055841,0.7-0.8,Q1 (Bottom 25%)
https://www.ms.now/,https://msnbc.com,2026-01-30 13:46:49,0.9070978364026776,0.817434474996406,0.9530009885609376,0.1865008605218853,0.9002693002748223,0.8929730978258347,0.9976793248945148,0.8748208313425705,0.9465035054013294,0.9042709000644372,0.637405716322659,0.8686316545234108,0.8-0.9,Q1 (Bottom 25%)
https://www.dailymail.co.uk/home/index.html,https://dailymail.co.uk,2026-01-30 13:48:38,0.98182267396082,0.91082829768501,0.9248128795367888,0.0,0.7651118237038339,0.7368868583291796,0.9886075949367088,0.0430004777830864,0.9351155406939484,0.7385996699673087,0.0838458688748854,0.7983780486885795,0.7-0.8,Q1 (Bottom 25%)
https://www.thesun.co.uk/,https://thesun.co.uk,2026-01-30 13:49:44,0.9777278075124836,0.898826979240499,0.941194746504731,0.0119572639044801,0.8390862744158796,0.915570527878598,0.9930379746835444,0.5852842809364549,0.9658090791276968,0.8516225408953221,0.482427286207125,0.8616794878426447,0.8-0.9,Q1 (Bottom 25%)
https://nypost.com/,https://nypost.com,2026-01-30 13:51:30,0.9780160779407144,0.9065385906105584,0.845982205903121,0.2623337617569091,0.7797614483982207,0.8908353979893716,0.6656118143459916,0.3397037744863832,0.8803924391084295,0.6726173224643905,0.1331957862439847,0.7993887104438576,0.7-0.8,Q1 (Bottom 25%)
https://www.usatoday.com/,https://usatoday.com,2026-01-30 13:52:19,0.975318619481048,0.9238502736968108,0.958120162585691,0.101197793786932,0.904263771884528,0.9296637681366622,0.9962025316455696,0.7281414237935977,0.9740566055004092,0.8988574149961029,0.6344933386709817,0.8920496776902364,0.8-0.9,Q2 (25-50%)
https://www.latimes.com/,https://latimes.com,2026-01-30 13:53:15,0.9707730732597634,0.9238505520977296,0.9445840982912018,0.0057166533572084,0.94210253824404,0.9292101970066324,0.9949367088607596,0.9388437649307214,0.9803768285339376,0.9131024245647372,0.7591442219491188,0.9010968647512481,≥0.9,Q2 (25-50%)
https://www.overstock.com/,https://overstock.com,2026-01-30 13:54:07,0.977255314178816,0.957143209388854,0.8559525490749894,0.0,0.9299241425590432,0.9055428834701656,0.9677215189873418,0.9426660296225512,0.9790832117601777,0.8136951218253978,0.6314904449564357,0.8816553440856439,0.8-0.9,Q2 (25-50%)
https://www.wayfair.com/,https://wayfair.com,2026-01-30 13:55:33,0.96181233628813,0.9224364909907028,0.7183609497947241,0.0037362250091998,0.8045887596146865,0.7498664088748956,0.8962025316455696,0.3717152412804587,0.6655088861057668,0.5133140178541578,0.2955284131787656,0.7656746579682169,0.7-0.8,Q1 (Bottom 25%)
https://www.zappos.com/,https://zappos.com,2026-01-30 13:56:09,0.9426505656430058,0.9495165945196948,0.9753707103516452,0.0001508083817055,0.9457859205072242,0.9333813785187776,0.909915611814346,0.9240324892498806,0.9798573037251984,0.911087868234541,0.7618410407294288,0.8945408926059445,0.8-0.9,Q2 (25-50%)
https://www.kohls.com/,https://kohls.com,2026-01-30 13:57:22,0.9507152739367944,0.9037541973667934,0.9378618839147012,0.019813874779404,0.8647844606780268,0.9237520126446828,0.9974683544303796,0.7859531772575251,0.960624348870994,0.7087624446180663,0.4061595714204397,0.863776094633567,0.8-0.9,Q1 (Bottom 25%)
https://jcpenney.com/,https://jcpenney.com,2026-01-30 13:57:34,0.9939553637975532,0.995278530472444,1.0,0.0267272427983539,0.9964012524627216,0.9977883117298724,1.0,0.9985666507405638,0.9989582572575944,1.0,0.9853709245609272,0.9482004899900909,≥0.9,Q4 (Top 25%)
https://www.macys.com/,https://macys.com,2026-01-30 13:58:34,0.96815108386964,0.8801444354305975,0.8399384435891,0.0021178210095438,0.85625947315919,0.8164154650152252,0.9953586497890295,0.811753463927377,0.917851782233358,0.7053911853507512,0.5350096534914472,0.8398502581811088,0.8-0.9,Q1 (Bottom 25%)
https://siteclosed.nordstrom.com/invitation.html,https://nordstrom.com,2026-01-30 13:58:46,0.9902194926473392,0.9453477554044344,1.0,0.0005337536117677,0.9941770562247446,0.9888498717562766,0.9871308016877636,0.9971333014811276,0.998693102236644,0.9836683684172844,0.970373252783369,0.938012234699951,≥0.9,Q4 (Top 25%)
https://www.anthropologie.com/,https://anthropologie.com,2026-01-30 13:59:07,0.978383189698674,0.9393840117719228,0.9719938065245022,2.324637728745294e-05,0.9752785338974236,0.9177728284290024,1.0,0.9885332059245102,0.9967962764128944,0.9420187020610786,0.9012824353113428,0.9186826968678588,≥0.9,Q3 (50-75%)
https://www.urbanoutfitters.com/,https://urbanoutfitters.com,2026-01-30 13:59:25,0.9784208479265064,0.942894442837653,0.9853777023684548,3.681522341884832e-05,0.9821053142018672,0.923174533357806,1.0,0.9861442904921166,0.9968120149585707,0.9522445646685558,0.9118821462198344,0.922937189283687,≥0.9,Q3 (50-75%)
https://www.forever21.com/,https://forever21.com,2026-01-30 13:59:53,0.978941267423734,0.9450372521663976,0.9966953820081909,0.0492461932650974,0.9625146967596698,0.9724984426022234,0.9926160337552744,0.9350215002388916,0.9830458426717548,0.9770766250499068,0.836388950321612,0.9252339957355076,≥0.9,Q4 (Top 25%)
https://lifehacker.com/,https://lifehacker.com,2026-01-30 14:00:46,0.9406574515132474,0.9256059380850568,0.9293602598503036,0.0213233706879458,0.8762801900736846,0.9285934780056444,0.9968354430379748,0.7978977544194936,0.930166118248596,0.7886854375106107,0.6011517002555913,0.8691626736154631,0.8-0.9,Q1 (Bottom 25%)
https://www.jalopnik.com/,https://jalopnik.com,2026-01-30 14:02:02,0.983317447760438,0.9661012161776246,0.8949612842701145,0.0,0.8308858839288678,0.9111747955719248,0.9989451476793249,0.3659818442427138,0.9708782851484368,0.7822000340162535,0.3970081175178443,0.8494082183655859,0.8-0.9,Q1 (Bottom 25%)
https://deadspin.com/,https://deadspin.com,2026-01-30 14:02:57,0.9740229727839655,0.9367192462387745,0.9509108882926142,0.0079473986055748,0.8588424971940145,0.9361243777451684,0.9970464135021097,0.6211180124223603,0.9598576423076658,0.8304661821226454,0.5817570007642543,0.8738976862747666,0.8-0.9,Q1 (Bottom 25%)
https://www.zillow.com/,https://zillow.com,2026-01-30 14:03:33,0.9766836272407948,0.902519266948994,0.8928399943510803,0.0006316531332009,0.895692926389977,0.9165653901558684,0.9717299578059072,0.882943143812709,0.9648620414285508,0.8292645142006919,0.7721617382070167,0.8780700223707808,0.8-0.9,Q2 (25-50%)
https://www.realtor.com/,https://realtor.com,2026-01-30 14:04:53,0.9790926522879556,0.9335347483932764,0.8765714880814056,0.000288084193109,0.8364911599867147,0.8806058148788501,0.9848101265822784,0.3736263736263736,0.965515407542796,0.7791153569940161,0.3463965742003093,0.8380217408163105,0.8-0.9,Q1 (Bottom 25%)
https://www.redfin.com/,https://redfin.com,2026-01-30 14:05:59,0.9712500337506236,0.9308682694063096,0.9028909580464616,0.2724273597497808,0.9068850700135436,0.9015349656606582,0.9580168776371308,0.9015766841853798,0.9592244396133872,0.7968091628781389,0.4786694698651498,0.8877235719586294,0.8-0.9,Q2 (25-50%)
https://www.trulia.com/,https://trulia.com,2026-01-30 14:06:55,0.9502445348832462,0.9219130052913572,0.9383985312808926,0.0,0.9535958677317952,0.9383963513413104,0.9949367088607596,0.9574773053033924,0.9853365969083856,0.9333181385730872,0.5765826546961508,0.8948967378986981,0.8-0.9,Q2 (25-50%)
https://www.apartments.com/,https://apartments.com,2026-01-30 14:08:04,0.949893490335153,0.9234203721856268,0.9761050699053806,0.0002086015702341,0.9289989744581586,0.9542641710904262,0.9989451476793249,0.910654562828476,0.9749269750899124,0.9308578223782552,0.463624207167939,0.8942463775664415,0.8-0.9,Q2 (25-50%)
https://www.rent.com/,https://rent.com,2026-01-30 14:09:02,0.96973308637244,0.9311124460801016,0.9441333625081352,0.0,0.9396129198869684,0.9643753473430676,0.9746835443037974,0.8690874343048256,0.98286410448958,0.9064568273403124,0.5569798615757446,0.8958654721690936,0.8-0.9,Q2 (25-50%)
https://www.padmapper.com/,https://padmapper.com,2026-01-30 14:09:27,0.9696138614126836,0.9199736631370228,0.9728289333206857,0.0,0.9667977578488556,0.9543927468703868,0.9981012658227848,0.968944099378882,0.9921086982911816,0.9580755148319308,0.8648324566339409,0.9155324826312858,≥0.9,Q3 (50-75%)
https://www.hotels.com/,https://hotels.com,2026-01-30 14:10:13,0.9836859203960104,0.9208845592131448,0.904222588511564,0.0067813405159639,0.9143846565084036,0.8927389919375879,0.9327004219409284,0.8853320592451027,0.940686616593346,0.8477760545585691,0.6684023355010531,0.8783943375828738,0.8-0.9,Q2 (25-50%)
https://www.yelp.com/,https://yelp.com,2026-01-30 14:10:53,0.9503969888118016,0.8163096601813726,0.8955514757802571,0.0009136051845305,0.9339352426189644,0.925743295106814,0.9170886075949368,0.9402771141901576,0.9799849629401498,0.8564081869118092,0.7230507085914675,0.8680399803537516,0.8-0.9,Q1 (Bottom 25%)
https://www.yellowpages.com/,https://yellowpages.com,2026-01-30 14:11:09,0.968212189346852,0.9357714425215632,0.9983053241067644,0.0,0.9810231461175166,0.9459318649307206,0.9976793248945148,0.9804108934543716,0.99572981804172,0.9922233936152618,0.9343217314136464,0.9245135255675666,≥0.9,Q4 (Top 25%)
https://www.superpages.com/,https://superpages.com,2026-01-30 14:11:35,0.9783102338153454,0.9071882875216276,0.9999152662053382,0.0001466810402846,0.9856473067927672,0.9552399277572948,0.9993670886075948,0.9713330148112757,0.9967098926799904,0.9958061601934174,0.8436470321462665,0.9241222472185107,≥0.9,Q4 (Top 25%)
https://citysearch.com/,https://citysearch.com,2026-01-30 14:11:51,0.9716138648695102,0.9411761439877818,0.995593842677588,7.160067367380544e-05,0.983099969878692,0.9643756866716025,1.0,0.9880554228380316,0.9969990375229912,0.9837281626126984,0.9450315546460402,0.9282436739600574,≥0.9,Q4 (Top 25%)
https://foursquare.com/,https://foursquare.com,2026-01-30 14:12:38,0.9763409303187172,0.9808713407955914,0.9937014545968084,0.0919682729375007,0.9756153319083578,0.9805155996457888,0.9962025316455696,0.9460105112279026,0.9780213119645308,0.9735683081072176,0.8509965631890769,0.9333686311317361,≥0.9,Q4 (Top 25%)
https://www.allrecipes.com/,https://allrecipes.com,2026-01-30 14:13:25,0.9785076985741048,0.9151341999972008,0.954356729275526,0.0405797814141598,0.9069402107927836,0.953920620154363,0.9827004219409282,0.7711419015766843,0.978135155384936,0.8845404960682777,0.6577895604185389,0.8921896539031121,0.8-0.9,Q2 (25-50%)
https://www.foodnetwork.com/,https://foodnetwork.com,2026-01-30 14:14:09,0.9796453032002036,0.917737095530695,0.9657110577602036,0.0556096005979398,0.907280271023442,0.9177331002159944,0.9959915611814346,0.7744863831820354,0.9753149697145368,0.8894168494883962,0.675842382606732,0.8931640883744438,0.8-0.9,Q2 (25-50%)
https://www.epicurious.com/,https://epicurious.com,2026-01-30 14:15:40,0.9075127299794178,0.9239708978570396,0.7720072981148605,0.0901681408877201,0.8065619282816621,0.8831260377601408,0.989451476793249,0.7185857620640229,0.9037842664572964,0.6146816322549127,0.2529569358166462,0.8102853577061806,0.8-0.9,Q1 (Bottom 25%)
https://www.bonappetit.com/,https://bonappetit.com,2026-01-30 14:17:33,0.9269876321121095,0.9046017664806988,0.8049428046886032,0.0763582755598055,0.7209236941481567,0.8543392310471991,0.9932489451476794,0.3870043000477783,0.8904862458703746,0.534645499365167,0.0533718166573818,0.7826587801533129,0.7-0.8,Q1 (Bottom 25%)
https://www.food.com/,https://food.com,2026-01-30 14:18:20,0.978355982638754,0.9487896461926636,0.9594690015534528,0.0,0.917595247751572,0.8927857275304872,0.9981012658227848,0.7959866220735786,0.9773940303250578,0.8797316749159209,0.65144690393073,0.8917130693664587,0.8-0.9,Q2 (25-50%)
https://www.delish.com/,https://delish.com,2026-01-30 14:19:02,0.9377763646633792,0.9318405625072824,0.9434260697641578,0.0183442335259266,0.8954032122209774,0.92258920898123,0.9934599156118143,0.8389870998566651,0.9527405089645756,0.8612261921399322,0.6939185336771079,0.8788774644068982,0.8-0.9,Q2 (25-50%)
https://www.eatingwell.com/,https://eatingwell.com,2026-01-30 14:19:58,0.8991381544373637,0.9160423922763048,0.9374664595396128,0.1306131962706191,0.8394361088755637,0.8999907601574372,0.9934599156118143,0.6421404682274248,0.9554929717747964,0.7769526830163549,0.56637020323189,0.8497024875025216,0.8-0.9,Q1 (Bottom 25%)
https://www.tasteofhome.com/,https://tasteofhome.com,2026-01-30 14:20:20,0.9794612361293208,0.923972234274224,1.0,0.0,0.9877719976152696,0.9844596718624994,0.9957805907172996,0.94696607740086,0.9914607757273222,0.9974225966094424,0.8910391897226009,0.9288430563974454,≥0.9,Q4 (Top 25%)
https://weibo.com/newlogin?url=https%3A%2F%2Fweibo.com%2F,https://weibo.com,2026-01-30 14:21:00,0.9195801565009418,0.6923013947097618,0.95167349244457,0.0145219230750712,0.9402610088465884,0.8389115136792302,0.999789029535865,0.9675107501194458,0.9772607110910504,0.8853583087043781,0.734559312749794,0.8577049345519344,0.8-0.9,Q1 (Bottom 25%)
https://vk.com/,https://vk.com,2026-01-30 14:21:36,0.9105653817884936,0.7024868843010313,0.9115096737748906,0.002921817704229,0.9327330877421696,0.8730480176242692,0.9721518987341772,0.9302436693741042,0.9766459018670224,0.8452193641899535,0.7716830295446295,0.8483631233754948,0.8-0.9,Q1 (Bottom 25%)
https://ok.ru/,https://ok.ru,2026-01-30 14:22:08,0.9685539925654962,0.8686426086040018,0.9899449230334698,0.0025968040415316,0.9481587689039502,0.9211959146376784,0.8953586497890296,0.8910654562828476,0.9815299635073932,0.959952466350328,0.7842162382084165,0.8933836273241386,0.8-0.9,Q2 (25-50%)
https://dzen.ru/?yredirect=true&is_autologin_ya=true,https://yandex.ru,2026-01-30 14:23:23,0.8427783769990219,0.9092531878765688,0.9238597741370608,0.0025651356793728,0.8955525849739903,0.8272963467070259,0.8715189873417721,0.9010989010989012,0.9647302565754126,0.8162731895959073,0.4437004086287003,0.8269438156175478,0.8-0.9,Q1 (Bottom 25%)
https://mail.ru/?autologin=no,https://mail.ru,2026-01-30 14:24:36,0.917372817023017,0.8521600182677538,0.9761898037000424,0.0240795417916822,0.8819691563195818,0.8006466968153564,0.8170886075949367,0.849976110845676,0.9566083966325396,0.8909798228591115,0.4072401652431383,0.8381465655253616,0.8-0.9,Q1 (Bottom 25%)
https://www.mygov.in/,https://mygov.in,2026-01-30 14:26:18,0.8750573665567463,0.90375217981087,0.9783081485665868,0.414755754931306,0.7811451952117838,0.7911576192930083,0.9943037974683544,0.6258958432871476,0.7993000409144887,0.8526105520418977,0.5057813635824951,0.8366310883409169,0.8-0.9,Q1 (Bottom 25%)
https://cabinet.gov.pk/,https://cabinet.gov.pk,2026-01-30 14:27:30,0.9272036956014748,0.8495169266061536,0.9952266629007204,0.2326433874630377,0.9543328889398754,0.8651406013465683,0.8312236286919831,0.9283325370281892,0.9459678218430244,0.9713994593041488,0.7850756742280239,0.883932186165733,0.8-0.9,Q2 (25-50%)
