url,requested_url,timestamp,LCP_ms,FCP_ms,TBT_ms,CLS,TTI_ms,SpeedIndex_ms,TTFB_ms,noOfRequests,pageSize_kb,javascriptExecution_ms,loadTime_ms
https://www.google.com/sorry/index?continue=https://google.com/&q=EgRC-VLJGJuM0csGIin5VDM-ST7IY7MDoHGXXHHaNNw8bHPZaBpf7GvMTXuxGmHlf40Gl6etGTICclJaAUM,https://google.com,2026-01-24 09:55:11,485.5984593934305,434.6988445450729,376.05019257582114,0.004170562997986165,1664.1428624083849,620.5865934213318,1,17,1645.802734375,959.2079999999988,8798.1
https://www.youtube.com/,https://youtube.com,2026-01-24 09:55:53,4713.002918815703,4083,1340.499999999999,0.02982605116781169,6678.049999999999,4524.235520690794,234,143,3367.212890625,5090.970999999971,36454.299999999996
https://x.com/,https://x.com,2026-01-24 09:56:21,4026.002749112168,366.0027491121685,1166,0.0006417987556195444,4122.352749112169,3605.4135248757048,69,83,2903.2666015625,2893.1129999999594,16413.7
https://www.linkedin.com/,https://linkedin.com,2026-01-24 09:57:16,792.0285712105039,712.0268055628018,301.9964687045957,0.0021478291986797523,2456.795219613339,1365.2431781727755,6,66,839.7548828125,1214.165999999999,17668.1
https://x.com/,https://twitter.com,2026-01-24 09:57:38,3908,605.0027566557249,1047,0.0006417987556195444,3996,3308.8741146478915,79,84,2914.115234375,2417.2209999999577,17212.7
https://www.reddit.com/,https://reddit.com,2026-01-24 09:58:08,1509.5401590958284,1081.4732686969292,224.99999999999977,0.06547119227086748,3743.2069491549746,2026.5569132758385,319,76,2364.796875,1728.8769999999954,24971.1
https://www.wikipedia.org/,https://wikipedia.org,2026-01-24 09:58:24,883,724,95,0.0006769821848914056,883,1800.7001912644282,142,8,184.4072265625,16.73999999999999,9867.5
https://www.amazon.com/,https://amazon.com,2026-01-24 09:59:16,4361.398720681108,917.3950360654158,667.0000000000005,0.3924468563567893,6807.271066515996,4994.922093558373,568,474,17086.9208984375,3053.295000000026,45820.8
https://www.ebay.com/,https://ebay.com,2026-01-24 09:59:51,1644.1399018226202,1139.2955636582508,492.5000000000002,0.0049955614065744156,5025.182860844334,3462.4446589279755,594,159,4109.0498046875,1583.1019999999965,29621.6
https://www.walmart.com/,https://walmart.com,2026-01-24 10:00:32,1368.510757006595,918.6151832803425,1194.499999999999,0.00539391104659995,5728.967318520376,1786.593829425231,42,521,65892.0078125,3050.7679999999627,34907.7
https://aliexpress.com///_____tmd_____/punish?x5secdata=xf4CzAqJH9-jZwwMXa91JblEd1SnT3z3mBjhKys1e62eJ1CsRm7xcHNNtkBfpX_MU1dth11WdhjhMnRvjaK3RtDDcQdpklSgAkghfQj-0WwBiK46wiPdE06vcInLsQMIpGuWf-bf9FslVsa2EjlWl7_rE4j7FH4oa0zhVvQ14CFBNAc13WXZhjccIpS6tOzj3Kl_20Gq0IBv8L0NG1VEoSkEwp4RjskBla2ROW3MmoN-eVCXY2nWfNWWL__4SEJh3XMqoz-gWXaUDqKclHLUwJ4gpIGe5Ik5G8ZP7uXB9OkJaqWb-eCjEwI2x4ypQC6cCtQKmb4AkjibLzPB5DSIIWNQCgelpxjdIdLx30ZKTsRnPtKNY_47VmAMrOGC4G2FcS34k6MoGVc2BzeVheNvSzSXzaY6xOfaVsNxW6GNtf9NDL4FRq488SR_qAC4ac3Zza_GJD4BF5nLT5rnzAdmnKm6ij1jgqdahKYgrCuFJCu29hmy6v9LUAEENhyuvAVpjWmeYHwi5S4XD8okW27r9bam_0SJo4BHrxwy7P6c5I6zFhLZhsCCUAluVwiSM51I-zB4OpnosCC7QjvCJE9jBWU3HXgUzbhgZLJI_Z-SQz3aRWrBS1_PEd_hB_hqTS6MMbhnoHL5lOLEILzSZmb00BoJg8G20hJu5fKwqtrd_XIJyUyA8FvUaUjC0QgRcV9EbVjYsRojHm6kZQicAlhV0EvQ__bx__aliexpress.com%2f&x5step=1,https://aliexpress.com,2026-01-24 10:00:49,1352.4073838160184,639.7053691084672,893.0000000000001,0.008226950354609928,2542.1089752994512,2155.6997780102665,188,39,588.6416015625,1614.0369999999998,11436.1
https://www.bing.com/?toWww=1&redig=C02DBF635D7C46C991D6AC3A591AA0DF,https://bing.com,2026-01-24 10:01:26,1444.176807860967,782.594846191326,1021.9999999999977,0.13614941160986016,5793.996011442239,3420.8647613863777,235,275,5195.4208984375,3374.99099999999,31004.6
https://duckduckgo.com/,https://duckduckgo.com,2026-01-24 10:01:52,542,362,598.990963935852,8.426475705869696e-05,2279.1099396705627,1856.2446552030274,339,117,2525.6298828125,1193.3569999999834,20344
https://www.yahoo.com/,https://yahoo.com,2026-01-24 10:02:57,2589.013376234907,1100.003661294082,1867.5000000000018,0.010113589187314566,12310.155638721586,7247.181535578222,532,737,8507.650390625,9399.652999999973,59919.399999999994
https://www.baidu.com/,https://baidu.com,2026-01-24 10:03:34,2937.771365413435,801.1294692126088,196.99999999999955,0.061829524560021006,2953.592415364728,4545.3835277276885,34,108,3008.0908203125,842.7339999999995,30943.8
https://yandex.com/,https://yandex.com,2026-01-24 10:03:56,297.5,294,0,0,297.85,1410.788985054925,757,38,510.857421875,194.88900000000018,17061
https://www.netflix.com/,https://netflix.com,2026-01-24 10:04:23,1736.0037291855067,869.0025337340105,1196.4857844577837,0.0042128615285011595,6688.400988974643,2481.93316694272,308,83,4782.716796875,3046.026999999968,22504
https://open.spotify.com/,https://spotify.com,2026-01-24 10:05:07,6778.714152946566,3618.988695973492,2046.0000000000005,0.7359850970252168,8694.706352229614,6507.400246335605,2,202,5786.416015625,5364.246999999985,38231.2
https://soundcloud.com/,https://soundcloud.com,2026-01-24 10:05:47,4238.559364466009,1044.5321887766015,1917.000000000001,0.057228425918713244,8126.094276253352,4215.408306317503,253,189,6496.9775390625,4893.102999999994,34054
https://www.twitch.tv/,https://twitch.tv,2026-01-24 10:06:21,3580.0256986551835,830.0043767719364,1652.9948563466614,0.0014559845897907364,5259.629310979437,3675.454698002023,79,245,3930.7021484375,4821.7489999999625,28194.699999999997
https://vimeo.com/,https://vimeo.com,2026-01-24 10:07:18,3223.0021837975373,1123.0021837975376,3897.0044129899434,0.00721337092679095,11670.611313170488,5087.043409802931,236,251,44678.1552734375,7197.118999999959,51648.8
https://www.disneyplus.com/en-tw,https://hulu.com,2026-01-24 10:08:01,5534.148746364149,1264.5029419071602,1994.5000000000018,0,9183.068294718865,4047.496576359762,27,254,5731.861328125,4214.384999999835,37387.8
https://www.disneyplus.com/en-tw,https://disneyplus.com,2026-01-24 10:08:47,5228.108742276394,1067.0050036200619,3074.000000000001,0,10291.897781268259,4114.26529582879,24,257,5796.1142578125,6100.289999999806,39764.7
https://github.com/,https://github.com,2026-01-24 10:09:36,2067.982829455249,1523.9170226804995,3645.500000000002,0.0021848166423574645,9733.758860530688,3391.7521421348465,537,138,5675.8359375,1477.0509999999954,43745.2
https://about.gitlab.com/,https://gitlab.com,2026-01-24 10:10:10,1851.0130705954102,1271.0081479036323,1012,0.018373183413155265,4626.6148699241285,2088.698987479408,10,136,3707.455078125,2589.1429999999746,28906.4
https://bitbucket.org/,https://bitbucket.org,2026-01-24 10:10:57,1761.7156775342398,999.0094253422495,1354.1958226381987,0.04413778982642723,6325.001557358386,3103.3286407996184,41,121,5593.31640625,2305.443999999999,40512
https://stackoverflow.com/questions,https://stackoverflow.com,2026-01-24 10:11:23,2669.2160641524897,695.2748181770693,499.99999999999955,0.005032103368279491,2671.993228281508,1677.0260498270268,33,71,1445.138671875,989.7229999999998,20367.3
https://medium.com/,https://medium.com,2026-01-24 10:11:43,1020.0732226389441,489.1555332750773,826.5,3.598683346467034e-05,2781.2941859977436,892.3257869456038,4,32,2025.37109375,2168.0519999999915,14481.2
https://www.quora.com/,https://quora.com,2026-01-24 10:12:03,1321.5515310033993,668.9082901637945,90.49999999999989,0.037037037037037035,1415.417206110942,2218.7118404487182,101,27,1801.0634765625,528.7059999999967,14459.7
https://wordpress.com/,https://wordpress.com,2026-01-24 10:12:23,1272.033497626423,646.0167488132115,88.5,0.00019168762943642942,2709.128286784134,809.1463627680353,47,70,3051.9267578125,540.5670000000002,14634
https://www.tumblr.com/,https://tumblr.com,2026-01-24 11:00:06,7611.98714713605,796.0129017579868,1410.9999999999993,0.03878985510680955,7673.850724411321,3116.0892696649107,17,484,8703.1171875,2908.3799999999683,52973.8
https://www.blogger.com/about/?bpli=1,https://blogger.com,2026-01-24 11:00:26,1612.4161278614706,1346.1147395918165,0,0,1614.4161278614706,1671.8026084032974,10,56,1815.5712890625,5.244999999999999,13701.9
https://www.pinterest.com/,https://pinterest.com,2026-01-24 11:01:06,5016.429000872325,1846.0812786650258,595.4973244590667,0,5837.562980041569,5441.119324578503,343,276,10768.4365234375,2776.4439999999945,35229.2
https://www.paypal.com/us/home,https://paypal.com,2026-01-24 11:02:39,2961.385416241993,1170.2430254139977,546.5000000000005,0,3955.6047750212215,2493.136141221563,14,92,2463.2294921875,2848.3039999999855,25676.9
https://stripe.com/,https://stripe.com,2026-01-24 11:03:20,1233.2975881726325,933.2967108045024,644.9993419739027,0.0032743644911945174,2615.347467534515,1444.4870083787212,221,270,1295.51953125,1323.5980000000166,35214.3
https://www.shopify.com/,https://shopify.com,2026-01-24 11:04:48,1232.0064417380265,1072.0051591578733,505.4994761280682,0,3335.0071700409535,1072.0051591578733,28,206,4626.3125,1498.9589999999914,81837.40000000001
https://www.alibaba.com/,https://alibaba.com,2026-01-24 11:08:07,2459.0287315318883,878.6051069770482,2499.3602580914076,0.04199779633870456,10305.835514524497,5674.205133225934,164,479,7226.8408203125,6193.340999999998,49541.4
https://www.ebay.co.uk/,https://ebay.co.uk,2026-01-24 11:08:38,1315.1353640081768,967.0676820040885,223.00000000000023,0.003603785967994227,3296.484879093383,3975.083009174807,506,113,4157.9228515625,1097.4259999999963,26524.4
https://www.bestbuy.com/,https://bestbuy.com,2026-01-24 11:08:54,532.9584842630187,488.76678741041496,440.5,1.0727825934681725e-05,1597.1750905578112,1074.0587961578099,2,65,745.90234375,948.4349999999986,11489.300000000001
https://www.target.com/,https://target.com,2026-01-24 11:10:01,3929.9841753650735,878.2986566905234,5070,0.03320527837058506,11039.423675787184,5963.341453867328,22,379,4287.2626953125,10612.121000000125,60555.9
https://www.homedepot.com/,https://homedepot.com,2026-01-24 11:10:12,552,433.6808154968407,0,0,552,433.6808154968407,1,6,80.8798828125,0,5958.1
https://www.lowes.com/,https://lowes.com,2026-01-24 11:11:56,1119.0048683510145,695.5028739755869,6320.000000000008,0.00022094615446149342,18480.892212092695,11622.604425049984,324,441,10756.4619140625,15360.163999999922,98275.79999999999
https://www.ikea.com/,https://ikea.com,2026-01-24 11:12:18,1162.8994457397098,699,0,0,1162.8994457397098,938.6109470032982,71,94,3854.7626953125,397.74199999999973,16472.1
https://www.craigslist.org/about/sites,https://craigslist.org,2026-01-24 11:13:14,2157.6237787597092,1284.1226219658065,70,0,2157.6237787597092,6402.861705552569,4,41,1053.4619140625,331.081,48534.5
https://www.airbnb.com/,https://airbnb.com,2026-01-24 11:14:14,3171.509746577774,524.0014540766961,646.0000000000002,0.0005307976534454075,3497.15653329622,4693.758870491996,260,137,2841.9130859375,1880.4649999999974,55614.8
https://www.booking.com/,https://booking.com,2026-01-24 11:15:00,1312.0087497032596,832.0034022947718,2073.9999999999986,0,6892.532984660924,3469.07482191081,18,244,5328.34375,4352.485000000006,39861.2
https://www.expedia.com/,https://expedia.com,2026-01-24 11:15:52,915.0077093773576,795.0077093773577,1781.952213212429,0.0098424423451083,7348.839598958697,3121.6126350922013,370,196,4699.0078125,4145.865000000002,45779.5
https://www.uber.com/,https://uber.com,2026-01-26 09:54:23,1868.0234368075949,1688.0206243906835,3699.488750332356,0.07532173594863939,6755.064413682115,4028.615310026753,27,135,2080.646484375,8679.651999999996,31082.800000000003
https://www.lyft.com/,https://lyft.com,2026-01-26 09:54:55,2812.362341175127,1099.1786784934716,2015.5,0.00257915473217646,5609.968322832104,2551.269432316096,357,140,2869.2880859375,3332.069999999985,27574.9
https://www.google.com/maps,https://maps.google.com,2026-01-26 09:55:22,2126.0207999487334,1413.0120579412949,586.0018086911939,0.0006572197414120187,3547.1901830893644,1863.1304007490114,10,378,5240.443359375,2867.5409999999747,22216.1
https://news.google.com/home?hl=en-US&gl=US&ceid=US:en,https://news.google.com,2026-01-26 09:55:51,1538.3280519474472,828.777991202073,200.5,6.721337749281245e-05,2532.0439761238185,1639.3894873492566,130,120,1514.6064453125,950.1570000000008,24912.6
https://www.cnn.com/,https://cnn.com,2026-01-26 09:58:33,2680.3812723989286,1580.295993268944,2817.321382900667,0.009346115287996148,24003.745158874564,6987.952599014194,224,1390,22088.052734375,8060.473999999972,95786.09999999999
https://www.bbc.com/,https://bbc.com,2026-01-26 09:59:33,1480.8296248983736,986.3566526177705,4119.0948126089725,0.00962228065981353,10136.39037350496,5546.6173948430205,23,327,4809.4892578125,8241.117999999982,54335
https://www.nytimes.com/,https://nytimes.com,2026-01-26 10:01:03,11920.219601313906,1796.092921433019,9818.5,0.2104868913857678,19860.72093574147,13660.745501645997,38,567,13239.251953125,15565.676000000083,84647.5
https://www.theguardian.com/us,https://theguardian.com,2026-01-26 10:02:01,1011.0358222129262,963.9375505480025,1110.4999999999998,0.1105638750032457,6105.78785682936,3297.158217042932,45,612,3351.7451171875,3102.231999999995,51939.6
https://www.washingtonpost.com/,https://washingtonpost.com,2026-01-26 10:03:44,5812.004051153739,871.0007089519045,5446.945947075231,0.0699870738913198,17599.06705058844,10773.26188777198,188,1153,7509.7265625,11209.403000000015,96048.7
https://apnews.com/,https://apnews.com,2026-01-26 10:37:13,7544.271934387546,966.7759885036819,1663.4999999999927,0.0258583297294829,20859.095297698295,4330.212232152312,107,1783,12977.8974609375,5595.223999999995,80940.4
https://www.bloomberg.com/,https://bloomberg.com,2026-01-26 10:38:19,3684.000654901399,1114.0006549013992,2001,0.026808347233899295,10937.798838197383,9756.952886539137,120,438,39115.677734375,5490.798000000153,61326
https://www.forbes.com/,https://forbes.com,2026-01-26 10:39:37,1308.504488268209,942.0105107269885,1768.9910618200583,0.0012767115454235876,13567.18186830188,3415.3718387281015,73,344,16400.9931640625,6023.930999999984,74180.5
https://www.politico.com/,https://politico.com,2026-01-26 10:40:24,2555.209938541376,1122.3287816112575,1042.499999999999,0.05258176991138557,8486.406630363568,2881.7868657382855,15,569,7342.4521484375,3779.1879999999906,41537.4
https://www.huffpost.com/,https://huffpost.com,2026-01-26 10:41:56,1713.0091362747794,1020.8569180420136,3234.6496125811145,0.017375531362750902,15103.80833329642,4514.667359054573,24,1249,17259.6337890625,11333.772999999943,85552.79999999999
https://www.vice.com/en/,https://vice.com,2026-01-26 10:42:31,1452.0084948888425,903.0042474444213,361.4999999999991,0.05583346215419824,7452.906750238091,3199.130981246799,60,305,5208.185546875,1519.959,29586.899999999998
https://www.buzzfeed.com/,https://buzzfeed.com,2026-01-26 10:44:26,1341.0117655593529,1301.0097074343284,17702.5,0.0071721082569809495,29268.950000000004,8674.50839915503,78,624,4001.654296875,25587.76799999998,107339.6
https://www.msn.com/en-xl,https://msn.com,2026-01-26 10:44:57,3559.3301081463833,742.771212903375,836.9999999999989,0.1235180289519764,6043.154927300657,3544.7063117676644,25,290,5152.5078125,2549.868999999983,27040.100000000002
https://www.cnbc.com/world/?region=world,https://cnbc.com,2026-01-26 10:46:17,1517.0422285484642,1268.0586666488052,1699.5000000000032,0.6564607935798442,15047.876929330989,5002.134645851986,69,972,8788.69921875,6748.267999999967,74414.2
https://www.economist.com/,https://economist.com,2026-01-26 10:47:29,4207.026144840422,1178.3425500418539,1375,0.06568039703908006,10265.190251882612,5945.196414464861,255,408,8521.55859375,6938.6649999999345,67641.5
https://time.com/,https://time.com,2026-01-26 10:48:13,883.0030520023374,396.00106820081817,1018.5000000000016,0.002890243280050069,6280.443234088274,1558.5743140717218,113,304,3677.4111328125,2731.0349999999876,38842.600000000006
https://www.nbcnews.com/,https://nbcnews.com,2026-01-26 10:49:17,1189.8465453636231,1018.5094731614455,1349.5,0.15182505014798917,10805.351755642267,4789.5635753638135,42,444,8049.037109375,5469.693999999984,58919.700000000004
https://www.telegraph.co.uk/,https://telegraph.co.uk,2026-01-26 10:52:31,1091.7039798757557,769.2014528042689,1019.999999999997,0.07265248226950355,10653.346354813884,4218.018322541355,17,552,6708.119140625,5166.623,60530.100000000006
https://www.sky.com/,https://sky.com,2026-01-26 10:56:12,5029.994955909768,807.5080517038356,926.4999999999995,0.03351784849487791,5309.732291033211,4930.114223438674,239,121,3261.8330078125,2348.0419999999967,32416.2
https://www.aljazeera.com/,https://aljazeera.com,2026-01-26 10:56:44,2891.0270048113075,992.0056214631626,320.4999999999991,7.897133125787364e-07,10002.377011003606,4408.872116780055,13,944,5848.7080078125,1680.2419999999886,28943.8
https://www.rt.com/,https://rt.com,2026-01-26 10:57:38,7602.617235599251,1675.030438800356,1645.999999999999,1.3761513667919881e-05,7613.207548627823,5722.811841923996,581,114,5494.8056640625,2746.7969999999827,49046.4
https://www.npr.org/,https://npr.org,2026-01-26 10:59:20,4303.719227830893,987.6518385868305,4257.500000000003,0.013087109429911151,18622.399287231932,11475.036450586114,12,1273,10180.9208984375,11737.972999999978,96831.5
https://www.thetimes.com/,https://thetimes.co.uk,2026-01-26 11:00:51,1031.0064977455868,824.7541974388731,3031.000000000011,0.06660826664331786,13730.200476120619,7712.933140678906,31,855,7375.12109375,9295.019999999964,85249.70000000001
https://www.independent.co.uk/us,https://independent.co.uk,2026-01-26 11:02:00,1559.012827321833,867.7396168421342,918.4999999999995,0.06405831582145555,15369.544384220062,4081.296989151717,62,1265,5654.146484375,4623.294999999978,63809.9
https://techcrunch.com/,https://techcrunch.com,2026-01-26 11:03:17,1061.020811879956,506.00849464488,1441.3491229241758,0.07002665718679164,11588.22140176006,3769.417160437877,27,1046,6010.6943359375,5597.340999999985,71513
https://www.theverge.com/,https://theverge.com,2026-01-26 11:04:57,2394.572618562109,1156.53084627183,3366.000000000007,0.0011982889378324467,19072.45686078396,5033.924001469753,73,1426,7223.7412109375,15635.078999999967,94720.7
https://www.wired.com/,https://wired.com,2026-01-26 11:06:29,4096.856185748,894.5039170278772,4449.000254161395,0.036150119900775476,17339.71363895568,6963.7928839376855,54,652,30093.984375,12515.203999999938,86418.5
https://www.engadget.com/,https://engadget.com,2026-01-26 11:07:04,1318.0043226462064,540.0037592075112,909.5000000000009,0.0016655961067073997,5145.114730203551,3266.020032159119,265,136,3953.6240234375,2488.6249999999854,30971.7
https://arstechnica.com/,https://arstechnica.com,2026-01-26 11:08:10,1002.5261379507417,731.2662247348238,2892.4999999999945,0.0031933015836348483,11112.28242647689,4165.0959463204435,171,492,5942.8515625,7594.159999999973,60070.200000000004
https://www.cnet.com/,https://cnet.com,2026-01-26 11:08:55,8364.35574473235,1067,1182.5000000000002,0.03215154354294462,8637.18898225026,4829.311733124301,442,272,5974.716796875,4191.523999999979,40438.9
https://www.zdnet.com/,https://zdnet.com,2026-01-26 11:09:26,2457.3658556044625,1379.708924586629,973.9999999999986,0.02356537817448486,8191.979243056023,4500.944118140075,331,214,5877.3125,2685.9839999999863,27367.8
https://gizmodo.com/,https://gizmodo.com,2026-01-26 11:10:04,1661,887.7475811512953,487.50000000000045,0,4313.780766454822,2556.8440885502714,602,130,2817.298828125,2562.757999999997,33208
https://mashable.com/,https://mashable.com,2026-01-26 11:10:37,1064.377306989827,670.9212736277796,364.0000000000007,0.020983104134414815,5988.4967521350345,2292.011075395911,21,373,4952.3828125,2215.3559999999998,28304.6
https://thenextweb.com/,https://thenextweb.com,2026-01-26 11:11:03,1922.313278187678,870.0106858974791,71.5,0.016879315880103905,1952.4194910396022,2757.1944234172843,258,51,1168.3798828125,773.3630000000021,22953.2
https://hackernoon.com/,https://hackernoon.com,2026-01-26 11:11:30,2007.196482784755,845.0095530889934,146,0.01948709060482907,2175.6821254478764,1859.8048368541931,16,109,2015.8837890625,836.7549999999987,22836
https://venturebeat.com/,https://venturebeat.com,2026-01-26 11:12:12,671.012396452086,297.0034197109203,1088.9999999999973,0.0007901081692350257,6470.506270836638,5351.18495350416,12,267,3847.138671875,4078.6379999999913,34595.8
https://stackexchange.com/,https://stackexchange.com,2026-01-26 11:12:45,953.0303121236221,613.030312123622,0,0,983.0303121236223,766.9075028314194,16,73,346.4501953125,8.259999999999998,16623.8
https://stackoverflow.blog/,https://stackoverflow.blog,2026-01-26 11:13:00,1193.7272625803967,521.0166541622083,20.499999999999886,0.003887454325112973,1314.442165310682,780.5292636987485,40,82,1408.7802734375,300.08000000000067,12226.3
https://www.mozilla.org/,https://mozilla.org,2026-01-26 11:13:15,856.4545472448016,825.0399574445833,264.7927050998909,0.11409731367085968,1675.3715751058462,1158.7745572774195,3,36,614.0029296875,570.2839999999998,10549.7
https://www.firefox.com/,https://mozilla.org/firefox,2026-01-26 11:13:29,1084.2489283891193,1031.6633940914683,138.3068668914034,0.004030391875085619,1589.1937775054193,1162.6468891647662,3,33,643.5537109375,424.4649999999998,10170.800000000001
https://www.opera.com/,https://opera.com,2026-01-26 11:13:52,1218.2683124369255,758.0131407851626,365.9999999999999,0.9966693541840331,2828.076060678659,2704.6977777891875,7,71,1192.3544921875,709.4959999999993,18317.3
https://www.google.com/chrome/,https://chrome.google.com,2026-01-26 11:14:14,2494.019776421856,996.8848557909923,237.5,0.6078102387797141,3100.672471839027,1839.2147457127564,17,120,3791.716796875,1016.0189999999998,18631.800000000003
https://workspace.google.com/intl/en-US/products/drive/,https://drive.google.com,2026-01-26 11:14:39,2576.4002959120758,1456.7049088594272,196.00000000000023,0.021168881234623946,2706.9954932258415,1456.7049088594272,17,108,3023.19921875,565.2739999999995,20298.2
https://accounts.google.com/v3/signin/identifier?continue=https%3A%2F%2Fdocs.google.com%2F&dsh=S756334534%3A1769405380933504&emr=1&followup=https%3A%2F%2Fdocs.google.com%2F&ifkv=AXbMIuDidPw38YqB2KqdHAxGdJ6VuPpieAwTr2TxXbfDlH-pzHtikeH_ZNfDKitBp2TNqRqS9RKLTw&osid=1&passive=1209600&flowName=GlifWebSignIn&flowEntry=ServiceLogin,https://docs.google.com,2026-01-26 11:14:57,1310.0931687142477,1310.0931687142477,378.0000785232512,0.0078041304030586935,2164.094024617684,1310.0931687142477,192,23,797.888671875,1065.8469999999973,13472.5
https://accounts.google.com/v3/signin/identifier?continue=https%3A%2F%2Fdocs.google.com%2Fpresentation%2F%3Fusp%3Ddirect_url&dsh=S588530859%3A1769405398550590&followup=https%3A%2F%2Fdocs.google.com%2Fpresentation%2F%3Fusp%3Ddirect_url&ifkv=AXbMIuC76sp7rZ7rqQ-_UgzTZTCR7UNq6Tnpsux1nggOdKI7CvRkWRu6vwRJyKEZ6K2zsIJZZ56LGw&ltmpl=slides&osid=1&passive=1209600&service=wise&flowName=GlifWebSignIn&flowEntry=ServiceLogin,https://slides.google.com,2026-01-26 11:15:12,1965.0942051425363,1619.0942051425363,257.5,0.00818270437498176,2308.8442051425363,1619.0942051425363,182,24,800.302734375,774.3369999999953,11206.6
https://accounts.google.com/v3/signin/identifier?continue=https%3A%2F%2Fdocs.google.com%2Fspreadsheets%2F%3Fusp%3Ddirect_url&dsh=S-399054888%3A1769405413159792&followup=https%3A%2F%2Fdocs.google.com%2Fspreadsheets%2F%3Fusp%3Ddirect_url&ifkv=AXbMIuAKrxOTNOlmJ5Q1g3PtTd2wU7TqFk5pEhfNr8hfvSSqsXUNiY0ttPEQTXuGaVYjiDP9lrI_&ltmpl=sheets&osid=1&passive=1209600&service=wise&flowName=GlifWebSignIn&flowEntry=ServiceLogin,https://sheets.google.com,2026-01-26 11:15:25,1865.5954929006136,1561.5954929006136,162.00000000000023,0.00818270437498176,2112.4454929006138,1561.5954929006136,190,24,799.978515625,604.5209999999933,9646
https://www.dropbox.com/,https://dropbox.com,2026-01-26 11:15:57,1367.5054979122187,931.002897400414,341.00000000000045,0.0021578573042363076,2878.2098797746107,2668.455807114192,697,214,2347.90234375,1346.8899999999956,27689.4
https://www.box.com/,https://box.com,2026-01-26 11:17:01,3588.764092592297,1473.7013158344018,189.5,0,3812.3165247922316,2233.5303100823876,21,264,2277.244140625,1140.941999999999,60196.6
https://www.scribd.com/,https://scribd.com,2026-01-26 11:17:37,2020.128830951392,2020.1288309513918,1231.9999999999982,0.000810958943562956,5533.295988311691,2020.1288309513918,67,171,3264.310546875,3292.0319999999815,30830.8
https://www.academia.edu/,https://academia.edu,2026-01-26 11:18:06,2848.027584500491,1557.0110338001966,308.9122991207562,0,3477.3972744841467,2201.925407237973,7,204,4539.328125,991.7039999999992,24129.5
https://www.slideshare.net/,https://slideshare.net,2026-01-26 11:18:29,2670.4991132689665,958.005593808022,251.99999999999955,0.006680437404475581,2704.978816571555,1796.9005082744206,23,88,2219.44921875,1238.4169999999992,19065.4
https://www.coursera.org/,https://coursera.org,2026-01-26 11:19:15,932.013130599554,627.0013839165764,4858.4890606016925,1.6044968890488612e-06,8280.989224846047,3073.049603938416,23,202,3726.970703125,7250.01499999996,40705.3
https://www.edx.org/,https://edx.org,2026-01-26 11:20:19,9076.251537700757,1240.2814817581452,6669.759932647359,0.03963269405279619,11955.045602304413,5860.994856277039,96,161,4855.5546875,14103.639000000036,58995.5
https://www.udemy.com/,https://udemy.com,2026-01-26 11:21:01,8103.27548626549,793.0025278457863,2070.1686481712095,0.04828571149106436,9356.866671423522,5571.577095177274,13,223,10454.5439453125,6586.447,37240.2
https://www.khanacademy.org/,https://khanacademy.org,2026-01-26 11:21:26,2516.6475014821963,1628.091425358964,131.69835182671022,0.6873111082366113,2516.6475014821963,2607.525498858472,21,154,4598.13671875,1198.227999999983,21081.899999999998
https://www.futurelearn.com/,https://futurelearn.com,2026-01-26 11:22:00,992.0003869266811,832.5926279856044,338,0.002980505276992094,3620.0023123502115,3572.194889094464,559,125,2002.994140625,968.2690000000008,30088.5
https://www.udacity.com/,https://udacity.com,2026-01-26 11:22:48,2755.0429902497885,619.0039802181757,1884.9859658513824,0.03433437106318512,7864.924742222209,2409.028605387938,24,367,7042.18359375,3875.098999999955,43691.4
https://web.mit.edu/,https://mit.edu,2026-01-26 11:23:06,1533.2978667428206,1095.3848333795697,17.500000000000227,0.003620216616033687,1601.9684400811857,1432.4692492563258,1,28,1215.1953125,228.6680000000001,12882.5
https://www.stanford.edu/,https://stanford.edu,2026-01-26 11:23:29,1544.51840998124,1106.4272796703697,71.49999999999977,0.001584082251506678,2708.5092049906193,1891.018833596314,48,88,4372.5400390625,632.556,19737
https://www.harvard.edu/,https://harvard.edu,2026-01-26 11:23:51,3134.7080241445037,711.5330197054768,262,0.0034729599296600025,3192.415288479709,1459.7785455944038,18,74,3202.7958984375,926.5679999999999,16886.5
https://www.ox.ac.uk/,https://ox.ac.uk,2026-01-26 11:24:11,1411.1948488379676,919.323070182517,57,0.0009141906423449291,2321.532862846621,2034.9276824824537,7,61,1318.2939453125,388.0300000000002,15560
https://www.cam.ac.uk/,https://cam.ac.uk,2026-01-26 11:24:31,1047.0461252321952,956.3402241000089,174.49344054967946,0.13050368320229644,2437.1409109832275,1487.1337842120274,7,70,1782.0439453125,648.2909999999996,14707.599999999999
https://www.w3schools.com/,https://w3schools.com,2026-01-26 11:24:53,1310.003096897625,682.0011099769423,232,0,2253.503267494624,2104.865323275263,61,43,1302.40625,539.138,17861.899999999998
https://www.tutorialspoint.com/,https://tutorialspoint.com,2026-01-26 11:25:59,2012.449059914059,956.3122840427134,1811.0000000000014,0.0021689562215739767,8162.478341828792,3034.842246230922,4,403,4732.880859375,4134.685999999969,61567.6
https://www.geeksforgeeks.org/,https://geeksforgeeks.org,2026-01-26 11:26:19,8436.05014074066,825.0090477962833,477,0.0035085648141063414,8448.050209860947,2065.8382098641073,5,66,9354.1669921875,963.2339999999999,15022.300000000001
https://medium.com/tag/technology,https://medium.com/topic/technology,2026-01-26 11:26:54,2236.8070989422254,501.3980742569705,5493.161793507474,0.21618655156430983,8001.603205985702,6287.606574383907,9,111,3096.4189453125,10565.514000000147,29077.2
https://www.nytimes.com/section/technology,https://nytimes.com/section/technology,2026-01-26 11:27:44,1045.4720550475886,909.3150307035089,2645.9923711271113,0.00922782691847956,12989.034324020557,6534.934751175379,31,449,7782.3251953125,6254.274999999987,46113.200000000004
https://www.techradar.com/,https://techradar.com,2026-01-26 11:29:26,1435.5284332823371,1025.51388938075,2201.9999999999854,0.00011824728411386077,15565.428620231889,4518.135781949141,54,1432,6199.9208984375,7022.774999999951,95776.70000000001
http://www.xtremesystems.org/forums/forum.php,https://xtremesystems.org,2026-01-26 11:29:46,942,805,0,5.054165200503913e-05,946,1848.705047317505,448,36,509.7470703125,11.545,15246.6
https://forums.anandtech.com/,https://anandtech.com,2026-01-26 11:31:22,2071.035194576164,955.206438154316,2212.302360489729,0.0007277719280495364,11916.042545382857,4182.033686734994,189,953,5929.3076171875,7880.34399999997,91658.1
https://www.tomshardware.com/,https://tomshardware.com,2026-01-26 11:32:52,1337.0059325137918,952.0140620754663,1817.000000000011,0,16875.814219760032,3611.3450550264447,318,1265,7952.9443359375,6876.3429999999635,84261.4
https://www.pcmag.com/,https://pcmag.com,2026-01-26 11:33:23,1583.008785533633,1314.0042574876236,370.9999999999991,0.017561854544861737,5545.4327745730625,3242.8630198268647,348,192,3175.4697265625,2133.961999999997,26567.600000000002
https://www.pcgamer.com/,https://pcgamer.com,2026-01-26 11:35:09,1417.5312556652912,984.5106882699491,2480.9999999999995,0.00011107506257143984,13749.77475630316,4215.475120460068,67,1182,7614.14453125,9453.922999999935,99540.8
https://www.ign.com/,https://ign.com,2026-01-26 11:35:46,1454.9877600880147,913.1752069802208,2048.5000000000005,6.0437243309597165e-06,7356.705676434223,3964.9327922463126,27,333,5053.5703125,4326.837999999923,32770.6
https://www.gamespot.com/,https://gamespot.com,2026-01-26 11:36:45,3339.6794158648645,575.0052401122496,1398.5000000000007,0.5542433660052594,7952.132103923591,2516.680085725285,12,628,4732.7900390625,4237.046999999956,54213.3
https://www.metacritic.com/,https://metacritic.com,2026-01-26 11:37:35,3015.698635348712,1351,915.9999999999995,9.726165565813472e-05,9890.237141927832,2852.8764543330453,37,745,11043.3046875,3132.530999999996,46167.1
https://kotaku.com/,https://kotaku.com,2026-01-26 11:38:08,1224.0644815581556,1224.0644815581556,319.00000000000045,0,3645.347226699377,2442.5553722858867,385,128,3502.275390625,1793.7439999999933,28913
https://www.polygon.com/,https://polygon.com,2026-01-26 11:39:26,1595.511475249402,1000.8376771675569,3861.6702236906513,0.012398872860335051,11806.67764952722,5162.915446165773,307,933,4923.2001953125,7710.830999999995,73234.09999999999
https://www.espn.com/,https://espn.com,2026-01-26 11:40:47,2388.0426824927017,1255.0134178644785,2848.9921335813724,0.24399894066010303,8770.920889288871,3523.9728178691284,130,235,7587.5380859375,6602.936999999985,75278.6
https://www.foxsports.com/,https://foxsports.com,2026-01-26 11:41:56,9847.758445504962,1629.0055698556034,1662.6855427644223,0.00827011179845418,12350.366272703362,6210.701139639981,103,746,9958.259765625,6742.38799999998,64379.6
https://www.skysports.com/,https://skysports.com,2026-01-26 11:42:20,1152.0132573568385,632.0050504216526,8,0.005649292833432189,1462.5148645609827,2793.190400628517,209,48,756.9208984375,503.52600000000035,19956.9
https://www.nba.com/,https://nba.com,2026-01-26 11:43:41,3181.246976552385,1115.6111920601543,1314.499999999997,0.13641967144225348,6525.497479243586,3713.4511155430177,9,379,7938.7685546875,5256.138999999998,76311.6
https://www.nfl.com/,https://nfl.com,2026-01-26 11:45:23,4081.057842449889,888.334058059209,6273.000000000002,0.10414519980552638,17530.4655022223,8309.293506259537,52,560,25730.8369140625,9804.745999999961,96332.90000000001
https://www.mlb.com/,https://mlb.com,2026-01-26 11:46:41,7815.78676766894,3039.5118860704756,2735.8630692594916,0.020210258483374384,13644.841417407679,8670.909701633687,291,369,11692.4951171875,8396.309999999949,73935.90000000001
https://www.nhl.com/,https://nhl.com,2026-01-26 11:47:58,4565.668680716671,987.7024752212599,1155.000000000001,0.15641794636933337,5257.364734407003,3153.042537857964,12,209,5564.6201171875,4613.349999999976,71929.7
https://www.fifa.com/en,https://fifa.com,2026-01-26 11:55:19,9310.38970181235,2583.9282902043497,2078.8996561494314,0.3838986003069614,9409.671923245613,4914.045413391871,1,130,8618.95703125,5296.6499999999705,43996.6
https://www.espncricinfo.com/,https://espncricinfo.com,2026-01-26 11:56:19,1493.005296192719,1143.007779575049,2395.1875741057247,0.02545858187216971,8941.687942142324,6236.337759655846,352,368,3970.0712890625,5927.550999999976,54457.6
https://www.cricbuzz.com/,https://cricbuzz.com,2026-01-26 11:56:59,793.0088089463998,653.0061279627129,501.99999999999864,0.19272205225180217,5276.253488117727,2141.30811019621,68,462,2328.3916015625,1707.6589999999987,36232.200000000004
https://www.cbssports.com/,https://cbssports.com,2026-01-26 11:57:43,1507.5131994534768,1073.012584898591,726.9900781856252,0.001161168252053309,4418.74459308723,1271.694659420255,19,239,4363.7314453125,2245.75999999998,38783.6
https://bleacherreport.com/,https://bleacherreport.com,2026-01-26 11:59:33,2667.8776935085393,896.4381451343224,4076.564288913748,0.012250942343052273,9043.951135328754,4690.172576612778,76,176,5756.89453125,7567.740000000091,44122.4
https://www.sportingnews.com/us,https://sportingnews.com,2026-01-26 12:00:08,1525.7967894282829,1155.7691479062196,206,0.0028282135997736127,3318.944768101011,1967.773660086195,169,258,2676.5986328125,1249.616,30170.3
https://www.goal.com/en-in,https://goal.com,2026-01-26 12:01:08,1406.9449389338715,895.8898778677437,425.1585888760362,0.0034727043771188475,2295.508835781756,2602.026260664612,38,80,1564.591796875,910.9649999999958,55623.5
https://www.rottentomatoes.com/,https://rottentomatoes.com,2026-01-26 12:02:00,3947.625188791335,1306.0108099618903,2158.5000000000036,0.010693282333253645,8972.570863713227,5197.931318678575,279,434,6630.349609375,6003.016999999967,46888.100000000006
https://www.imdb.com/,https://imdb.com,2026-01-26 12:02:12,462,462,0,0,462,1031.856058438619,1,2,1.3154296875,0,7378.2
https://www.boxofficemojo.com/,https://boxofficemojo.com,2026-01-26 12:02:31,1058.9954056413915,1058.9954056413915,0,0.04347316183482098,1058.9954056413915,2726.628322911093,526,58,1007.7451171875,186.4310000000001,15465.4
https://variety.com/,https://variety.com,2026-01-26 12:03:21,856.0033370288354,607.6701330382701,1096.0000000000023,0.22510262840825013,8409.411601998914,4458.8330259103295,131,428,5772.501953125,4414.808999999986,45395.5
https://www.hollywoodreporter.com/,https://hollywoodreporter.com,2026-01-26 12:03:58,1338.0058005793164,1158.0047557692526,790.4383668713722,0.5186516853932585,5032.050995753772,2842.261186759779,457,150,3043.318359375,2086.5619999999994,31915.7
https://www.billboard.com/,https://billboard.com,2026-01-26 12:04:55,2486.974565275013,941.1058883615962,2329.999999999995,0.002139668352119616,12143.796963191213,5195.144806836325,342,474,8917.21875,7815.358999999975,52664.5
https://pitchfork.com/,https://pitchfork.com,2026-01-26 12:06:12,3641.2702475983056,601.0046994339988,3496.988701274302,0.08041659615654947,14409.181240328768,4587.3475537649865,51,559,14733.55859375,10199.267999999953,71736.9
https://www.rollingstone.com/,https://rollingstone.com,2026-01-26 12:06:56,1827.1892315549703,832.4377985784711,927.4999999999995,0.26437485058570404,8793.353231717598,4551.744674413226,111,367,5898.341796875,3844.114999999994,39955.4
https://www.nytimes.com/section/arts,https://nytimes.com/section/arts,2026-01-26 12:07:44,1346.8703036123638,970.2493227347505,2031.489626795017,0.00922782691847956,12259.836701387161,5964.993369116224,29,421,7072.484375,5342.122999999957,42734.799999999996
https://www.theguardian.com/us/culture,https://guardian.co.uk/culture,2026-01-26 12:08:54,1304.9430245825033,885.7953669351226,431.50000000000455,0.06253802487507397,11109.383831673396,5018.820728977347,28,1319,4216.2109375,2603.9789999999994,65189.3
https://deviantart.com/,https://deviantart.com,2026-01-26 13:07:18,238,238,0,0,238,238,1,1,1.205078125,0,6167.6
https://www.behance.net/,https://behance.net,2026-01-26 13:07:58,5842.746257697825,1415.5534867604,822,0,6140.563484886921,3072.5479145167483,30,223,6846.81640625,2830.190999999988,36035.5
https://dribbble.com/,https://dribbble.com,2026-01-26 13:08:32,1482.0024101963993,882.0024101963993,134,0.002446177277208175,2837.705907263084,1743.823270008717,154,164,3474.001953125,835.5840000000002,29057.6
https://www.adobe.com/,https://adobe.com,2026-01-26 13:09:33,1391.8518025917404,578.946930647935,437.9663431705517,0.006619376986034968,6150.799297355285,2269.409780598524,2,364,5695.6953125,1648.1720000000007,56657.9
https://www.canva.com/,https://canva.com,2026-01-26 13:09:54,1637.0065687014885,833.0042962514669,323.50000000000045,0.0036889890505622455,3462.0416883272615,1293.808269075515,25,137,2880.6396484375,1275.241999999991,17391.3
https://flickr.com/,https://flickr.com,2026-01-26 13:11:07,2366.933094287533,1422.5834618258914,63,0.11057564189202296,3694.7842202642228,1855.177569867631,3,196,3163.96484375,883.3499999999973,67814
https://www.pexels.com/,https://pexels.com,2026-01-26 13:11:44,2306.747740903958,861.0150879091822,503.5,0.009417104053234916,3596.106219497462,1497.5462285158872,10,86,2110.7685546875,1420.2039999999927,20173
https://www.istockphoto.com/,https://istockphoto.com,2026-01-26 13:12:50,5590.3756032991905,671.0071460483365,411.50000000000045,0.02531342814071462,6741.000826455742,1882.12538734272,61,142,6921.2216796875,1493.8909999999944,18843
https://stock.adobe.com/,https://stock.adobe.com,2026-01-26 13:13:30,2224.1442729177747,760.04314704083,1534.0000000000018,0.008571665494482602,7984.825840511438,2085.244371378209,63,278,12061.5087890625,3683.461999999983,34446.4
https://www.indeed.com/,https://indeed.com,2026-01-26 13:13:50,963.3992495032858,892.4997589902805,86.5,0.0063815882688674375,2868.022014787961,892.4997589902805,193,122,1627.142578125,1050.3739999999912,15550.8
https://www.linkedin.com/jobs,https://linkedin.com/jobs,2026-01-26 13:14:15,912.0235108067875,712.0187885991274,682.9962222338718,0.013961462826021622,2666.2826442292853,1079.724762653822,6,83,981.8505859375,1836.717999999999,20348.3
https://www.glassdoor.com/index.htm,https://glassdoor.com,2026-01-26 13:14:50,2796.1781884403554,1092.0913662576409,3532.2586921194293,0.02364706977860271,7644.166009830261,2454.724348288918,193,108,3361.5078125,5004.971999999975,30051.600000000002
https://www.monster.com/,https://monster.com,2026-01-26 13:15:20,572.5,572.5,730,0.01009975651998473,7117.615607217287,3658.48696278598,317,98,5662.5966796875,1818.2199999999975,25941.100000000002
https://www.ziprecruiter.com/,https://ziprecruiter.com,2026-01-26 13:15:40,2531.021730062597,631.0040770413322,93,0.17351049853674722,2553.0220103591887,2172.827369418207,43,46,2322.5703125,667.092999999999,15187
https://www.chegg.com/,https://chegg.com,2026-01-26 13:16:22,1226.139470070682,704.6992043483328,764.9363511449153,4.0682368735954234e-05,2345.9513219017645,3214.3704428119154,1,37,446.896484375,1552.4619999999968,15051.8
https://www.coursehero.com/,https://coursehero.com,2026-01-26 13:17:40,1345.2170640714487,921.1147162903183,3614.03071044357,0.048690084867320106,14667.861905804992,4740.519595752756,46,130,14944.869140625,5672.063999999998,72430
https://www.kaggle.com/,https://kaggle.com,2026-01-26 13:18:08,5334.183076532496,3230.9208849603388,1117.0000000000032,0.26191997837499637,5630.840758295645,3864.813758218554,1,118,7053.93359375,2078.0309999999827,23385
https://data.gov/,https://data.gov,2026-01-26 13:18:28,2169.051506180771,1228.0291348093251,47.5,0.09549067654793211,2184.7022345510045,2154.6275142212758,28,27,1846.130859375,439.67100000000073,16077.6
https://www.npmjs.com/,https://npmjs.com,2026-01-26 13:19:02,875.4736899640575,444.6842139784345,91.5,0.005298106995884773,1231.0736899640576,712.1819179673184,7,18,348.37890625,787.9469999999999,15295.3
https://pypi.org/,https://pypi.org,2026-01-26 13:19:14,856,522,2,0.029954879494105947,878,522,2,27,572.5732421875,64.04299999999998,7937.5
https://www.docker.com/,https://docker.com,2026-01-26 13:19:51,4578.378304099537,3072.025967407913,1246.2568950228747,0.004658538528966452,8187.994012349268,3072.025967407913,25,194,24350.177734375,4058.8729999999873,31247.4
https://kubernetes.io/,https://kubernetes.io,2026-01-26 13:20:06,1082.8085392012738,811.9010172004776,64.82145681726979,0.010494709390873169,1375.8703745542457,811.9010172004776,34,37,2285.85546875,374.48800000000045,10835.300000000001
https://aws.amazon.com/,https://aws.amazon.com,2026-01-26 13:20:57,8012.032029563805,1186.225962374188,1771.9999999999995,0.36797246684887136,8516.637899508478,4266.30637246936,12,169,27912.4814453125,3434.3709999999905,46094.799999999996
https://cloud.google.com/,https://cloud.google.com,2026-01-26 13:21:35,2102.048106496325,1362.0255756056408,794.9999999999991,0.03346880229500359,10506.038721156514,3933.4529113794447,114,161,14538.345703125,2857.8349999999905,31765.2
https://azure.microsoft.com/en-us,https://azure.microsoft.com,2026-01-26 13:22:33,3352.908447467067,2772.8482047490943,1514.938393145705,0.20828268188700297,9348.988624171183,5885.066000933277,243,258,11846.736328125,3360.8499999999854,53276.600000000006
https://www.digitalocean.com/,https://digitalocean.com,2026-01-26 13:23:34,791.0100657180618,787.0060391780153,1556.0000000000002,0,4078.1180871955135,1862.280135542896,12,147,9446.7890625,2715.539999999998,56421.5
https://www.heroku.com/,https://heroku.com,2026-01-26 13:24:06,1371.0228989894738,902.0228989894738,627,0.0008476306586047862,5170.492848726499,2848.384073741089,22,131,3404.607421875,2108.0379999999927,27122
https://www.netlify.com/,https://netlify.com,2026-01-26 13:24:37,1555.016888888369,631.0101971319086,964.5000000000014,0.008456583572545435,4508.399036535927,1757.751557645371,80,106,4623.4541015625,3647.9519999999966,26341.9
https://vercel.com/,https://vercel.com,2026-01-26 13:25:11,1081,401,1082,0.003505494416941768,2690.2,1202.9679818403686,19,268,3192.435546875,1824.7749999999905,29270.4
https://docs.stripe.com/,https://stripe.com/docs,2026-01-26 13:26:00,1385,1050.0331535717405,109,0,2292.2610843774564,1400.9253972020058,255,45,1249.6240234375,303.371,45123
https://developer.mozilla.org/en-US/,https://developer.mozilla.org,2026-01-26 13:26:15,1768.903082292893,667.9599653039227,7,0.04927805101380865,1775.4779154816597,1378.189449973412,10,77,816.6318359375,169.99600000000004,11924
https://security.googleblog.com/,https://security.googleblog.com,2026-01-26 13:26:35,1345.2035693148991,905.2021566948011,5.5,0.03478444328755623,1349.2035821569002,1432.6953313671788,60,68,3525.798828125,159.92300000000014,14825.4
https://snyk.io/,https://snyk.io,2026-01-26 13:27:08,1857.5728090981215,603.0073417113333,535.5,0.00027496226029917773,5600.80585625677,2301.393844800391,20,255,6723.9384765625,1755.341999999995,29039.6
https://owasp.org/,https://owasp.org,2026-01-26 13:27:22,3581.413406653549,452.04252182722195,469.0000000000002,0.02021273909644978,3583.4136428859224,619.9791215773271,10,56,8854.1708984375,879.2619999999993,10337.4
https://www.shodan.io/,https://shodan.io,2026-01-26 13:27:32,1046.6834364044414,648.3966735617767,0,0.00023898766274406573,1046.6834364044414,648.3966735617767,2,33,466.3408203125,0,6658.4
https://haveibeenpwned.com/,https://haveibeenpwned.com,2026-01-26 13:27:49,1125.6950593722681,1005.6950593722681,0,0.0024416302327087552,1125.6950593722681,1251.1525342071855,4,87,957.2021484375,64.77400000000002,12925.900000000001
https://letsencrypt.org/,https://letsencrypt.org,2026-01-26 13:28:13,878.2668966567348,461.21302205531816,17.5,0.0031453350058780814,1082.034783086238,1056.8872214144578,77,25,953.0986328125,195.88700000000023,19661.7
https://certbot.eff.org/,https://certbot.eff.org,2026-01-26 13:28:32,1161.0144159097622,1081.0133480645945,0,0.003512438320435578,1161.0144159097622,1081.0133480645945,14,56,1251.0869140625,59.40899999999999,14719.599999999999
https://www.reddit.com/r/webdev/,https://reddit.com/r/webdev,2026-01-26 13:29:01,1773.4590812215529,1129.6401566218817,325.5,0.06521932384602919,4387.520700302374,2505.3611539891367,337,84,2707.8076171875,1714.8649999999666,25122.4
https://www.reddit.com/r/programming/,https://reddit.com/r/programming,2026-01-26 13:30:16,1627.8209015394661,1313.1285092684661,5177.371490731533,0.05692067917732527,10230.75,4387.397065857163,335,88,2212.6630859375,7863.277999999863,67315.5
https://dev.to/,https://dev.to,2026-01-26 13:30:46,763.9622037467502,573.008794857284,101.49424370332986,1.6295671529402498e-05,1971.7733500645788,1541.8000299724285,53,95,1725.4150390625,440.29600000000016,24992
https://hashnode.com/,https://hashnode.com,2026-01-26 13:31:46,8430.194039363038,923.0065887813669,2332.500000000002,0.006222038373620353,12302.308446121227,2407.344592196549,10,143,12561.46875,2921.8119999999967,55668.100000000006
https://medium.com/tag/programming,https://medium.com/tag/programming,2026-01-26 13:32:23,1274.732172176354,571.3885734731696,3545.5198614337564,0.20998612614580806,6606.240509512598,5238.62353513534,11,120,3053.8408203125,8208.342000000037,31542.7
https://stackoverflow.com/tags/python,https://stackoverflow.com/tags/python,2026-01-26 13:32:46,2638.721163898439,645.0088314754635,587.9999999999997,0.08802990554181167,2638.721163898439,1585.547548050246,30,66,1459.4873046875,1106.903,19795.3
https://www.python.org/,https://python.org,2026-01-26 13:33:01,1395,831,0,0.11281760552939595,1395,972.2433769416875,4,35,584.23046875,88.30000000000011,10296
https://pandas.pydata.org/,https://pandas.pydata.org,2026-01-26 13:33:15,584.628008347541,572.628008347541,0,0.3299453045093197,584.628008347541,629.5325180851685,1,17,236.0087890625,2.508,8941.6
http://scikit-learn.org/stable/,https://scikit-learn.org,2026-01-26 13:33:32,1744.8750200000004,1465.8848600000003,20.5,0.005836104940543183,2128.4864900000007,2121.826289302354,3,71,1694.9951171875,110.40700000000004,13931
https://www.tensorflow.org/,https://tensorflow.org,2026-01-26 13:34:05,3142.1491063363037,1631.8506234288236,1007.9999999999991,0.1124254477634845,8085.199374667998,3449.3091211297215,18,159,11332.0146484375,2986.5949999999966,28326.6
https://pytorch.org/,https://pytorch.org,2026-01-26 13:34:27,1761.0157903306435,1041.009023046082,336.99999999999886,0.00587495678923638,3533.4782455299132,2230.5807273894816,17,141,2241.224609375,1519.5699999999995,18568.7
https://keras.io/,https://keras.io,2026-01-26 13:34:44,1903.046981092653,725.2033927135694,77.5,0.004631500547815112,1953.0482717820119,768.9467041316034,1,38,6118.4189453125,420.31900000000036,11628.5
https://opencv.org/,https://opencv.org,2026-01-26 13:35:10,1242.0242420143682,721.0131960083316,472.9909277442715,0.2805155789305921,1852.1315734814034,1344.255272788579,18,116,1406.1943359375,562.6409999999994,21776.100000000002
https://huggingface.co/,https://huggingface.co,2026-01-26 13:36:03,862.0598152112466,726.2843599414401,409.5,0.0011439179017502328,2929.7291875088017,782.9051503715291,6,59,3012.208984375,1187.2549999999985,48114.9
https://openai.com/,https://openai.com,2026-01-26 13:36:56,2321.037173876757,645.0057805156225,245.00000000000136,6.38240512919692e-05,4702.068539335274,2323.2047168897225,12,137,5487.8251953125,1363.7659999999928,49675.7
https://www.anthropic.com/,https://anthropic.com,2026-01-26 13:37:16,2292.0313666456486,1193.0219737878872,266.49999999999955,0.0033067260235009853,3085.9858746041855,2013.7656253355817,40,53,1728.2041015625,1083.5670000000007,15671.699999999999
https://stability.ai/,https://stability.ai,2026-01-26 13:37:58,3811.533320145679,1286.0827208716885,756.4999999999995,0,4567.579933616135,4637.438542984476,174,119,13079.880859375,2032.435999999999,37709.4
https://deepmind.google/,https://deepmind.com,2026-01-26 13:38:31,3896.7119081055416,3056.7092944034703,654.890968418461,0,11848.822190472283,5369.2372614026,62,154,27242.5400390625,3009.370999999976,28660.6
https://www.nvidia.com/zh-tw/,https://nvidia.com,2026-01-26 13:39:17,2731.64679337246,1798.6503266827774,3450.499999999997,0.023837401431332998,33539.93898767597,6887.968872424248,348,253,38660.201171875,4986.568999999994,42166.8
https://www.intel.com/content/www/us/en/homepage.html,https://intel.com,2026-01-26 13:39:45,1870.937823501371,784.3952865166598,923.9960720972167,0.0001627524597958027,3048.2780483313136,2035.9786348143407,27,139,1414.25,2367.88,23320.6
https://www.arm.com/,https://arm.com,2026-01-26 13:40:43,2137.528566051542,1040.5611901367895,253.00000000000045,0,3008.845008396167,3049.757612967435,15,134,7597.3876953125,1055.5489999999998,33542.6
https://www.qualcomm.com/,https://qualcomm.com,2026-01-26 13:41:30,5710.83199176425,2438.764985858822,2777.6166079993345,0,9779.289201862166,7530.449928737828,2,266,7379.1357421875,7184.212000000091,41958.399999999994
https://www.oracle.com/,https://oracle.com,2026-01-26 13:42:28,2222.2414550863077,728.0261426029609,30.000000000000227,1.000618847525938,2342.3032709735107,5701.044269428854,125,74,1904.41796875,851.4279999999972,54101.8
https://www.sap.com/index.html,https://sap.com,2026-01-26 13:43:24,3303.4733466044236,1469.5865328678644,286.49999999999955,6.112369101138518e-07,5228.544547390875,3449.2348687917115,7,340,2996.8876953125,1358.349000000001,52272.5
https://www.salesforce.com/?bc=SM,https://salesforce.com,2026-01-26 13:44:14,2568.457461010091,913.2421999149676,529.4999999999989,0.04424814458268017,3832.691883631143,3595.8418288809953,230,189,3058.732421875,2434.255999999958,45015.6
https://slack.com/,https://slack.com,2026-01-26 13:44:43,1487.2342114394964,728.2438892593264,495.5,0.027266402975616482,4442.935287490873,1316.5206157245248,9,217,65153.81640625,1194.6329999999975,24900
https://www.zoom.com/,https://zoom.us,2026-01-26 13:45:19,1680.101487241969,1360.101487241969,287.0000000000002,0.012513261460766678,3436.0898870087567,1570.1836888129505,17,105,9891.3271484375,1010.3469999999998,30306.5
https://teams.microsoft.com/v2/?clientexperience=t2,https://teams.microsoft.com,2026-01-26 13:45:53,1027.5605478026973,1027.5605478026973,4764.500000000001,0,10389.820753228709,3067.791055635047,143,92,11088.02734375,5703.5549999999885,28566.4
https://trello.com/,https://trello.com,2026-01-26 13:46:15,937.2719329076023,872.9201093520136,913.4999999999993,0.006380588094668897,3754.811494272465,1095.274268014235,9,98,4414.65234375,2120.5629999999906,17988.6
https://asana.com/,https://asana.com,2026-01-26 13:47:20,7216.493846172967,1514.7863574767057,834.4965450652182,0.13939238813993893,10226.080933060437,2604.0715102392737,98,564,7912.6708984375,4000.0289999999623,61402.9
https://www.notion.com/,https://notion.so,2026-01-26 13:47:53,2140.106133637346,892.0814885224145,1337.5001200130946,0.011893253446489761,6222.120178211878,2097.194233421905,300,174,11583.0986328125,3056.1359999999927,28355
https://evernote.com/,https://evernote.com,2026-01-26 13:48:31,3594.085854715865,361.0086472375692,1956.980234885551,0,6127.618096558798,4199.59742030659,156,188,5666.5146484375,3120.4419999999873,33219.8
https://www.todoist.com/,https://todoist.com,2026-01-26 13:49:08,1525.5,867.0027184001533,485.5,0.011603956684553107,3318.31965819387,2275.7830565243958,93,106,2616.1494140625,1756.9659999999935,31744
https://calendly.com/,https://calendly.com,2026-01-26 13:50:00,1209.323000141223,745.5022159115056,561.5671776691252,0,3536.7073102879044,1212.8699161737804,16,75,1342.0078125,10610.40899999917,46975.299999999996
https://www.zoominfo.com/,https://zoominfo.com,2026-01-26 13:50:29,1811.5159127391703,831.5055164162459,825.3755505196109,0.04632355743257461,7293.843369032376,3061.967369467559,267,226,9177.6669921875,2189.2169999999996,25912.2
https://www.crunchbase.com/,https://crunchbase.com,2026-01-26 13:50:56,1197.7942370025944,955.5043066509024,0,0.00414084349275932,1197.7942370025944,1694.267975966261,326,34,583.6025390625,93.427,21788.899999999998
https://wellfound.com/,https://angel.co,2026-01-26 13:52:57,3425.0276988043056,991.0746098535855,139,0,3426.077767313266,2537.08083003192,5,82,1804.359375,2966.035999999986,55851.6
https://www.producthunt.com/,https://producthunt.com,2026-01-26 13:53:20,1111.017862360617,518.0035724721234,559.5000000000011,0,2459.6274633794496,988.7799552124409,27,96,1056.9990234375,1366.349999999986,18271.2
https://techmeme.com/,https://techmeme.com,2026-01-26 13:53:45,446.5,431,0,0.06346163250731292,448.05000000000007,1494.417587317531,540,40,525.498046875,52.30400000000001,19449.2
https://slashdot.org/,https://slashdot.org,2026-01-26 13:54:17,1390.1003258124165,951.7518872353766,170.5,0.22087887764606945,5549.841673096847,2340.7531733906944,16,363,2139.7802734375,1317.6019999999953,28053.5
https://betanews.com/,https://betanews.com,2026-01-26 13:54:36,961.2844412143241,725.2547252442766,223.0000000000001,0.009596885336921317,2569.63388753073,966.7011994327922,6,80,1696.412109375,743.8670000000001,14421
https://www.slashgear.com/,https://slashgear.com,2026-01-26 13:55:33,1000.011263203837,619.5127839952017,957.0000000000018,0,8766.35726838391,3722.8838028461155,6,821,3118.4443359375,2464.4079999999944,51792.899999999994
https://arstechnica.com/civis/,https://arstechnica.com/civis,2026-01-26 13:56:55,1791.752836475068,898.2508981516942,1895.5000000000055,0.00022085917585088922,10485.541907585819,4856.792786967436,8,546,5145.8818359375,6467.382999999987,76231.90000000001
https://www.wired.com/,https://wired.co.uk,2026-01-26 13:58:33,3969.078427550896,1101.007841716214,5376.992158283789,0.036150119900775476,19765.575206790454,7146.374520130949,51,693,29708.6064453125,15437.32799999995,92385.9
https://www.ft.com/,https://ft.com,2026-01-26 13:59:00,1514.0093373229652,975.0066695164038,63,0.0017869949796796556,3021.0290568597984,3197.965791960254,15,188,2385.119140625,826.2770000000006,23405.4
https://www.investopedia.com/,https://investopedia.com,2026-01-26 14:25:07,1287.0131195808654,898.0044840925602,997.5000000000036,0.0003397605407452649,7767.9227428228005,2321.228440323508,49,540,3265.4365234375,3365.5369999999916,64721.6
https://finance.yahoo.com/,https://yahoo.com/finance,2026-01-26 14:26:12,1479.0079918183521,1447.00570844168,2630.237047913254,0.014046016664110268,8136.326404479257,3742.6470503795167,571,387,4301.673828125,4978.476999999982,58641.6
https://www.morningstar.com/,https://morningstar.com,2026-01-26 14:27:04,1751.0000000000002,954.0065632721593,1311.4999999999995,0.00040402520994107594,7161.700756302482,2924.2437420488814,34,199,4461.32421875,3214.20299999998,33938.8
https://www.cnn.com/business,https://money.cnn.com,2026-01-26 14:28:49,2077.498492014908,1742.2508807173353,3194.6360352966017,0.021634219477625234,20848.29973751578,8087.56654515999,258,1803,9784.8154296875,10418.596999999965,98499.4
https://www.sec.gov/,https://sec.gov,2026-01-26 14:29:17,1365.0033790698524,647.0041588552027,90.5,0.12329984375107257,2114.1533010913176,1377.5997147480216,30,49,1163.849609375,446.93800000000005,23833.3
https://www.irs.gov/,https://irs.gov,2026-01-26 14:30:03,1988.045139796197,628.045139796197,384.5,0.016529638955742925,2785.7900884424116,2587.0976988144357,134,52,1579.4501953125,1136.051999999999,39847.4
https://www.revolut.com/,https://revolut.com,2026-01-26 14:30:25,5039.006528606284,833.0019007683131,711.9999999999991,0.05393258426966292,5079.006572680931,2290.779963683225,392,109,32819.49609375,1460.603999999991,18316.4
https://wise.com/,https://wise.com,2026-01-26 14:31:39,3476.0137155939483,521.0025571446344,4537.498953895378,0,7074.910449422848,5205.47334764998,819,206,13503.0810546875,5713.890999999969,69232.6
https://wise.com/,https://transferwise.com,2026-01-26 14:32:57,1479.0201787739265,752.00822098197,6152.994394785019,0,10070.533818130376,5828.016499024234,176,206,13529.1494140625,6561.06199999997,72311.4
https://venmo.com/,https://venmo.com,2026-01-26 14:33:31,1143.5015278915148,605.505291413529,1612.4972933144004,0.024784255307210713,6264.975386429707,2962.786515155769,333,90,7819.3115234375,3912.528000000001,29697
https://www.wellsfargo.com/,https://wellsfargo.com,2026-01-26 14:43:06,1399.0029613409847,765.1450846846484,4992.854915315353,0.11579850476767774,8095.300000000001,4237.144572465707,6,115,2424.4013671875,4806.766999999995,50658.6
https://www.bankofamerica.com/,https://bankofamerica.com,2026-01-26 14:44:02,5744.05390141472,885.0019088309734,2155.097738536871,0.1444154912742051,8096.681753780946,4085.1158327720236,14,203,6161.791015625,5414.67099999999,51619
https://www.ally.com/,https://ally.com,2026-01-26 14:44:38,5274.542191204804,718.0077146063272,1084.0000000000007,0.0696776672242562,5628.891954621462,6031.526546948031,11,153,2987.6806640625,4184.872000000008,31885.3
https://www.capitalone.com/,https://capitalone.com,2026-01-26 14:45:29,4534.1751468129405,1365.0014261786062,3222.0010870819733,0,9669.214390826168,6067.9158325158805,32,301,6092.49609375,6585.809000000029,46699.399999999994
https://www.chime.com/,https://chime.com,2026-01-26 14:46:16,1613.2963581380532,1014.0022126547233,1461.0000000000027,1.6503396573074e-05,7424.0868199469605,3469.2666303713495,237,254,4201.203125,3762.2959999999957,41633.2
https://robinhood.com/us/en/,https://robinhood.com,2026-01-26 14:46:40,3357.011613720785,758.0422049508462,931.0000000000002,0.010493012871027056,3468.237665337534,3529.672969396939,163,72,8520.8173828125,1337.8249999999962,19987.600000000002
https://us.etrade.com/home,https://etrade.com,2026-01-26 14:47:41,5545.540575755249,1100.5136048656004,1516.4999999999986,0.3290261674236991,5650.135105357352,4664.820196949119,209,174,2578.25390625,2199.8309999999988,56592.7
https://www.fidelity.com/,https://fidelity.com,2026-01-26 14:48:05,2702.1641711139387,1057.729966508008,311,0,3587.323464003546,3569.679006754116,3,133,1746.083984375,1288.2339999999988,19149.4
https://www.schwab.com/,https://schwab.com,2026-01-26 14:48:46,2793.0442445034173,1291.0116432903733,1320.9999999999973,0.7771128421531417,6401.170998054073,4340.673298869593,246,191,3606.0615234375,3000.4679999999967,36303.5
https://www.coinbase.com/,https://coinbase.com,2026-01-26 14:49:22,1991,1391,381.0451287782041,0.01081131910476475,3233.507043671067,1966.533424716973,18,163,2327.3671875,1681.8929999999887,31253.899999999998
https://www.binance.com/en,https://binance.com,2026-01-26 14:49:57,1130.6845043727087,979.2952210237611,843.5000000000011,0.0006728504192280894,4039.8010390676836,1147.752760589582,16,148,3402.373046875,2275.7609999999977,30038.1
https://www.kraken.com/,https://kraken.com,2026-01-26 14:50:48,2051,1671,3677.9999999999995,0.004817913777990278,8995.416723224276,2579.8836993952987,73,252,5633.671875,6171.227000000029,46133.299999999996
https://www.kucoin.com/,https://kucoin.com,2026-01-26 14:51:14,1245.0015712845802,792.0006017729827,854.4999999999995,0.008050866035851076,4355.574628145168,3224.976958739112,10,209,11137.052734375,2171.368999999991,21391.9
https://coinmarketcap.com/,https://coinmarketcap.com,2026-01-26 14:52:00,863.0165018783499,699.0025209202704,2391,0.011309344485440211,5942.0444891945535,2436.1790335293704,29,394,6026.740234375,4387.399999999982,41202.299999999996
https://www.coingecko.com/,https://coingecko.com,2026-01-26 14:52:44,1071.004455939097,991.004057389084,982.4999999999998,0.08149287929891603,6880.675276537366,4288.5814106921,41,342,4109.158203125,2460.3719999999867,39532.8
https://opensea.io/,https://opensea.io,2026-01-26 14:53:22,3721,561,1301.4991674840853,0.05624033787552793,8239,3474.4913479260567,228,322,14068.5458984375,2591.58899999983,34664.8
https://rarible.com/all,https://rarible.com,2026-01-26 14:54:28,3091.7267392873337,557.3980749755033,2525.254010467705,0.035901674542498686,7138.220869009392,5110.724189175684,346,209,22953.2841796875,4600.1210000000565,60176.9
https://metamask.io/,https://metamask.io,2026-01-26 14:55:12,1617.0134727896407,441.00327716504796,1637.4999999999993,0,6681.656452198386,5354.179261639301,122,190,5163.568359375,3773.8529999999773,39627.1
https://etherscan.io/,https://etherscan.io,2026-01-26 14:55:32,2629.2064424699197,1721.1343514486775,377,0.0011144188936671618,3779.2952455006316,1721.1343514486775,6,57,3540.951171875,747.3060000000003,16449.8
https://polygonscan.com/,https://polygonscan.com,2026-01-26 14:55:53,2642.1486331873757,1802.1006492449947,336.9999999999998,0.0010524473278232475,3612.1970852657796,1802.1006492449947,6,61,3671.138671875,670.8679999999999,16309.5
https://ethplorer.io/,https://ethplorer.io,2026-01-26 14:56:33,787.6120371231772,401.12619777979614,1172.8738022202028,0.23289029998659933,5607.676993135534,4064.69388270354,4,128,4494.880859375,3062.4479999999903,35816.1
https://www.blockchain.com/,https://blockchain.com,2026-01-26 14:57:02,1169.600905276433,1169.6009052764327,762.5000000000005,0.0186077766167858,4237.097994600001,2477.862689689534,294,95,2274.177734375,1757.3439999999969,24458.3
https://www.gov.uk/,https://gov.uk,2026-01-26 14:57:15,591,591,4,0.2441947565543071,671,603.5116775903703,4,17,199.2177734375,75.77100000000009,8777.2
https://www.usa.gov/,https://usa.gov,2026-01-26 14:57:33,1152.0265616549123,577.9557563120775,158,0.02502980753647947,2144.873013666691,1780.8543834611878,6,39,1168.6435546875,530.5129999999997,14076.1
https://www.canada.ca/,https://canada.ca,2026-01-26 14:57:52,1804.1806565347326,1102.3155855260493,144,0,1804.1806565347329,2978.121730790941,1,33,761.595703125,605.5919999999998,13859.3
https://my.gov.au/en/services?redirectFrom=australia.gov.au,https://australia.gov.au,2026-01-26 14:58:07,1365.179347566632,1166.393115855544,88,0.1396398597273967,1940.1461208083192,1656.1245729139237,3,83,2297.048828125,488.73100000000034,11194.4
https://european-union.europa.eu/index_en,https://europa.eu,2026-01-26 14:58:42,1831.68662421082,697.7009600305535,0,0.020973782771535582,1849.88471061357,3199.0362193229876,7,73,2100.732421875,106.90700000000011,31332.8
https://www.un.org/,https://un.org,2026-01-26 14:59:00,1067.7894479564966,978.8142187851439,64,0,1348.9743675968512,3002.9818588061876,1,25,5256.5703125,166.65800000000002,13081.199999999999
https://www.worldbank.org/ext/en/home,https://worldbank.org,2026-01-26 14:59:23,843.5392285250713,719.3098136790542,27.499999999999773,0.004890703498465789,2600.838661563082,1459.6666531018643,2,146,18319.6025390625,332.008,18260.6
https://www.who.int/,https://who.int,2026-01-26 15:03:00,4476.516381185036,1505.040972622829,381.3542942625427,0.0011527546101678424,4585.911724486919,2734.167717878027,7,123,5151.2705078125,1291.8259999999989,28392.2
https://cdc.gov/,https://cdc.gov,2026-01-26 15:03:55,3109.545072170743,422.3955463922224,9,0.04844630150931942,3146.3544041295763,2745.324149062737,3,50,4094.7041015625,477.0129999999991,51257.3
https://www.nih.gov/,https://nih.gov,2026-01-26 15:04:18,1686.398754521284,657.2397317430457,167.5,0.20327629946228762,2774.3441476157973,2369.2672758659933,11,58,1806.189453125,597.5649999999998,18209.2
https://health.gov/,https://health.gov,2026-01-26 15:04:46,2981.056142684849,491.00387190929996,755.0000000000005,0.0004280761549557196,2991.056336280314,2349.5494733884025,218,61,2912.8212890625,1239.0329999999988,23402.6
https://www.oecd.org/,https://oecd.org,2026-01-26 15:05:13,1808.5023350682818,873.0030406684397,215.49999999999977,0.022821243415939906,2959.848201123704,1534.0870167364933,131,87,2385.8994140625,961.777999999999,22364.6
https://www.unesco.org/en,https://unesco.org,2026-01-26 15:05:49,1368.0635424993147,1248.0635424993145,859.0000000000009,0.034121374847302696,3171.0369738018635,5812.428138735078,657,50,2276.8681640625,1737.7429999999956,30638
https://www.uspto.gov/,https://uspto.gov,2026-01-26 15:06:37,3372.7149713541967,978.5449613289824,821.5000000000001,0.0017241049449454018,6164.532285165044,2346.0932191658703,61,105,5895.154296875,2962.8819999999937,23301.7
https://mohp.gov.np/,https://mohp.gov.np,2026-01-26 15:07:17,3448.8697673240767,1809.066257284751,3,0.005846627288445025,4360.682964897709,4257.591837076768,13,96,4928.408203125,423.89100000000053,17364.3
https://www.ntc.net.np/,https://ntc.net.np,2026-01-26 15:07:56,1031.0109657045073,594.0036552348358,970.9999999999993,0.0434333483710904,5753.452218986099,4021.284306466934,418,167,6304.205078125,2457.263999999998,34121.799999999996
https://kathmandupost.com/,https://kathmandupost.com,2026-01-26 15:09:23,2515.519335378084,602.5133109463289,79.49999999999955,0.041791044776119404,2650.3918910357015,1655.086908875066,446,74,4631.9326171875,568.3090000000002,21701.7
https://ekantipur.com/,https://ekantipur.com,2026-01-26 15:09:55,1463.0194412439387,683.0068143577583,61.5,0.10954003505695874,3207.5131956675186,1159.8272519350808,21,67,8944.291015625,470.16700000000003,27957.5
https://www.setopati.com/,https://setopati.com,2026-01-26 15:10:30,3134.4455263655286,1354.0207445212488,208,0.6091544000887307,5513.892321443598,3526.3063502646883,15,102,5606.0458984375,1447.502,30103.2
https://www.onlinekhabar.com/,https://onlinekhabar.com,2026-01-26 15:11:14,6062.866003085962,1245.593269865293,851.9999999999968,0.0781165367107037,11134.039629466126,5936.399954223517,16,409,59615.5517578125,2321.4389999999958,37836.1
https://www.ratopati.com/,https://ratopati.com,2026-01-26 15:11:53,3425.570709870224,1410.092977818522,230.49999999999977,0.06921487537280847,3823.5685425648535,2034.5591280715664,13,184,29273.57421875,1146.4029999999982,34226.9
https://nagariknews.nagariknetwork.com/,https://nagariknews.com,2026-01-26 15:12:19,2452.5222151792077,992.0087276183582,219,0.0782385799445201,3368.7559632408147,1685.1357210128235,13,98,7421.7431640625,805.4269999999991,22070.6
https://merolagani.com/,https://merolagani.com,2026-01-26 15:13:18,913.0063459576008,740,54,0.03395153700197927,2057.2707268493073,12380.116178314502,2036,80,3538.5830078125,427.98,54671.299999999996
https://merojob.com/,https://merojob.com,2026-01-26 15:13:58,1710.9999999999995,578,1291.999002820649,0.010198148175371357,5318.357381524547,2957.4249131461834,1063,217,4221.8427734375,2216.4429999999816,35564.399999999994
https://www.daraz.com.np/,https://daraz.com.np,2026-01-26 15:14:46,2366.5459099186655,1391.5139473170632,855,0.0008910192830620821,6179.863946469677,5410.803946129046,211,222,4555.8681640625,3389.6269999999936,42895
https://hamrobazaar.com/,https://hamrobazar.com,2026-01-26 15:15:53,1292.5159918128702,866.7045781320477,628.4999999999998,0.004215749067872049,4348.246269644659,3342.9998791884195,404,141,13948.8564453125,3896.1219999998007,42325.200000000004
https://khaltibyime.khalti.com/,https://khalti.com,2026-01-26 15:16:25,1115.0170553371572,1024.6989055683403,7,0.8933532562933822,1786.879633648311,3444.27925582266,5,84,4587.1171875,387.3949999999989,27145.4
https://esewa.com.np/,https://esewa.com.np,2026-01-26 15:17:11,2993.867779344826,1347.711919068075,194,7.089583672564772e-05,3028.741070206505,5771.743015911872,1,128,7112.140625,1049.6059999999975,41140.5
https://nepalnews.com/,https://nepalnews.com,2026-01-26 15:18:38,13084.747226098316,8463.140147549904,3166.5,0.31397936208042004,40555.68021038778,17822.60916439853,46,397,52026.8046875,12905.49600000009,62056.5
https://nepalitimes.com/,https://nepalitimes.com,2026-01-26 22:36:18,7371.338904001535,2487.325591649003,1365.4999999999982,0.908915289965955,8273.320968537086,4485.959996973355,720,340,7659.1728515625,3205.467999999976,36229.6
https://thehimalayantimes.com/,https://thehimalayantimes.com,2026-01-26 22:37:00,999.0026886622353,379,86.99999999999994,2.0515366281032285e-05,1064.0027696169436,1250.040733082954,431,106,1506.2333984375,326.5820000000001,17817.100000000002
https://myrepublica.nagariknetwork.com/,https://myrepublica.nagariknetwork.com,2026-01-26 22:37:29,5786.027952882998,768.7106848311652,72,0.05440384840302419,5792.027970905661,1896.081187813977,7,178,23817.595703125,817.0889999999998,24914
https://www.setopati.com/category/technology,https://setopati.com/category/technology,2026-01-26 22:37:40,516,516,0,0,516,1034.942564016472,1,7,60.138671875,194.3059999999998,7541.400000000001
https://www.bossnepal.com/,https://bossnepal.com,2026-01-26 22:37:51,1908.136726703104,765.4756742865466,0,0.0011189762280010506,1908.1367267031042,1151.797163110321,15,22,1139.580078125,69.18600000000005,7989.5
https://annapurnapost.com/,https://annapurnapost.com,2026-01-26 22:38:20,2271.145586113356,1114.705638240317,214.49999999999955,1.261309040620692,4052.2523764209272,1945.948772181313,200,195,8101.1494140625,813.0629999999999,25255.2
https://risingnepal.com.np/,https://risingnepal.com.np,2026-01-26 22:38:31,466.4818399999999,228.98183999999992,0,0,466.4818399999999,844.4752829874699,1,3,11.7265625,0,6983.6
https://nepalnews.com.np/,https://nepalnews.com.np,2026-01-26 22:38:45,241,226,0,0.0005994221171526136,241,597.7446305907567,1,7,17.2138671875,3.384,9851.4
https://www.gov.uk/,https://gov.uk/government,2026-01-26 22:39:16,739.5,725,0,0.2441947565543071,740.95,725,5,18,199.7666015625,4.8939999999999975,7669.599999999999
https://asiafoundation.org/,https://asiafoundation.org,2026-01-26 22:39:30,1281.0290456208108,435.0077454988831,0,0.0012404217415297578,1285.029142439547,1769.9732995477298,217,74,925.455078125,85.9789999999999,11425.8
https://example.org/,https://example.org,2026-01-26 22:40:04,216,216,0,0,216,216,1,1,0.697265625,0,5897.5
https://example.net/,https://example.net,2026-01-26 22:40:13,206,206,0,0,206,206,2,1,0.697265625,0,5347.4
https://news.ycombinator.com/,https://news.ycombinator.com,2026-01-26 22:41:05,226,216,0,0,226,826.3413647176424,2,6,11.84765625,0,7482.3
https://www.ycombinator.com/,https://ycombinator.com,2026-01-26 22:41:30,3497.001496984024,2631.000989820406,101,0,3503.801500974025,2631.000989820406,4,436,28733.3564453125,509.6300000000002,21824.5
https://news.ycombinator.com/,https://hackernews.com,2026-01-26 22:41:41,471,471,0,0,471,537.7676864938885,2,7,12.271484375,1.6069999999999995,7250.2
https://www.producthunt.com/upcoming,https://producthunt.com/upcoming,2026-01-26 22:41:59,1501.1904045527658,515.4973345979904,308.1984007587946,0,1598.6726967984941,1831.7902137691226,4,43,830.9912109375,945.2829999999968,13845.3
https://wellfound.com/jobs,https://angel.co/jobs,2026-01-26 22:42:57,1230.0307936670151,911.0209956820556,624,0.0014298257944960625,4269.280244027939,1665.659555488308,11,145,2414.208984375,1155.2349999999797,53981
https://stackoverflow.com/jobs,https://stackoverflow.com/jobs,2026-01-26 22:44:12,1802.7768451175268,655.0345719387678,138,0,1802.776845117527,1146.9236826772226,22,39,965.0791015625,489.51100000000014,11132.300000000001
https://www.indeed.com/worldwide,https://indeed.com/worldwide,2026-01-26 22:44:52,1266.6051240791671,885.0293617056569,73.5,7.449897525296345e-05,3046.5513760791673,1214.9956520895948,11,163,1571.8408203125,665.2349999999996,15737.3
https://www.glassdoor.com/Job/index.htm,https://glassdoor.com/Job,2026-01-26 22:45:27,2017.9836399697442,1053.1901839818468,3113.9170794984884,0.006722015655812366,8311.246495135634,2457.1176055361566,582,130,4026.0419921875,4950.71199999996,30893.8
https://www.monster.com/jobs,https://monster.com/jobs,2026-01-26 22:45:52,831,831,447.5000000000009,0.005389252090606321,5296.282707710228,3728.468779949672,440,68,3556.353515625,1250.2769999999978,21416.5
https://remoteok.com/,https://remoteok.io,2026-01-26 22:46:19,1299.3681730013805,948.2976593147591,96.69843954317253,0.06326151925463419,1517.9068010635042,1892.593759369997,3,50,582.197265625,898.4139999999993,22283
https://weworkremotely.com/,https://weworkremotely.com,2026-01-26 22:47:01,3103.2638687536887,2161.5219871950203,1981.8453808157376,0.036417347406406585,7010.722907020479,2686.800820212826,31,225,5183.591796875,3702.368999999987,37562.5
https://www.flexjobs.com/,https://flexjobs.com,2026-01-26 22:47:24,863.0054204581947,753.0054204581947,370.00000000000045,0.008126450139423497,3407.51403821877,994.1646698101459,36,110,1875.78515625,1076.421999999996,18850.1
https://remote.co/,https://remote.co,2026-01-26 22:47:44,1688.4130131431593,447.89923386927,297,0,2073.394270189838,995.4716333267834,39,63,1120.783203125,755.6429999999993,15884.1
https://www.icann.org/,https://icann.org,2026-01-26 22:48:21,1613.0000000000005,786.597155918476,354.4999999999998,0.790082843176098,2050.6500000000005,1891.1720041975123,165,93,1217.5703125,625.745999999999,18274.300000000003
https://www.ietf.org/,https://ietf.org,2026-01-26 22:48:35,1382.4012431349693,764.9446228031902,0,0.026728899119944197,1382.4012431349693,764.9446228031902,5,17,983.3056640625,58.00400000000002,9072.1
https://www.iana.org/,https://iana.org,2026-01-26 22:48:53,1100.7493034678166,869.9794311584121,0,0.04392000660780527,1100.7493034678166,2838.90052196065,2,16,2211.81640625,1.8439999999999996,14386
https://en.wikipedia.org/wiki/List_of_most_popular_websites,https://wikipedia.org/wiki/List_of_most_popular_websites,2026-01-26 22:49:17,835,745,0,0.08012330615298889,839,2133.548900017784,202,57,1271.666015625,141.899,20445
https://archive.org/,https://archive.org,2026-01-26 22:49:35,856.5,294,7.5,0.006809730867472344,896.6058484077455,1588.7025183076853,1,96,488.611328125,293.9649999999998,13707.4
https://web.archive.org/,https://web.archive.org,2026-01-26 22:50:18,1799.2036990275838,1579.0886206645303,113,0.08162325540670694,1833.7625610940368,2708.7414329568937,156,62,4999.2900390625,440.08399999999983,18659.4
https://archive.org/details/texts,https://archive.org/details/texts,2026-01-26 22:50:43,1744.8265654956613,396.20664137391526,278.0345523525691,0.0813945527353001,1962.0504157717114,2689.978288510421,1,161,1517.45703125,1247.8319999999947,20490.199999999997
https://opensource.org/,https://opensource.org,2026-01-26 22:51:05,1243.5301756824101,1019.0243726665624,30,0,1573.086036728417,1019.0243726665624,20,90,1208.80078125,90.685,17309.8
https://www.gnu.org/,https://gnu.org,2026-01-26 22:51:23,2236.4418399999995,472,0,0.02179841717098189,2236.4418399999995,2531.3779546377486,138,26,722.8388671875,3.18,14670
https://www.fsf.org/,https://fsf.org,2026-01-26 22:51:43,1218.3833367620082,858.3833367620082,0,0.10533892558772606,1230.3833367620082,3674.6116430547636,183,37,725.166015625,8.317999999999998,15849.400000000001
https://creativecommons.org/,https://creativecommons.org,2026-01-26 22:51:58,12454.086618039233,583.1989174480253,70.99999999999989,0.027930640365362972,13110.522949343465,1155.8624402434323,4,49,23575.751953125,467.4750000000013,10652
https://network.creativecommons.org/chapter/,https://creativecommons.net,2026-01-26 22:52:18,1036.775746634055,1036.775746634055,0,0.08631845413171378,1036.775746634055,3221.3889152793304,469,40,482.40625,206.71700000000004,16126.800000000001
https://creativecommons.org/licenses/,https://creativecommons.org/licenses,2026-01-26 22:52:36,607,607,0,0.0191751395764558,607,1409.947363271277,193,20,127.3583984375,4.9319999999999995,13826
https://opensource.com/,https://opensource.com,2026-01-26 22:53:26,996.3285770311326,801.1357150496999,20,0.0004128308416774036,1119.1357150497001,1053.799605732698,2,81,2630.212890625,143.66500000000008,47317.5
https://opensource.org/licenses,https://opensource.org/licenses,2026-01-26 22:53:45,1235,1054,18.5,0,1416.1999999999998,1054,10,72,780.169921875,90.93400000000005,14376.4
https://creativecommons.org/about/,https://creativecommons.org/about,2026-01-26 22:53:57,1136.796297764166,618.4960333187494,63,0.02558238665106938,1136.796297764166,1047.4665147608926,9,29,285.0595703125,189.64599999999996,8484
https://creativecommons.org/mission/contact/,https://creativecommons.org/contact,2026-01-26 22:54:18,1128.9801930936057,597.9987443961124,573,0.030133963750985027,2814.596148504391,1682.1390479572956,3,64,2409.265625,1223.8529999999985,15904.2
https://www.mozilla.org/en-US/blog/,https://mozilla.org/blog,2026-01-26 22:54:32,921.0571574193839,921.0571574193839,194.59436181794592,0.004810665039547033,1524.8364129131248,1614.0020304129766,1,32,567.2216796875,462.49999999999955,10633.5
https://www.chromium.org/chromium-projects/,https://chromium.org,2026-01-26 22:54:43,772.5772921052472,474.5899076023322,0,0.002335992851841008,772.5772921052472,474.5899076023322,2,17,178.841796875,65.88100000000001,7679.1
https://getbootstrap.com/,https://getbootstrap.com,2026-01-26 22:54:57,533,361,0,0.021186200095625152,533,545.1421761547128,4,18,193.205078125,2.264,10139
https://jquery.com/,https://jquery.com,2026-01-26 22:55:09,482.6916680565366,482.6916680565366,0,0.012895158842505916,482.6916680565367,731.1192066995819,2,20,189.88671875,1.9729999999999996,7564.5
https://react.dev/,https://reactjs.org,2026-01-26 22:55:28,1475.0265156359187,535.0050991607535,125.50000000000011,0,1761.5311558722046,574.7562430826347,7,62,1061.08203125,431.4029999999987,14578.800000000001
https://angular.dev/,https://angular.io,2026-01-26 22:55:39,1467.2146638893344,1467.2146638893344,0,0.00507823455642692,1467.2146638893346,1467.2146638893344,8,16,831.6171875,193.65200000000067,8231.7
https://vuejs.org/,https://vuejs.org,2026-01-26 22:55:53,568.2856800000001,514.0357,1.4999999999999432,0,785.2285280000001,682.1626019428675,36,68,559.78125,73.77899999999997,10701.9
https://svelte.dev/,https://svelte.dev,2026-01-26 22:56:06,562.0117540359497,361,0,0,566.1129294395447,383.3140455917073,7,85,10321.4326171875,123.41100000000012,9771.8
https://webpack.js.org/,https://webpack.js.org,2026-01-26 22:56:31,779.7391727355408,739.7269661447034,0,0.0029322920817063773,779.7391727355409,903.9990434658666,3,20,421.3154296875,283.44100000000117,20502.1
https://rollupjs.org/,https://rollupjs.org,2026-01-26 22:56:43,461,321,3,0,564,521.3195932430029,3,25,421.7109375,66.995,8033.3
https://babeljs.io/,https://babeljs.io,2026-01-26 22:57:02,1319.7511475,445.4099225,319.3304199999999,1.5611611471794612e-05,1685.604058625,1304.109174391347,2,119,1488.763671875,746.9469999999994,15696.5
https://emberjs.com/,https://emberjs.com,2026-01-26 22:57:20,1401.0454649447588,298.0088061093602,275,0.005354659174239229,1820.044584333823,789.4804865777426,65,33,1135.5322265625,506.56700000000205,13789.900000000001
https://backbonejs.org/,https://backbonejs.org,2026-01-26 22:57:45,375,358,0,0,379.40000000000003,803.9286151284203,21,17,246.7119140625,58.138,12679.800000000001
https://gruntjs.com/,https://gruntjs.com,2026-01-26 22:57:59,341,281,0,0.000505382570734705,343,1315.7267715763496,1,24,154.9853515625,1.076,10203.1
https://gulpjs.com/,https://gulpjs.com,2026-01-26 22:58:19,1347.6487970104108,656.443143368036,201,0.0005449477001465118,1372.7487970104107,1457.6708825277217,2,44,725.3251953125,631.6969999999992,15200.199999999999
https://circleci.com/,https://circleci.com,2026-01-26 22:59:10,1034.2037492545746,774.2017093610671,857.4999999999998,0.0022124866030777328,4835.939879766256,5733.286814017845,16,198,1943.27734375,2356.699999999998,47634.399999999994
https://www.travis-ci.com/,https://travis-ci.org,2026-01-26 22:59:35,938.0461352026207,898.043059522446,258.00000000000045,0.016920354716819602,2112.9123027206992,1317.4843007114785,6,66,1074.861328125,744.314999999998,21071.399999999998
https://github.com/features/actions,https://github.com/features/actions,2026-01-26 23:00:06,2590.380069330915,1355.4811380731337,488.79110340767465,0.010295537028555925,3420.7776487671176,2186.608598919255,354,114,2596.7890625,831.5099999999991,26316.8
https://gitlab.com/explore/projects,https://gitlab.com/explore/projects,2026-01-26 23:00:30,1242,402,352.5,0.000320441292356186,2544.5,1469.2398070505199,6,36,2117.1611328125,838.8629999999947,19542.7
https://bitbucket.org/product/,https://bitbucket.org/product,2026-01-26 23:01:13,1920.562834453458,1134.533451608906,1182.9999999999998,0.04413778982642723,6409.293014166962,3725.244014911774,40,122,5603.4736328125,2209.6949999999993,38711.5
https://app.readthedocs.org/welcome/,https://readthedocs.org,2026-01-26 23:01:27,891.4632313640755,442.6779388184452,95,0.008886771298485245,990.1632313640755,716.186247748276,1,18,353.208984375,557.7880000000005,10811.6
https://pypi.org/project/requests/,https://pypi.org/project/requests,2026-01-26 23:01:46,1719.4059749999997,901.8608,186,0.026486290594800965,2150.0773875,1012.1539771106418,5,48,1774.5625,352.94699999999796,14633.6
https://www.npmjs.com/package/express,https://npmjs.com/package/express,2026-01-26 23:02:39,902.9631562505547,445.1778937503328,334,0.005298106995884773,3428.913156250555,793.9543287747214,9,18,350.1328125,3001.8150000000023,49315.2
https://rubygems.org/,https://rubygems.org,2026-01-26 23:02:52,892.2016058260978,849.5067844668293,0,2.1756213769364914e-05,892.2016058260979,898.3093378584888,1,70,562.6064453125,11.574000000000003,8062
https://packagist.org/,https://packagist.org,2026-01-26 23:03:07,287,287,13,0.11694357717000294,505,1092.5213691817057,2,15,328.3447265625,158.74699999999999,10829.599999999999
https://maven.apache.org/,https://maven.apache.org,2026-01-26 23:03:20,371.5248536505375,362.4498745576036,0,0,371.5248536505376,496.6905816739119,1,14,201.521484375,4.015,9004.4
https://gradle.org/,https://gradle.org,2026-01-26 23:04:13,836.0315764055617,795.9775616442107,318.2750269338093,0.007626823563242576,2763.6252845238437,828.33081738742,3,61,2859.998046875,1166.8729999999969,49029
https://docs.python.org/3/,https://docs.python.org,2026-01-26 23:04:23,462.53397,404,0,0,462.53397000000007,450.731332547679,1,21,38.8662109375,0,6480.2
https://www.ruby-lang.org/en/,https://ruby-lang.org,2026-01-26 23:04:46,2991.5015919349653,2971.5015919349653,0,0.04065280351023986,2993.5015919349653,2971.5015919349653,7,89,4313.0810546875,43.79199999999999,19410.800000000003
https://www.php.net/,https://php.net,2026-01-26 23:05:08,712.8698066693803,640.4706630337566,142.5,0.002401254610018615,1104.85,2323.99909881174,2,45,884.7421875,408.26599999999996,16603.2
https://laravel.com/,https://laravel.com,2026-01-26 23:05:35,1108.5,868.5,87.00000000000011,0,1312.5,1188.3983992748108,57,40,13906.8916015625,507.31899999999825,22886.199999999997
https://symfony.com/,https://symfony.com,2026-01-26 23:05:52,628.0155782089445,561.0143798851796,0,0.0007900134935472424,628.0155782089445,1329.6459469585195,767,36,389.255859375,72.98800000000008,13706.8
https://www.djangoproject.com/,https://djangoProject.com,2026-01-26 23:06:04,926.1356646628819,678.1356646628819,0,0.001804181643537856,926.1356646628819,850.4254333860135,2,15,321.638671875,4.132999999999999,8355.7
https://flask.palletsprojects.com/,https://flask.palletsprojects.com,2026-01-26 23:06:43,676.9580517861516,216.17483107169096,461.50000000000006,0.008886771298485245,2347.8484374826285,525.5379275164122,2,47,357.69921875,2118.937,33975.3
https://fastapi.tiangolo.com/,https://fastapi.tiangolo.com,2026-01-26 23:07:02,2666.207123094492,1366.2071230944928,0,0.05796026303482111,2708.2071230944925,1366.2071230944928,5,93,3391.4580078125,299.7279999999995,15195.599999999999
https://spring.io/,https://spring.io,2026-01-26 23:07:24,1196.5022073779178,508.6994286640019,610.4942974977954,0.008465858329729483,2340.5577443377038,910.721129186417,19,71,1622.8662109375,1447.4109999999982,17397.5
https://dotnet.microsoft.com/en-us/,https://dotnet.microsoft.com,2026-01-26 23:07:53,1408.0675705044723,917.4236496765654,85.28893577492704,0.0009110576987646628,2053.053483305971,2377.1179345036758,275,51,1187.0625,530.903,24306.5
https://go.dev/,https://golang.org,2026-01-26 23:08:11,1158.2134257568987,961.2121182713414,48,0.01703303186341004,1626.2144063710666,1006.7009667810721,4,69,848.806640625,309.4340000000001,14105.300000000001
https://rust-lang.org/,https://rust-lang.org,2026-01-26 23:08:26,281.5,281.5,0,0.002775723209960774,281.5,406.1078194060723,2,22,138.7275390625,4.8229999999999995,8592.7
https://crates.io/,https://crates.io,2026-01-26 23:08:46,1159.1948275000002,1024.2372050000001,269.52118874999996,0.00307658998262392,1495.679142375,1904.4631293751545,1,14,800.70703125,668.4129999999966,15381
https://deno.com/,https://deno.land,2026-01-26 23:09:25,1411.5131509344676,627.003287733617,409.7379449767378,0.000193948653861134,2511.2392468456737,2973.3022352137095,310,102,2713.826171875,859.7169999999986,35525.9
https://www.cloudflare.com/,https://cloudflare.com,2026-01-26 23:10:50,2396.3872530301314,791.0041227957414,870.9991410842213,0.06533781054359296,5816.260908230399,7050.706218698475,36,254,11788.8388671875,10062.657000000017,79873.8
https://www.fastly.com/,https://fastly.com,2026-01-26 23:12:02,2301.747756782812,1062.001711009516,936.7015756696001,0,5557.386898832754,1998.614256237805,35,181,2816.8740234375,2992.7389999999887,67922.2
https://www.akamai.com/,https://akamai.com,2026-01-26 23:13:00,1940.0661111276386,742.5082358313246,265.00000000000045,3.950049194326873e-06,4551.136333919272,1135.383369818245,7,181,2727.3642578125,1714.314000000001,54807.5
https://stackpath.com/,https://stackpath.com,2026-01-26 23:13:12,210,210,0,0,210,541.183724951744,1,1,0.630859375,0,7230.7
https://domains.atom.com/lpd/name/stackpathcdn.com,https://stackpathcdn.com,2026-01-26 23:13:30,814.5148891798704,595.5037420771605,130.0000000000001,0.0026912417741927304,1625.2022919888373,1326.9522092756952,26,60,644.3056640625,446.4460000000016,14020
https://www.jsdelivr.com/,https://jsdelivr.com,2026-01-26 23:13:52,934.6983138621515,794.6983138621515,36,0.002880700502029008,1139.0983138621514,794.6983138621515,3,72,689.08203125,462.8809999999948,17861.4
https://cdnjs.com/,https://cdnjs.com,2026-01-26 23:14:06,1117.361063190151,321.12635356843475,77,0.013524755393315133,1532.361063190151,525.4292514294793,4,25,560.384765625,290.50899999999933,9321.1
https://unpkg.com/,https://unpkg.com,2026-01-26 23:14:18,618.1981158908661,259.5974878544882,94,0,960.1981158908661,259.5974878544882,2,11,289.1044921875,252.10899999999972,8447.6
https://www.google.com/amp,https://google.com/amp,2026-01-26 23:14:28,471,439,0,0,471,439,1,4,13.615234375,0,5972.6
https://amp.dev/,https://amp.dev,2026-01-26 23:14:41,659.003518108702,639.003518108702,0,0,661.003518108702,639.003518108702,38,37,782.8251953125,192.83399999999992,9040.300000000001
https://schema.org/,https://schema.org,2026-01-26 23:14:53,649.3969178821629,649.3969178821629,20,0.20727972950048157,1070.7095001550226,649.3969178821629,1,27,437.9697265625,113.73600000000005,8177.099999999999
https://microformats.org/,https://microformats.org,2026-01-26 23:15:11,522,482,0,0,522,1773.9136045368512,32,27,119.1728515625,42.153000000000006,13462.4
https://developers.google.com/speed,https://developers.google.com/speed,2026-01-26 23:16:08,1044.183695714603,864.6076145808325,4763.575674936388,0.0010435819676754762,7817.233289517221,2124.303860733611,3,55,1691.4755859375,5679.843999999992,44281.7
https://pagespeed.web.dev/,https://pagespeed.web.dev,2026-01-26 23:16:20,629.0136064615543,618.0128551101501,39.001502702808466,0,928.859098353129,618.0128551101501,6,16,415.205078125,284.597,7802.700000000001
https://web.dev/,https://web.dev,2026-01-26 23:16:44,1590.0400687560168,914.7235868815985,597.5000000000005,0.09024651933708251,3777.76767049052,1487.2397055426945,4,99,3625.1884765625,1803.6719999999998,20274.399999999998
https://web.dev/,https://developers.google.com/web/fundamentals,2026-01-26 23:17:10,1184.7228545972007,1104.7206194919263,529.9995205178177,0.12924633901398655,3968.2176682711265,1607.8678032698463,3,98,3623.86328125,1883.8479999999993,21411.600000000002
https://developer.apple.com/,https://developer.apple.com,2026-01-26 23:17:25,5172,1764,0,0.00019066518602513482,5188,2350.317450142739,6,59,5711.8193359375,12.163999999999998,11363.3
https://developer.microsoft.com/en-us/,https://developer.microsoft.com,2026-01-26 23:18:05,900.7032714217762,860.7019530856984,541,1.0101734235504687,2968.807234449334,2382.095080273494,10,81,2088.6357421875,867.2430000000003,35509.6
https://developer.ibm.com/,https://developer.ibm.com,2026-01-26 23:19:05,4850.980111102055,789.0670181772113,343.5,0.6583186215483227,6207.94314890873,3817.276159890998,4,282,4023.283203125,1535.4050000000004,56559.4
https://developer.amazon.com/,https://developer.amazon.com,2026-01-26 23:19:28,3541.665121965295,1407.5019177155775,29,0.052044063565202955,3823.686333274256,3940.0708576480192,921,74,3455.8369140625,565.3520000000001,18211.2
https://developer.android.com/,https://developer.android.com,2026-01-26 23:19:55,1474.4470144555905,1314.4447792384856,381.9963562650903,0.009391087610723268,4102.416707163833,2176.771599079875,14,108,3868.9326171875,1387.3809999999985,23438.7
https://developer.apple.com/documentation,https://developer.apple.com/documentation,2026-01-26 23:20:18,6307.6994365272385,705.6110582847017,240,0.04206626809423912,6591.699436527239,3127.2573278617306,1,53,14211.404296875,690.5619999999984,19238.2
https://developers.google.com/maps,https://developers.google.com/maps,2026-01-26 23:21:26,926.2104224851078,926.2104224851078,1862.2477927588425,0.0950896485775759,15128.13608130081,5511.783691247247,26,241,13732.8193359375,6364.526999999967,63458
https://developers.facebook.com/,https://developers.facebook.com,2026-01-26 23:21:53,13344.336081120568,778.5781139106917,25,0.0839241519591516,13628.192430637278,4687.111825543491,413,128,26056.490234375,391.63000000000073,23988.3
https://developer.x.com/en,https://developers.twitter.com,2026-01-26 23:22:16,3115.7201266106476,1122.3613779422417,355.99999999999955,0,3117.9763146922032,4304.5821929587855,158,34,1776.3466796875,884.9529999999868,18819.399999999998
https://developer.microsoft.com/en-us/windows/,https://developers.microsoft.com/en-us/windows,2026-01-26 23:22:49,3032.8875797429296,2295.8755708991002,0,2.43778937128255e-05,3032.88757974293,2728.648482013113,2,37,6647.7529296875,409.9369999999997,28636.5
https://stackoverflow.blog/engineering,https://stackoverflow.blog/engineering,2026-01-26 23:23:08,925.9643023374143,481.011142581355,80.99999999999994,0.005393559372727075,1065.459972610313,1222.3356709679106,296,77,1164.3349609375,448.30199999999945,15396.4
https://engineering.fb.com/,https://engineering.fb.com,2026-01-26 23:23:21,3468.6098302293694,383.0647556025634,0,0,3490.3321044097283,455.45635248697477,15,35,4014.974609375,6.941999999999999,8911.5
https://blog.x.com/engineering/en_us,https://engineering.twitter.com,2026-01-26 23:23:37,1949.4261316352113,899.4828210671512,0,0.00320115424688778,1953.7696668985504,2430.6086338427867,153,35,2844.6796875,174.47500000000008,12663.7
https://medium.com/tag/performance,https://medium.com/tag/performance,2026-01-26 23:24:03,1667.0543346725085,569.8660672626032,1809.4999999999995,0.019284405131883016,4752.302089827484,2933.633107405569,12,105,2747.5361328125,4675.43800000003,22281.7
https://www.perfplanet.com/,https://perfplanet.com,2026-01-26 23:24:16,444,444,0,0.0033641070822600125,444,1122.1091959763764,1,6,46.8779296875,0,8521.1
https://workspace.google.com/intl/en-US/products/calendar/,https://calendar.google.com,2026-01-26 23:24:38,2451.5021379390573,1215.20368631351,162.5,0.007139597496913223,2546.8169265395068,1453.0144973038218,11,93,2253.3349609375,487.606999999999,18249
https://accounts.google.com/v3/signin/identifier?continue=https%3A%2F%2Fdrive.google.com%2Fdrive&dsh=S-399054888%3A1769449182496446&followup=https%3A%2F%2Fdrive.google.com%2Fdrive&ifkv=AXbMIuAMPjBBwX7mfjfHTbEr8_bi_V1idus0yqmLFLwSavsVcm22zIPNpkMrX3Lf8lU94v3cYueAcw&osid=1&passive=1209600&service=wise&flowName=GlifWebSignIn&flowEntry=ServiceLogin,https://drive.google.com/drive,2026-01-26 23:24:53,1320.0961368237085,1270.0961368237085,301,0.00818270437498176,2012.8961368237087,1708.7094275955565,180,22,797.8310546875,906.2849999999979,11789.1
https://accounts.google.com/v3/signin/identifier?continue=https%3A%2F%2Fmail.google.com%2Fmail%2Fu%2F0%2F&dsh=S19172394%3A1769449198176358&emr=1&followup=https%3A%2F%2Fmail.google.com%2Fmail%2Fu%2F0%2F&ifkv=AXbMIuDM1fcMki1woUWQtCf2LGKb7YlP9nLEZqrR6HOcpJnsS8fHPZIK2brtHaOOs0z5rl7oz2Hj&osid=1&passive=1209600&service=mail&flowName=GlifWebSignIn&flowEntry=ServiceLogin,https://mail.google.com,2026-01-26 23:25:08,1388.0961368172611,1348.0961368172611,157,0.003940796194145287,1951.0961368172611,1915.821861057238,169,25,796.810546875,571.2890000000001,10945.7
https://proton.me/,https://proton.me,2026-01-26 23:34:29,745.0458425896443,321,67.00000000000011,0.000638396362662856,1393,2062.64373566253,121,182,1742.7939453125,525.8149999999989,26600.1
https://proton.me/mail,https://protonmail.com,2026-01-26 23:34:55,757.3507429548323,551,23.5,0.0019711244281965254,1392,2709.753604698764,365,165,1291.56640625,345.30699999999956,22261.5
https://www.icloud.com/,https://icloud.com,2026-01-26 23:35:08,1976.3436016585101,457.6217518957079,422,0,1976.3436016585104,1078.2075463589774,3,23,3240.1142578125,548.9379999999986,10271.8
https://mailchimp.com/,https://mailchimp.com,2026-01-26 23:36:28,1223.0159807469,601.0079903734498,16861.495697491217,0.0048466013228145675,21894.240463134272,8729.755454054715,15,467,5255.9990234375,22588.778999999915,75664.40000000001
https://sendgrid.com/en-us,https://sendgrid.com,2026-01-26 23:37:24,4632.023299818889,971.8355102404097,310.5,0.0022581766926830344,4724.769890550035,3600.901437297731,177,173,3197.06640625,1395.8219999999988,51947.9
https://postmarkapp.com/,https://postmarkapp.com,2026-01-26 23:38:18,441.92133583172074,396.8061688527556,162.5,0.0005576722580816532,3206.7720292628733,1141.6381588464037,15,88,1397.2900390625,1581.596999999999,51010.899999999994
https://www.mailgun.com/,https://mailgun.com,2026-01-26 23:38:32,712.0003147125244,547,0,0,716.1003461837769,861.7371543442855,12,27,239.1572265625,45.81500000000015,10299.5
https://www.twilio.com/en-us,https://twilio.com,2026-01-26 23:39:44,5898.705399898198,1527.7726184427447,1655.7557603248993,0,8765.40834524012,4601.170215603757,27,295,5259.6845703125,4758.117000000003,66493.8
https://plaid.com/,https://plaid.com,2026-01-26 23:40:26,2224.679907307186,336.0045637724029,1771.8271845973009,0.020975824207309597,7976.139176056264,3282.085277139572,30,224,4929.5576171875,4072.6219999999794,38153.9
https://squareup.com/us/en,https://squareup.com,2026-01-26 23:41:53,1301.0055581773508,566.0019821030802,3527.6857956010203,0.00022225654460731163,10677.809436131554,6791.651949682516,105,464,17988.9912109375,8317.796000000055,82681.5
https://quickbooks.intuit.com/,https://quickbooks.intuit.com,2026-01-26 23:43:22,861.5147556135339,647.5105937738192,1403.4999999999973,0.004197447923615084,8162.558205471765,8940.51289839301,39,419,7853.40625,5123.03399999997,85251.1
https://www.freshbooks.com/,https://freshbooks.com,2026-01-26 23:44:02,1361,685,2039.0000000000005,0,5829.4000000000015,2380.2907730174957,117,168,4078.8017578125,4506.342999999986,35103.4
https://www.xero.com/us/,https://xero.com,2026-01-26 23:45:07,1312.7892504371785,850.3361948515061,2132.2511351651633,0.06025828751294924,7965.711491396506,2439.5419293165705,13,252,4621.064453125,6048.327999999967,61143.5
https://www.zoho.com/,https://zoho.com,2026-01-26 23:45:34,2854.758705010552,762.7759470298947,55,0.002964084235489764,2891.2756554635416,2766.258425201354,1,108,2360.47265625,501.7030000000003,22117.3
https://basecamp.com/,https://basecamp.com,2026-01-26 23:45:52,1081,461,0,0.018165656021653542,1081,1033.3436365164544,5,113,2795.595703125,18.499999999999996,13660.3
https://monday.com/,https://monday.com,2026-01-26 23:47:19,8912.201632100507,682.0054930548085,896.491265508263,0.015131542779271548,10851.07651833488,5766.722824896135,264,407,20026.39453125,3831.6899999999728,81953.1
https://jira.atlassian.com/,https://jira.atlassian.com,2026-01-26 23:47:34,1399.446212965593,476.61835539623326,12.97321360043702,0.007480069718063217,1399.4462129655933,1160.016580336106,2,46,1234.1220703125,284.3630000000001,11988
https://confluence.atlassian.com/alldoc/atlassian-documentation-32243719.html,https://confluence.atlassian.com,2026-01-26 23:47:53,2102.3464756892367,1574.4997768231108,27.5,0.0030727548011793768,2102.3464756892367,1665.8877151177899,5,103,1368.625,648.406,14798.9
https://github.com/trending,https://github.com/trending,2026-01-26 23:48:22,1532.5537322043415,1034.5917416953594,235,0.09029609750004702,2039.6951456964823,3086.094698323394,356,124,1233.86328125,389.5160000000001,25154.2
https://gitlab.com/explore,https://gitlab.com/explore,2026-01-26 23:48:50,2564.402791427314,403,910,0.00032126083530338855,3061.3,2021.9792170636726,6,34,2106.494140625,1359.2429999999981,23830.800000000003
https://stackoverflow.com/explore,https://stackoverflow.com/explore,2026-01-26 23:49:05,1853.812878025827,644.0500985208537,167,0,1853.812878025827,1005.1581718940976,15,39,965.5302734375,530.2350000000001,10932.199999999999
https://www.reddit.com/r/learnprogramming/,https://reddit.com/r/learnprogramming,2026-01-26 23:49:43,1448.2615929559518,1134.8712563647612,774.5000000000002,0.08114226968112714,4816.391905470216,2184.777331449929,362,73,2160.9814453125,2754.4469999999606,33941.9
https://www.reddit.com/r/dataisbeautiful/,https://reddit.com/r/dataisbeautiful,2026-01-26 23:50:19,1970.578076829736,1113.249236539603,327.00000000000045,0.11776547902260591,4356.548183186155,4441.709502025262,323,86,2812.9140625,1893.569999999992,32153.3
https://www.reddit.com/r/MachineLearning/,https://reddit.com/r/machinelearning,2026-01-26 23:51:00,1678.9898158221836,1364.363766982688,1067.0249300773671,0.059259661975244314,5116.660108336739,3564.593703908678,337,82,2374.57421875,3226.5259999999903,35703.5
https://www.reddit.com/r/javascript/,https://reddit.com/r/javascript,2026-01-26 23:51:31,2205.2310026333053,1284.5678662656564,560.236673020399,0.13295740592010408,4849.634586824197,2533.8298799488184,337,80,2212.8154296875,2503.1480000000083,26684.899999999998
https://www.reddit.com/r/Python/,https://reddit.com/r/python,2026-01-26 23:52:08,1761.793371948203,1365.349641137585,676.5985448365172,0.12036097359772913,4893.748437822855,3523.287050373332,334,82,2384.912109375,2642.380999999987,32842.2
https://www.reddit.com/r/linux/,https://reddit.com/r/linux,2026-01-26 23:52:43,2186.1701241706905,1291.5821076585132,708.6754279817071,0.14241701459119205,4624.5586209615385,2675.153114656596,338,77,2305.6328125,2547.2100000000023,31327.300000000003
https://www.reddit.com/r/technology/,https://reddit.com/r/technology,2026-01-26 23:53:21,2207.9126228278947,1302.182726537735,794.0454050935741,0.062038797427194016,4838.925202334828,2641.3473927029117,331,92,2341.984375,2477.8049999999903,32133.5
https://www.reddit.com/r/gadgets/,https://reddit.com/r/gadgets,2026-01-26 23:53:51,4760.595315760399,1304.351392478064,425,0.1238356930719221,5254.626535759164,3388.1647832571157,332,76,5827.859375,1951.390999999981,26507.3
https://www.reddit.com/r/gaming/,https://reddit.com/r/gaming,2026-01-26 23:54:28,1787.7351493778506,1303.5885919496745,880.1008954897884,0.12752039391353684,5715.0049882610065,3037.663870001012,321,109,3802.5517578125,3024.224000000003,32277.5
https://www.reddit.com/r/science/,https://reddit.com/r/science,2026-01-26 23:55:00,1660.086094324964,1302.632287407846,504.50248975463626,0.11235058495790137,4440.876411935321,2596.4943068767375,345,85,2268.068359375,2199.332000000028,27715.800000000003
https://www.nature.com/,https://nature.com,2026-01-26 23:55:22,1623.9941067342563,1262.0608656486645,440.5,0.09120756633994741,3857.8367859324335,2369.9663966305066,20,72,1730.544921875,1182.9009999999964,17412.2
https://www.sciencedirect.com/,https://sciencedirect.com,2026-01-26 23:55:40,1161.0020239430025,761.0019599443539,111.99999999999977,0,1977.0580413314103,1847.9845355369332,18,33,1750.373046875,642.6149999999999,13581.300000000001
https://link.springer.com/brands/springer,https://springer.com,2026-01-26 23:55:59,2091.847097278006,1375.154108639003,196.35316054776172,0.000201070231658192,3528.942132879906,1888.4845937737637,29,40,1632.181640625,515.2189999999989,15410.1
https://www.acm.org/,https://acm.org,2026-01-26 23:56:49,9750.703016944002,953.3872693254764,804.9810668386971,0.19835529911934405,10089.57723266011,3522.7150059984524,14,162,15453.7275390625,2424.997999999997,26336.800000000003
https://arxiv.org/,https://arxiv.org,2026-01-26 23:57:01,321,321,0,0.007024145126385468,321,562.974784245491,49,11,134.126953125,2.238,8135.6
https://www.biorxiv.org/,https://biorxiv.org,2026-01-26 23:57:15,904.3558261817527,440.67791309087636,45,0.005298106995884773,926.8558261817527,925.7670707350737,1,18,351.708984375,372.91800000000046,9918.9
https://www.medrxiv.org/,https://medrxiv.org,2026-01-26 23:57:32,1292.0911036401878,760.8960392877175,4,0.04498093316894403,1292.091103640188,1453.5120953338237,3,29,664.55859375,271.23100000000034,13163.9
https://www.who.int/news-room,https://who.int/news-room,2026-01-26 23:58:08,5515.781233966576,1476.044785500638,822.0000000000027,0.0018505006442162454,7441.006722494785,3089.8229261403885,6,149,12298.662109375,2072.831999999996,31552.2
https://www.cdc.gov/coronavirus/,https://cdc.gov/coronavirus,2026-01-26 23:58:56,2630.28288199009,633.5161051614296,108.99999999999977,0.12041331757289202,2630.2828819900906,1934.7265431676424,3,36,1879.0107421875,294.41400000000004,45271.1
https://www.nih.gov/research,https://nih.gov/research,2026-01-26 23:59:18,1806.5083560393036,726.0053717395523,221,0.00034899001158902795,2607.013250290896,2578.8829397554964,33,48,1055.583984375,655.8549999999998,17413.6
https://clinicaltrials.gov/,https://clinicaltrials.gov,2026-01-26 23:59:39,2118.1016090961994,782.0775059586108,345.9999999999998,0.1234385342789598,2711.7056812030723,2209.1201760316662,27,103,1809.21484375,1302.4719999999932,17152.3
https://pubmed.ncbi.nlm.nih.gov/,https://pubmed.ncbi.nlm.nih.gov,2026-01-26 23:59:53,508.02430740820336,448.0224433260724,82.99999999999977,0.00011645853870803975,2433.683486060639,786.4808205017297,19,42,818.0927734375,540.3850000000001,11046.1
https://www.nih.gov/news-events,https://nih.gov/news-events,2026-01-27 00:00:14,2070.0661351710787,600.3148132906866,89.49999999999977,0.1609166167499805,2356.4417961112754,2138.167911418126,11,55,1267.5986328125,409.03200000000015,16817.2
https://medicalxpress.com/,https://medicalxpress.com,2026-01-27 00:00:40,2183.0777891247335,1180.2406870409452,389.9999999999993,0.01940226581463584,3118.067132409449,2097.707219753293,170,284,2256.5732421875,1417.563999999999,21823.5
https://www.webmd.com/,https://webmd.com,2026-01-27 00:02:19,1113.0692442585657,753.0243403439137,2367.975659656083,0.0014096651239500707,13697.390011485062,4317.237908962026,18,1550,6712.8330078125,6941.748999999944,93422.7
https://www.mayoclinic.org/,https://mayoclinic.org,2026-01-27 00:02:44,2287.0527850252374,719.0075885880894,719.4999999999998,0.0028071246108513056,3727.773493703688,3462.544948379603,29,94,2766.6201171875,1874.6079999999963,21550.7
https://www.healthline.com/,https://healthline.com,2026-01-27 00:03:13,3219.0558503739007,1513.004333387738,642.0000000000002,0.24340991403585588,6408.920068208704,3186.6495675332453,9,171,5866.45703125,2180.8279999999963,24888.6
https://www.verywellhealth.com/,https://verywellhealth.com,2026-01-27 00:04:02,1031.011928000714,895.0033133335317,883.5000000000007,0,9694.184449841734,2536.638159032714,46,765,3563.65625,3479.9549999999963,44208.9
https://www.medicalnewstoday.com/,https://medicalnewstoday.com,2026-01-27 00:05:36,1752.0024550843834,1552.0024550843834,687.4999999999995,0.10318653798458358,5270.304485218732,2340.864855478955,99,160,3675.279296875,2280.538999999998,30477.9
https://www.fitness.com/en,https://fitness.com,2026-01-27 00:05:56,2137,2137,0,2.8107533823218228e-05,2137,4082.3754342546117,470,28,6771.873046875,10.548999999999998,16128.2
https://www.menshealth.com/,https://menshealth.com,2026-01-27 00:06:42,3043.0309733412923,844.0077880221828,1825.9999999999995,0.0292829856960714,8596.118273908533,3873.2494688947127,33,330,6077.51171875,4948.315999999985,41189.9
https://www.womenshealthmag.com/,https://womenshealthmag.com,2026-01-27 00:07:25,2661.0156416134305,872.0037814889613,1103.500000000001,0.009993795156320555,7538.469321757197,3177.306254346253,34,293,5731.09375,3705.9719999999875,38342.9
https://www.shape.com/,https://shape.com,2026-01-27 00:08:08,1215.0153916332424,894.0048269542717,1401.999999999999,0,8545.504758312936,2377.054832058854,63,537,3967.67578125,4782.157999999981,39141.299999999996
https://shop.bodybuilding.com/,https://bodybuilding.com,2026-01-27 00:09:03,2021.0092518156694,671.0020308863665,1287.999999999999,0.06559079867593191,8331.069676969755,4423.111726563074,40,311,9505.810546875,3174.5959999999877,50434.3
https://smokefree.gov/,https://smokefree.gov,2026-01-27 00:09:46,1012.3734727488904,670.1028161053994,508.49999999999955,0.01495874553771687,3317.622125069526,1794.7652285189279,1,93,1636.4033203125,1102.9109999999944,18543.7
https://alcohol.org/,https://alcohol.org,2026-01-27 00:10:10,494.7018085537418,285.0034915713413,398.5000000000002,0.0056883097937732024,3224.9631156171336,1586.2048888793752,168,118,2282.490234375,1223.2459999999962,19458.5
https://psychcentral.com/,https://psychcentral.com,2026-01-27 00:10:55,3322.022984147561,822.0098354973032,415.00000000000045,0.03353899903389947,5366.00615144897,3174.220109293772,9,238,3519.7138671875,2020.8659999999904,22948.600000000002
https://www.goodreads.com/,https://goodreads.com,2026-01-27 00:11:25,3024.8078842383343,1536.5258042707446,181.50000000000045,0,6017.337976083997,5398.633284562198,1,314,3064.6259765625,1242.8059999999991,25907.6
https://bookmeter.com/,https://bookmeter.com,2026-01-27 00:11:54,2292.0402766264087,845.0187736325925,476.00000000000034,0.0001965568380189358,3336.8434045925064,1576.812187323116,43,147,4176.5,1185.8319999999999,24286
https://www.barnesandnoble.com/,https://barnesandnoble.com,2026-01-27 00:13:37,9971.028639407228,517.0036123470068,12805.737283145963,0.010219313381432425,19077.31002589874,19283.896115363532,13,153,6345.84375,16633.975000000013,98721.7
https://books.google.com/,https://books.google.com,2026-01-27 00:13:49,1294.5099647155257,791.2515069371874,0,0.05319148936170213,1294.5099647155257,826.0204194736241,266,11,367.2197265625,119.60500000000008,8673.800000000001
http://ww38.projectgutenberg.org/,https://projectgutenberg.org,2026-01-27 00:14:27,733.7772018031271,420.7772018031271,0,0,733.7772018031271,3738.5930039915493,1,22,181.5966796875,134.66700000000023,15435.199999999999
https://gutenberg.org/,https://gutenberg.org,2026-01-27 00:14:42,401,321,0,0,401,1701.9510447359085,5,35,557.42578125,1.1949999999999998,10676
https://www.overdrive.com/,https://overdrive.com,2026-01-27 00:15:05,1773.7998309284408,608.7629467598231,166.99999999999977,0.0065700422881629856,1783.360079521051,2651.7799309554825,2,83,3737.197265625,559.2449999999994,18471.600000000002
https://www.everand.com/books,https://scribd.com/books,2026-01-27 00:15:39,2423.5109585811706,1875.5212503470186,1262.5769848885448,0.00022435638439638713,5133.319427640543,3657.107364769009,350,120,3381.1025390625,3268.1229999999814,30006.4
https://www.audible.com/,https://audible.com,2026-01-27 00:16:26,3964.9805177411886,1455.1842827378582,1389.3695879819757,0,8319.0897773689,4394.843084855474,352,444,7124.345703125,3180.3509999999833,42766.1
https://librivox.org/,https://libriVox.org,2026-01-27 00:16:42,333.78602972111696,309.65502476759747,0,0,333.78602972111696,1003.1506491971952,3,18,130.6416015625,6.185,11441.8
https://phoenixcollege.edu.np/,https://phoenixcollege.edu.np/,2026-01-27 10:50:49,7776.317718730159,719.5771515873976,144,0.003291079912436134,8190.787678312359,3522.7952746992933,182,100,39563.1396484375,1313.1109999999983,22972.300000000003
https://nea.org.np/,https://nea.org.np,2026-01-27 10:51:16,5650.425980012522,1474.1342904286764,258,0.009182769537655696,7111.365079938821,5796.5934580062585,495,93,11817.8115234375,1056.8199999999938,22901.5
https://nta.gov.np/,https://nta.gov.np,2026-01-27 10:51:55,4766.560048457676,832.1980721460582,601.9999999999991,0.16262259941031154,8460.095480297452,4593.23027411004,374,87,11969.615234375,2402.961999999984,34891.1
https://tourism.gov.np/,https://tourism.gov.np,2026-01-27 10:52:46,5919.187227874467,1948.5622727761815,137,0.0043636834863266085,6402.604244894884,5896.826639824687,214,108,9029.7177734375,1058.0479999999998,25391.9
https://immigration.gov.np/,https://immigration.gov.np,2026-01-27 10:53:12,2240.880766568552,1096.0054707868378,7.5,0.07527202800148428,2264.798488945745,2918.2458819866188,137,128,7654.7744140625,374.1930000000002,22219.5
https://moha.gov.np/,https://moha.gov.np,2026-01-27 11:08:18,4606.023443148615,1427.015198262507,50.49999999999977,0.5925047137572543,4709.023843990017,3122.91981564905,347,124,7156.857421875,451.46100000000035,21484.600000000002
https://mof.gov.np/,https://mof.gov.np,2026-01-27 10:54:17,6747.138242475712,2136.0630189874505,219.5,0.04560149094082661,7616.4297852448535,6173.03690015318,149,150,20685.4501953125,1433.8189999999918,38305.3
https://mofa.gov.np/,https://mofa.gov.np,2026-01-27 10:55:28,19610.24280119082,1859.6028683912507,629.0000000000009,0.37464077466145446,20586.279931256096,9521.068769844902,156,119,35097.4150390625,2314.6079999999797,66576
https://moics.gov.np/,https://moics.gov.np,2026-01-27 10:55:58,6659.063153582538,2069.06752333458,47,0.004696759340090962,7474.961366258026,6050.072684343244,135,112,25487.46484375,691.682999999998,25877.8
https://mofe.gov.np/,https://mofe.gov.np,2026-01-27 10:56:49,12192.640984224377,1950.5601653893943,150.5,0.005641410670172922,12752.64756526176,11804.493419369748,138,135,22134.318359375,2077.4210000000103,45762.8
https://nepalpolice.gov.np/,https://nepalpolice.gov.np,2026-01-27 10:57:50,9730.293483834834,634.0128343946078,877.9999999999995,0.1001320353732703,10197.120973484614,5014.6550619205855,4,141,19578.79296875,1424.7629999999983,36138.299999999996
https://apf.gov.np/,https://apf.gov.np,2026-01-27 10:58:32,10617.150959477189,1283.119884947564,391.9868823468894,0.019076835471617926,12926.429816611831,9414.554066229033,134,189,13542.1826171875,2068.005999999998,36834.2
https://ciaa.gov.np/,https://ciaa.gov.np,2026-01-27 10:59:47,11621.952198993102,1758.646139298766,1846.427598731946,0.6597641557413998,12195.757986015939,7324.081505135936,421,132,74045.7021484375,4619.968999999986,50594.7
https://supremecourt.gov.np/web/,https://supremecourt.gov.np,2026-01-27 11:01:13,6840.53054439924,2507.8312069750073,405.5,0.07365709398944914,7885.536874137678,7841.7012187197115,2942,72,3918.5771484375,1269.0920000000046,36847.899999999994
https://ird.gov.np/,https://ird.gov.np,2026-01-27 11:02:37,4485.8310940764695,1958.0386430480894,242.50000000000045,0.0046433801874927435,6385.394097545794,5723.876488331458,151,140,16673.6669921875,1391.5449999999983,36909.1
https://customs.gov.np/,https://customs.gov.np,2026-01-27 11:03:07,4244.739971149792,1789.034862521827,107.5,0.004985569675486325,5781.726526231838,5046.995235169904,136,95,16261.66796875,870.0500000000011,24833.9
https://dri.gov.np/,https://dri.gov.np,2026-01-27 11:03:39,4120.9835897832745,1745.5859590483674,84.5,0.005117797410182048,5825.673526983539,5401.993387240649,9,98,12089.9814453125,1151.0379999999973,27517
https://dolma.gov.np/,https://dolma.gov.np,2026-01-27 11:04:23,7202.67014015481,876.0107006386676,214.5,0.0018611949024990577,7310.023992384731,8373.142384060848,545,115,10800.482421875,566.191,39315.7
https://moald.gov.np/,https://moald.gov.np,2026-01-27 11:06:06,29465.422283023636,1963.5686703564547,104,0.005137753914890832,31525.452248102632,21319.079327021394,132,121,56721.3076171875,1899.3429999999662,38000.799999999996
https://mopit.gov.np/,https://mopit.gov.np,2026-01-27 11:06:33,4124.221231342566,1864.0928939554224,56.5,0.004524874626296378,4584.4409930287275,4324.799520476456,11,98,6077.0703125,603.1270000000006,22209.6
https://moless.gov.np/,https://moless.gov.np,2026-01-27 11:07:06,15047.190616335176,2029.0773427403774,165.40356686229416,0.005616305150476796,15895.201590360452,8529.891724411405,136,118,40483.51171875,841.4779999999962,28852.899999999998
https://mowcsc.gov.np/,https://mowcsc.gov.np,2026-01-27 11:07:52,46359.62393165498,2112.0478987025544,380.0000000000009,0.013312930523058446,77729.9721229196,40423.94099004909,141,160,153385.7001953125,2842.3600000000424,42064.6
https://npc.gov.np/,https://npc.gov.np,2026-01-27 12:13:17,8768.568829756647,1905.0808563817595,43,0.005756473067522876,10412.658625641825,8892.264410232383,165,120,42626.658203125,1929.2059999999906,33693.1
https://dhm.gov.np/,https://dhm.gov.np,2026-01-27 11:09:41,5427.316882132252,803.443703224407,31.5,0.031205232754532082,9007.218856169948,7077.337667849698,6,126,12332.6220703125,561.5609999999984,45960
https://dor.gov.np/home,https://dor.gov.np,2026-01-27 11:10:13,5291.994212862948,2143.6753658545945,24.000000000000455,0.28863004260176306,5352.748995568074,6212.968492382155,5,60,7899.6787109375,383.8789999999999,27886.3
https://nast.gov.np/,https://nast.gov.np,2026-01-27 11:11:13,8343.50012355292,4381.500123552921,762,0.5608423942937691,10032.80012355292,9230.172454894704,1,96,10495.625,2990.1429999999873,33247.700000000004
https://nepsestock.com/,https://nepsestock.com,2026-01-27 11:12:09,462.7009497340907,321.0079235248302,548.9789813801118,0.004815532924758399,3062.794461351412,3605.485272858304,6,115,2272.0419921875,2177.967999999982,31462.5
https://nepalstock.com/,https://nepalstock.com,2026-01-27 11:12:32,2422.730796747136,740.8105159624367,472.0000000000002,0.24053440878796317,2500.039895378927,3050.422341036794,1,46,1966.2890625,856.2950000000009,18137.1
https://www.sharesansar.com/,https://sharesansar.com,2026-01-27 11:12:59,3244.2316010047316,1424.0008521235245,235.49999999999932,0.12886873206095772,4780.196153211285,3944.274100623291,190,89,9713.7705078125,1055.218,22722.8
https://nepsealpha.com/,https://nepsealpha.com,2026-01-27 11:13:40,2830.0709828695108,681.019717463753,1224.000000000001,0.014776154300982846,5612.692374347482,3095.174035180653,201,146,5061.1376953125,3322.4829999999783,35619.299999999996
https://bizshala.com/,https://bizshala.com,2026-01-27 11:14:14,1132.707011393781,1072.70608422386,162,0.08572769703436686,10230.766678837748,6872.356132922143,217,106,19402.0029296875,452.9630000000002,30084.3
https://forsale.godaddy.com/forsale/publicsamachar.com?utm_source=TDFS_BINNS2&utm_medium=parkedpages&utm_campaign=x_corp_tdfs-binns2_base&traffic_type=TDFS_BINNS2&traffic_id=binns2&,https://publicsamachar.com,2026-01-27 11:15:47,905.8488125604086,822.9905501912564,349.00000000000045,0,3065.8534926370935,2668.0751000501696,70,87,1378.0693359375,1010.7269999999974,48402
https://nepalisansar.com/cgi-sys/suspendedpage.cgi,https://nepalisansar.com,2026-01-27 11:15:59,509.5398,509.5398,0,0.013784168828254971,509.5398,1131.532617045865,1,5,50.814453125,0,8110.2
https://clickmandu.com/,https://clickmandu.com,2026-01-27 11:16:27,1846,1119.2042252260183,22,0.13912522686350406,3730.6500000000005,1776.172020065398,114,257,59187.173828125,384.3219999999979,23063.3
https://thulo.com.np/,https://nepbay.com,2026-01-27 11:16:51,1633.0475474059651,1073.0273757791922,199.49639792379025,0.0019194097900275863,3333.8449761463644,3886.0693962917167,140,41,2469.6689453125,1252.6789999999987,19809.8
https://muncha.com/,https://muncha.com,2026-01-27 11:17:08,1121.0005687124924,890.1966054293018,21.999999999999886,0.040837065892711806,1121.0005687124924,2078.715789235213,502,65,2403.4287109375,210.307,13564.800000000001
https://foodmandu.com/,https://foodmandu.com,2026-01-27 11:17:22,3262.9386424574013,755.1191521046082,16.5,0,4056.646823901799,2442.736908240363,4,61,5835.4658203125,238.39699999999962,10538.8
https://pathao.com/,https://pathao.com,2026-01-27 11:18:07,1441.204548837473,736.0902421341793,142.9999999999999,0.014147465082942283,3028.9964886493317,1221.2216960683475,5,105,6089.7333984375,708.3500000000006,17573.4
https://basobaas.com/,https://basobaas.com,2026-01-27 11:21:20,1238.0068626141829,399.0016855543607,2775.5,0.020458180561412746,7224.95515986084,2734.8087831040402,258,271,11415.1240234375,5257.324000000377,52555.399999999994
https://gharbazar.com/,https://gharbazar.com,2026-01-27 11:22:09,2838.696950511048,1039.167477650806,77.50000000000023,0.012358164870113647,3308.7641968114726,6165.916228588087,263,155,4630.0732421875,883.5729999999984,44311.899999999994
https://www.landnepal.com/,https://landnepal.com,2026-01-27 11:23:35,769.1942621691694,546.5,21,0.0052478652222613205,769.1942621691694,4327.962170592828,601,21,346.8583984375,24.875999999999994,21518
https://www.dot-guide.org/articles/estate-planning-101-protecting-your-legacy.html?psystem=PW&domain=nepalestate.com,https://nepalestate.com,2026-01-27 11:24:26,2039.0323466176164,1742.2279389346736,67.63714489064648,0.40147096307567964,2526.967793903815,2085.676354592041,3,72,1036.8271484375,864.6810000000003,26479.3
https://www.vianet.com.np/,https://vianet.com.np,2026-01-27 11:26:35,10347.767236255462,992.0181720653718,131,0.060852818188655525,10487.320870668536,8285.642950625188,196,133,13045.830078125,1361.4569999999967,22299.9
https://worldlink.com.np/,https://worldlink.com.np,2026-01-27 11:27:03,2172.5542459725566,1540.8210393543168,177.5,0.001210823832747913,3537.6200254882942,2579.7365767335136,671,112,3986.4970703125,962.553999999998,23571.199999999997
https://subisu.net.np/,https://subisu.net.np,2026-01-27 11:28:04,4589.485522092819,597.0517890232344,299.0000000000002,0.42310004389578315,4671.494369384289,6059.690761199131,15,107,6319.87890625,854.8750000000005,35678.1
https://websurfer.com.np/,https://websurfer.com.np,2026-01-27 11:29:12,2486,1557,17,0.004890644768014999,2498,5425.241044790467,139,84,3657.1142578125,188.3180000000001,22859.5
https://www.techminds.com.np/,https://techminds.com.np,2026-01-27 11:29:33,3110.67478,1766.6747799999998,0,0.00017017575747265478,3112.6747800000003,3495.4832513977626,3,38,1552.4990234375,6.331999999999997,16960.5
https://broadlink.com.np/,https://broadlink.com.np,2026-01-27 11:30:12,1156.5553185731524,592.2368922057183,27.999999999999886,0.008746663118030504,1156.5553185731524,1484.941098722209,4,42,1649.6220703125,197.15200000000007,14582.300000000001
https://salesberry.com.np/,https://salesberry.com.np,2026-01-27 11:31:24,239,239,0,0,239,463.5989083533486,1,1,1.8623046875,0,7079.099999999999
https://merokirana.com/,https://merokirana.com,2026-01-27 11:32:03,5591.619182828541,3647.1515001296193,459.06304839964173,0.24062693434620183,5600.321284441863,7856.74056285378,1,95,4472.158203125,1623.2519999999963,34963.2
https://smartdoko.com/,https://smartdoko.com,2026-01-27 11:32:39,3715.556077063312,800.2237192542566,836.4881048653576,0.4509460413307177,5459.973681862582,2586.0492545332236,57,174,6776.4091796875,1743.232999999993,30907.3
https://thulo.com.np/,https://thulo.com,2026-01-27 11:33:49,1350.2099788584542,918.2122926809595,1046,0.0019194097900275863,4519.669880580255,5522.130211432285,132,42,2470.16796875,2434.6419999999957,25102.8
https://www.okdam.com/,https://okdam.com,2026-01-27 11:34:11,1605.198397023323,1086.207377273161,0,0.041452952851787295,1607.6138369962623,2979.253375002263,195,62,1475.966796875,141.33200000000005,17786.4
https://choicemandu.com/,https://choicemandu.com,2026-01-27 11:34:45,1861.0140746624556,887.0060094064419,132.5000000000001,0.23496779518805394,2084.7115693022824,3370.54286020321,400,55,2740.1318359375,611.9730000000004,29712.3
https://biruwa.com/,https://biruwa.com,2026-01-27 11:35:04,1035.1716038524576,709.6169347643431,0,0.00017216837404780667,1037.1716038524576,1274.152677433266,2,37,716.78125,50.815000000000005,15484.6
https://nepalaya.com.np/,https://nepalaya.com.np,2026-01-27 11:35:25,981,281,10,0.0007205050583734234,1019,558.5788223089279,3,49,6481.51953125,101.62299999999993,16319.5
https://booksmandala.com/,https://booksmandala.com,2026-01-27 11:36:25,3897.3768465068847,926.6006123338739,564.0000000000007,7.977509515353173e-05,4391.082000927195,4847.985625180441,26,182,2996.744140625,1998.7499999999918,35576.200000000004
https://ekta.com.np/,https://ekta.com.np,2026-01-27 11:36:40,1334.5,623,0,0,1334.5,1495.5176063347503,1,8,1060.607421875,4.25,10814.800000000001
https://pu.edu.np/,https://pu.edu.np,2026-01-27 11:37:51,3381.219770588774,1046.6163801456169,0,0.0636368092787882,3383.2199037830705,3751.3962634677678,4,102,19177.259765625,377.2790000000002,25557.7
https://ku.edu.np/,https://ku.edu.np,2026-01-27 11:38:25,4560.612325620738,2311.098096225661,111,0.0009856971546002148,5134.155114546824,6292.683531894818,145,80,9893.376953125,341.938,29962
https://purbanchaluniversity.edu.np/,https://purbanchaluniversity.edu.np,2026-01-27 11:38:47,5245.61231847147,987.7316347280869,0,0.09203058730145416,5490.0526937776995,3161.627738134005,177,93,8438.0732421875,80.51600000000005,17831.7
https://kist.edu.np/,https://kist.edu.np,2026-01-27 11:39:27,4933.522861485182,1206.9418307506285,209.00000000000182,0.5014901585783728,7221.544081109514,6832.817468126665,182,122,7697.0361328125,1098.629,36579.3
https://softwarica.edu.np/,https://softwarica.edu.np,2026-01-27 11:40:09,2563.9450930789812,244.5957591053123,291,0.02087985284948918,2574.1400400677976,2586.3949131383165,2,65,1476.517578125,937.1349999999995,16393.5
https://ismt.edu.np/,https://ismt.edu.np,2026-01-27 11:40:45,1461.615263867564,882.0789689486317,1228.5000000000005,0.20880143218732383,4642.710033942223,3211.632834390051,88,120,6177.4228515625,2796.214,30788.100000000002
https://deerwalk.edu.np/,https://deerwalk.edu.np,2026-01-27 11:41:00,1251.402042903616,1058.7027881735344,22,0,1251.402042903616,2109.8328998241186,2,20,3896.5146484375,149.50400000000002,11055.300000000001
https://nss.edu.np/,https://nist.edu.np,2026-01-27 11:41:35,2169,1027,211,0.0017986113629329583,2213,2620.1586622651416,163,71,2217.818359375,392.24199999999854,30191
https://ncit.edu.np/,https://ncit.edu.np,2026-01-27 11:41:55,5275.259238019366,850.2477017662454,43.5,0.005176230310143041,6494.058355378054,2848.482015985991,4,130,9753.4462890625,1185.0929999999964,16383.5
https://www.lbef.org/,https://lbef.edu.np,2026-01-27 11:42:45,8052.463513474395,1039.5151803585977,471.5,1.30106554064621,8372.441631340662,4480.747507386078,25,166,11390.78515625,1367.8089999999995,44266.9
https://nec.edu.np/,https://nec.edu.np,2026-01-27 11:43:08,4342.890640574895,1073.2958654655263,289,0.004396192828960892,4348.903436208259,3356.247383894205,61,60,4251.9072265625,674.7279999999968,20001.8
https://ace.edu.np/,https://ace.edu.np,2026-01-27 11:43:44,3001.027211308638,2015.0153405046892,171.50000000000045,0.001887076965411691,3277.030115867051,5342.666426165646,143,127,5919.595703125,1310.1580000000006,31626.800000000003
https://web.globalcollege.edu.np/,https://globalcollege.edu.np,2026-01-27 11:44:18,631,535,0,0.0059580248795508125,631,2543.723774171769,171,15,147.802734375,6.085999999999997,10473.300000000001
https://bpkihs.edu/,https://bpkihs.edu,2026-01-27 11:45:33,942.5914018972048,942.5914018972048,0,0.0035567338952653916,942.5914018972048,1206.0240400621892,3,13,496.4990234375,361.89399999999534,9213.7
https://kusms.edu.np/,https://kusms.edu.np,2026-01-27 11:46:01,5189.973973359836,2032.188411770371,16.5,0.03120922090275036,5226.230744407834,6280.895889366035,119,117,4717.888671875,432.02099999999916,22739.9
https://kmc.edu.np/,https://kmc.edu.np,2026-01-27 11:46:21,3467.511180937958,817.9735059472247,26.499999999999886,0.2438462465897726,3661.231215209881,2119.204533100281,3,47,6114.1884765625,145.922,15666.800000000001
https://iom.edu.np/,https://iom.edu.np,2026-01-27 11:46:38,3258.2100562685673,731.3382264123228,244.5,0.7167442202782321,3277.8257920791593,2488.1676171322197,137,55,3167.6865234375,767.9949999999989,13094.699999999999
https://tuth.org.np/,https://tuth.org.np,2026-01-27 11:47:01,4017.090730514278,909.2340969248551,0,0.014790568490244833,4055.0916523751184,2635.9672133884364,216,107,4689.1640625,179.16500000000065,19720.1
https://bhaktapurmun.gov.np/,https://bhaktapurmun.gov.np,2026-01-27 12:02:11,1442,898,7.5,0.08286947126067315,1466.8000000000002,8200.1646010122,138,106,2346.267578125,153.90600000000006,39712.7
https://nhrc.gov.np/,https://nhrc.gov.np,2026-01-27 12:10:42,1336.2364097716736,1226.0140100349363,15,0.7832445583910322,1341.0435671366306,3209.3941282036913,7,71,1960.7392578125,203.69600000000008,17528.7
https://lawcommission.gov.np/,https://lawcommission.gov.np,2026-01-27 12:11:39,8120.566418116548,1926.5801050005832,126,0.008220027492230456,8422.568949213535,7452.413567022752,10,114,37221.6376953125,1197.4159999999958,32521.199999999997
https://yomari.com.np/,https://yomari.com.np,2026-01-27 12:14:48,208,208,0,0,208,514.5771166304747,2,1,1.7822265625,0,7106.7
https://sochnepal.org/,https://sochnepal.org,2026-01-27 12:15:29,676.5015980708584,596.5013317257153,689.9998331069951,0.40092962426240447,5283.600716272593,6895.394319570193,255,91,4389.224609375,2470.2539999999876,36124.8
https://samajsewa.org/404.html,https://samajsewa.org,2026-01-27 12:15:41,490,490,0,0.013667396316726498,490,1207.7400953792137,2,8,14.9853515625,0,8401.3
https://rotary.org.np/,https://rotary.org.np,2026-01-27 12:16:05,2540.426866899558,1355.5739280545808,0,4.4102399492864374e-06,2540.4268668995583,2651.6601206262158,4,144,52247.615234375,53.292000000000016,20320.100000000002
https://helpinghandsnepal.org/,https://helpinghandsnepal.org,2026-01-27 12:16:58,233,233,0,0,233,1553.00593333443,1,1,0.4609375,0,9482.800000000001
https://himalmedia.com/,https://himalmedia.com,2026-01-27 12:17:22,469.02700091738154,343.52700091738154,0,0,469.02700091738154,1642.1303693764423,2,13,40.169921875,0,20472.8
https://recordnepal.com/,https://recordnepal.com,2026-01-27 12:18:09,2614.7912982260395,689.5867499201314,320.49999999999955,0.006915305187186827,6330.988295548426,2785.5369666658316,2,244,8324.4169921875,1034.9679999999914,22723.6
https://pongalfestival.org/contact-us/,https://southasiacheck.org,2026-01-27 12:18:23,3339,2011,0,0,3339.8,2011,3,32,1839.2763671875,21.454999999999995,9806.800000000001
https://www.telegraphnepal.com/,https://telegraphnepal.com,2026-01-27 12:19:12,1271.0031683811756,986.9237964523306,164.00000000000023,0.09574546280453283,1642.0005280635294,5235.507031356629,194,73,1121.7880859375,888.3609999999991,23040.4
https://nepalpress.com/,https://nepalpress.com,2026-01-27 12:19:48,11383.429342818925,1142.3943407658305,229,0.5655474156022432,14140.444015565585,9910.205463555905,8,233,25905.9765625,1060.0049999999997,31134.5
https://ekantipur.com/,https://kantipurdaily.com,2026-01-27 12:20:21,2520.017888857552,993.0034367590031,190.5,0.12374745870718618,3518.1755687371465,1992.6458545216447,289,67,9815.28515625,762.9740000000002,28657
https://gorkhapatra.org.np/,https://gorkhapatra.org.np,2026-01-27 12:20:53,6703.524551767196,2003.0823716691766,106.5,0.005214289086517292,8440.711315902365,6761.666584433806,10,137,26429.8779296875,838.6470000000002,27353.6
https://www.nayapatrikadaily.com/,https://nayapatrika.com,2026-01-27 12:21:23,3182.3816630307956,532.7048184440318,28.000000000000227,0.19339689091047735,3182.381663030796,3774.422858549124,77,60,10685.5849609375,194.14000000000016,26101.4
https://therisingnepal.org.np/,https://therisingnepal.org.np,2026-01-27 12:22:28,620.46325347006,211.67795208203597,60,0.007949830575256106,1473.7042113517668,609.5967450952336,2,19,351.896484375,1231.4699999999996,22390.3
https://mypeoplesreview.com/,https://peoplesreview.com.np,2026-01-27 12:23:24,3470.064279753785,1152.575183786767,748.1206631449461,0.021958640117630275,10771.971535504592,7607.760957167028,6,144,18507.869140625,2596.7499999999945,49639.100000000006
https://www.hugedomains.com/domain_profile.cfm?d=nepalmagazine.com,https://nepalmagazine.com,2026-01-27 12:23:41,1184.3428923591146,924.0071311418303,279.49411515090765,0.0012340479253908946,2801.2893829667546,1666.1242669655899,3,64,1626.8037109375,1001.101999999999,13010.5
https://nepalkhabar.com/,https://nepalkhabar.com,2026-01-27 12:24:58,1333.6571468212946,953.1904622872838,1467.0000000000014,0.03488241102369349,13199.796448042713,2732.6770743474344,56,248,37093.8125,4315.176999999957,33605.6
https://www.news24nepal.com/,https://news24nepal.tv,2026-01-27 12:25:34,4155.186813067699,1887.183358248844,178.04916373166589,0.30591992593129813,4949.9032792078615,4315.28314557166,7,162,8694.771484375,1335.9069999999988,30679.2
https://www.pardafas.com/,https://pardafas.com,2026-01-27 12:25:59,15332.711555526417,1385.714369498052,85,0.31308533674400846,16110.748412397224,2356.748578416097,5,153,33741.216796875,495.6370000000005,21221.6
https://bibeksheel.org/,https://bibeksheel.org,2026-01-27 12:26:13,284,284,0.5,0,332.75,548.8102793782551,4,2,15.150390625,3.8079999999999994,9526.6
https://arthasarokar.com/,https://arthasarokar.com,2026-01-27 12:27:02,5472.96037171736,997.0035227540238,2147.4980204389644,0.644113342663053,6295.415096833946,4019.002488402859,15,120,42833.294921875,2052.3059999999987,40283.9
https://nepalipaisa.com/,https://nepalipaisa.com,2026-01-27 12:27:46,3390.333008774154,1045.1008243006113,358.4891393202063,0.18191872870047837,5978.534796705096,3889.3213851326145,5,216,16841.0302734375,621.6149999999991,39463.299999999996
https://nepalbank.com.np/,https://nepalbank.com.np,2026-01-27 12:29:27,7203.090051762496,1082.5828724385535,99.99999999999977,0.1475988490060103,8587.254269605492,6781.865456007513,9,198,17158.1552734375,1357.1950000000004,36546.8
https://www.himalayanbank.com/en/,https://himalayanbank.com,2026-01-27 12:31:03,7088.879328439734,2182.6206943755824,663.6182646712364,0.5297636844655095,7147.950018252254,6894.267157115037,182,113,8204.2177734375,1741.5569999999964,30165.3
https://www.globalimebank.com/,https://globalimebank.com,2026-01-27 12:32:05,4229.768387906199,671.0139888140562,1797.9999999999984,0.023167319836577695,5363.434232793545,6151.041922986406,253,200,7358.361328125,3263.737000000007,37531
https://nmb.com.np/individual,https://nmb.com.np,2026-01-27 12:32:41,3649.6484037175237,959.823429374997,855.989149169262,0.3241512678802173,3670.5264496510654,7016.516039572312,4741,163,2527.41796875,1487.308999999996,31892.5
https://www.prabhubank.com/,https://prabhubank.com,2026-01-27 12:37:55,3435.018238406878,1580.5120712479252,450.99999999999955,0.24621451467326272,4699.969068488217,11080.241537411384,285,74,5505.396484375,1461.450000000001,40996.1
https://www.himalayanglacier.com/,https://himalayanglacier.com,2026-01-27 12:40:01,1112.0024669829395,590,123.5,0.044350914991992896,3059.0964957583305,1610.7098967936668,525,69,8016.087890625,662.5230000000006,21231.5
https://www.basecamptrek.com/,https://basecamptrek.com,2026-01-27 12:41:09,6847.25487884372,1177.0328371516446,675.9999999999986,0.0016894839364522533,6903.257067987162,7174.983528861007,226,283,27661.0302734375,2006.164999999998,42974.9
https://www.afternic.com/forsale/elitetrek.com?utm_source=TDFS_DASLNC&utm_medium=parkedpages&utm_campaign=x_corp_tdfs-daslnc_base&traffic_type=TDFS_DASLNC&traffic_id=daslnc&,https://elitetrek.com,2026-01-27 12:41:37,906.9263325488638,824.3576544750131,619.8590568072118,0.0052339309308260685,3010.964569229235,2185.3951635987314,7,86,2855.177734375,2029.0240000000003,23891.600000000002
https://www.hugedomains.com/domain_profile.cfm?d=paradisetreks.com,https://paradisetreks.com,2026-01-27 12:41:53,1161.1457132511855,950.5360612574435,145.06487595707495,0,2629.1207007627904,1297.3519507187752,3,64,1631.115234375,745.3679999999994,12029.6
https://www.highcamptrekking.com/,https://highcamptrekking.com,2026-01-27 14:59:18,3043.6691191981226,916.0072120467125,361,0.016499140317520863,3988.0450801512598,8086.088085797852,529,86,4231.5654296875,1723.5399999999975,38989.1
https://www.himalayanwonders.com/,https://himalayanwonders.com,2026-01-27 14:59:52,2014.727038737799,960.21993562737,158.99999999999977,0.000718630328662206,3560.590168690387,4450.55054159108,193,85,2955.7451171875,634.5659999999997,29202.8
https://peakpromotion.com/,https://peakpromotion.com,2026-01-27 15:00:06,711.2287595169589,711.2287595169589,0,0.0006750701832151301,711.2287595169589,1033.9695929289742,1,11,876.4814453125,0,9294.1
https://sherpaexpeditions.com/,https://sherpaexpeditions.com,2026-01-27 15:00:20,620.4527529316711,213.6716517590026,30,0.007949830575256106,695.4925557541549,581.8851372381909,2,17,354.740234375,464.3819999999999,11008.8
https://www.afternic.com/forsale/NEPALECOTREK.COM?traffic_id=GoDaddy_DLS&traffic_type=TDFS&utm_campaign=TDFS_GoDaddy_DLS&utm_medium=sn_affiliate_click&utm_source=TDFS,https://nepalecotrek.com,2026-01-27 15:01:11,920.2018050724404,820.5025753833236,210.49961407652086,0.005236378266110704,2165.8766673124383,1825.505429896939,8,86,2867.98828125,1172.7960000000012,46873.299999999996
https://yetitravels.com/,https://yetitravels.com,2026-01-27 15:02:40,921.05881761198,521.0308092253229,174.9957987420014,0,1122.1354306091214,1910.977827095237,7,78,4343.4306640625,1185.6649999999897,65554.7
https://www.afternic.com/forsale/buddhaairlines.com?utm_source=TDFS_DASLNC&utm_medium=parkedpages&utm_campaign=x_corp_tdfs-daslnc_base&traffic_type=TDFS_DASLNC&traffic_id=daslnc&,https://buddhaairlines.com,2026-01-27 15:03:36,910.8539370884109,814.1549000378743,565.4999999999998,0.005236378266110704,3166.100359101073,2167.6871107625007,215,87,2869.9873046875,2259.447999999996,51069.5
https://summitair.com.np/,https://summitair.com.np,2026-01-27 15:06:34,6779.013538855496,1266.0015499026492,192,0.2453763359988396,6945.013917214084,5157.739503365719,375,78,15330.904296875,960.5209999999988,22911.6
https://nepalairlines.com.np/,https://nepalairlines.com.np,2026-01-27 15:08:19,5944.437025396526,1650.908503292142,909.9999999999982,0.6460053559335794,5990.478575443556,10477.140645433929,56,68,3798.69921875,1557.4550000000002,55506.9
https://nepalgunj.com/,https://nepalgunj.com,2026-01-27 15:08:33,217,217,0,0,217,495.14967217440403,1,3,10.576171875,0,8823.2
https://news.cgtn.com/,https://news.cgtn.com,2026-01-27 15:09:48,1315.1379939213311,718.1566354065665,12,0.8133544007490636,1315.1379939213311,866.3128293593213,4,82,1147.5830078125,180.66700000000003,9576.1
https://www.chinadaily.com.cn/,https://chinadaily.com.cn,2026-01-27 15:10:40,4871.5353809152475,977.0123064053037,32.99999999999977,0.035012414257459074,6508.057456006975,2718.8563981537313,5,163,11478.6767578125,196.12099999999998,24292.699999999997
https://www.scmp.com/,https://scmp.com,2026-01-27 15:12:02,2139.260490480853,1419.2409936013685,5592.4999999999945,0.0006016863333933229,17149.237369932132,7449.743513847598,151,990,9679.279296875,10818.163999999982,75818.2
https://japantimes.co.jp/,https://japantimes.co.jp,2026-01-27 15:12:24,636.463199159058,212.67791949543482,74.5,0.005309725651577503,1137.1041510665546,590.7099674387234,2,60,358.3466796875,890.2439999999999,18114.3
https://www.asahi.com/,https://asahi.com,2026-01-27 15:13:59,1313.1871696849787,813.0636229710501,2074.999999999998,0.003964683161109574,19485.925189666195,7225.337482394021,8,1249,12202.9990234375,9948.528000001435,89565.79999999999
https://www.nikkei.com/,https://nikkei.com,2026-01-27 15:14:28,975.5104498309254,722.0032655721642,153.50000000000023,0.27715355805243447,2816.3268248668637,1405.7206889195713,64,153,3294.7060546875,884.8379999999942,24313.7
https://www.hindustantimes.com/,https://hindustantimes.com,2026-01-27 15:15:33,1089.002285286235,577.0019436573396,579.4999999999986,0.00045586801610346617,7568.177376870575,2884.3800221434262,27,495,3834.869140625,2676.375999999998,41905.6
https://www.thehindu.com/,https://thehindu.com,2026-01-27 15:16:20,853.00898213133,515.003454665896,489.5,0.05269073693355044,9591.447323878458,3272.0959376947694,11,555,5584.705078125,3016.221999999995,42011.399999999994
https://indianexpress.com/,https://indianexpress.com,2026-01-27 15:18:10,961.0084127741338,692.0042915976297,4319.499999999986,0.00805264580074572,20661.560696475324,11726.324798623613,1411,1649,9446.4189453125,12649.064999999915,103824.6
https://zeenews.india.com/,https://zeenews.com,2026-01-27 15:22:27,965.0094404889023,536.0035237647471,4078.4999999999955,0.00020587387329309555,13562.141402253681,6058.214789316713,20,1121,6162.0869140625,9028.316999999974,91476.70000000001
https://www.republicworld.com/,https://republicworld.com,2026-01-27 15:23:18,2435.1143383286662,1040.0981700122206,519.2024278677682,0.06984340534979423,2890.0976813564084,1317.2138238582008,53,194,2091.2080078125,1324.8060000000003,26341.600000000002
https://www.dnaindia.com/,https://dnaindia.com,2026-01-27 15:24:04,1036,644,2125.499999999998,0.0015802414087339428,8007.605736231699,2731.2567512640207,41,457,5069.44921875,4079.315999999991,40798.6
https://www.business-standard.com/,https://business-standard.com,2026-01-27 15:24:44,4565.050938510747,592.0048579253514,2181.6178337128117,0.01160234231065161,5539.607583735995,4613.371189692209,22,258,2884.75,3818.042999999984,35085.3
https://www.livemint.com/,https://livemint.com,2026-01-27 15:26:42,866.5267962437722,534.0038166522377,3203.577921337348,0.0060269970522137594,10102.43522125459,5085.347391320918,21,644,3906.7998046875,7082.7189999999755,112009.1
https://www.firstpost.com/,https://firstpost.com,2026-01-27 15:34:06,1054.0040628174033,647.0013768070047,2015.2821456927254,0.005875538043954119,13761.796506181869,7102.027566868668,313,784,9710.73046875,7278.993999999919,73413.09999999999
https://www.thequint.com/,https://thequint.com,2026-01-27 15:35:06,993.5085619312877,953.5080571404524,1581.500000000001,0.05325351990981868,6471.1426411265475,4093.6675743379606,360,242,4684.5625,3750.4009999999867,54157.4
https://thewire.in/,https://thewire.in,2026-01-27 15:36:03,3824.726737273637,2136.180422845455,812.9999999999995,1.0488738616533302,3826.7267544147517,5334.563530079989,2,38,4665.85546875,1857.0319999999938,49822.700000000004
https://scroll.in/,https://scroll.in,2026-01-27 15:36:22,2963.141043827718,725.7149306759856,203.99999999999955,0.10535977218367668,3400.243243547927,1259.274893917813,66,93,2676.79296875,710.3260000000006,15306.5
https://www.newslaundry.com/,https://newslaundry.com,2026-01-27 15:37:18,2963.500693758533,1022.5053069571106,409.4999999999998,0.029188005537021465,3198.776588019708,1993.1768994209829,173,72,2216.40234375,1220.700999999999,52009.200000000004
https://caravanmagazine.in/,https://caravanmagazine.in,2026-01-27 15:37:43,901.027032364507,562.0304575807481,31.948740131438058,0.02105191991960802,1040.8834182199253,1437.0808583891849,3,84,2556.0205078125,252.76899999999975,20001.699999999997
https://www.dawn.com/,https://dawn.com,2026-01-27 15:38:17,1217.5115779343519,798.5045189367553,373.594941895445,0.02859337378748713,5535.547955672485,3081.473991752382,216,226,3772.2158203125,2053.1889999999994,30465.1
https://tribune.com.pk/,https://tribune.com.pk,2026-01-27 15:38:45,1512.0202832506357,765.7005859784579,475.99625818699496,0.29908736973908717,3030.527191553039,1695.5194026802867,201,129,1746.6533203125,1570.0129999999967,22843.4
https://www.thenews.com.pk/,https://thenews.com.pk,2026-01-27 15:39:04,2126.252323552581,483.88117367167445,343.5,0.03420106229460664,2385.21874947995,1387.6210788696112,5,94,2154.150390625,880.0739999999997,15345.3
https://dailytimes.com.pk/,https://dailytimes.com.pk,2026-01-27 15:39:44,1101.1388933559676,402.0381275879126,320.4999999999999,0.0046112660095272975,2589.1972510896685,6678.165619432532,6,143,5324.3857421875,1844.5229999999988,35037.4
https://www.geo.tv/,https://geo.tv,2026-01-27 20:29:51,942.0052950473677,482.00529504736767,127.99933811907908,0.3600633313665114,1377.0060231163807,1443.6829945102963,9,69,976.345703125,719.800999999999,17409.5
https://www.samaa.tv/,https://samaa.tv,2026-01-27 20:30:37,1458.6549109167483,717.4481180792271,850.3268852784793,0.9292122729089236,6364.323181877735,3421.0633100266423,7,168,5194.4189453125,2485.70399999999,40284.1
https://arynews.tv/,https://arynews.tv,2026-01-27 20:31:12,3858.9797713673133,361.18527715089033,445.00000000000034,0.0740431668253704,3872.8787591131645,2474.8916096984576,103,174,2228.6474609375,1762.186999999995,29226.2
https://www.express.com.pk/,https://express.com.pk,2026-01-27 20:31:38,1565.683268043842,805.1880037139119,80,0.12712735813439033,1629.8284096032992,2352.8960497975213,2,52,1031.544921875,523.9009999999994,22154.4
https://www.dhakatribune.com/,https://dhakatribune.com,2026-01-27 20:36:25,2677.0081931199625,1207.0069486929387,287.5,0.08038033977967417,4349.260802923708,2769.626891214772,10,175,3566.2255859375,2590.253999999997,25158.9
https://www.thedailystar.net/,https://thedailystar.net,2026-01-27 20:37:17,4664.193098142245,1075.771629978682,575.2283700213186,0.07070284484819507,4728.342480267358,3574.2464419922976,9,264,6200.423828125,2245.9499999999816,46376.1
https://newagebd.net/,https://newagebd.net,2026-01-27 20:38:03,1808.6088443293706,782.018218852453,275.4999999999998,0.13293515460592978,3041.978096399052,5236.964709077547,3602,142,5357.63671875,1183.8789999999935,41269.5
https://bdnews24.com/,https://bdnews24.com,2026-01-27 20:38:40,3025.028600588729,1915.0179466622608,692.9999999999995,0.0831849621394247,6504.564092656336,3274.3081680028563,66,198,5939.3671875,2215.931999999998,32830.5
https://www.prothomalo.com/,https://prothomalo.com,2026-01-27 20:39:18,3084.0024836918965,1196.0016194206255,1071.932369176823,0,6455.708964802103,2750.9483279417027,159,232,4125.4052734375,3715.7779999999875,33608.3
https://www.kalerkantho.com/,https://kalerkantho.com,2026-01-27 20:40:45,1552.0360238537764,631.0030688319639,737.0000000000009,0.2758291029408166,6256.167262179795,2413.8348125824564,27,570,6653.7080078125,3525.4399999999814,62053.399999999994
https://lankaweb.com/,https://lankaweb.com,2026-01-27 20:41:02,677.3887112888465,390.00699647216874,0,0,677.3887112888465,1351.7283669195015,401,14,76.80859375,22.663000000000004,11731.4
https://www.dailymirror.lk/,https://dailymirror.lk,2026-01-27 20:42:35,3116.5667368339596,1262.0442911931684,1356.5052409229088,0.02547248675262815,7119.15471683062,8287.665947923913,198,529,9760.1826171875,9536.49799999979,88729.79999999999
https://sundaytimes.lk/,https://sundaytimes.lk,2026-01-27 20:42:58,3331.4079896996254,1135.0754756547208,105.5,0,4112.692401397135,1876.7207963861085,46,136,4787.7421875,486.86000000000035,17794.6
https://island.lk/,https://island.lk,2026-01-27 20:43:32,1888.0784858968032,801.7070728258396,24.000000000000455,0.17399569573041468,3817.890575760397,4134.280872225104,46,201,4853.5185546875,847.5849999999964,30137.300000000003
https://english.newsfirst.lk/,https://newsfirst.lk,2026-01-27 20:44:01,1172.0028955844405,952.0028955844407,604.5000000000002,0.0017893566461297807,2428.5172866391113,1408.7319182231056,237,123,2261.7236328125,1052.1549999999936,23628.4
https://colombogazette.com/,https://colombogazette.com,2026-01-27 20:44:25,10993.972284346995,1343.4351283332646,10,1.0003592121132352,11790.73262649002,4004.044344510592,7,92,20061.2421875,652.2620000000001,20641.600000000002
https://economynext.com/,https://economynext.com,2026-01-27 20:44:49,4992.671878827561,1036.2049382170571,0,0.00310244190290213,4994.671955147551,1190.9258309299548,23,59,10392.1748046875,486.8139999999982,19247.8
https://adaderana.lk/,https://adaderana.lk,2026-01-27 20:46:02,6781.9263734723345,602.009183250068,3066.4999999999977,0.06515897681090127,14235.11571946098,7706.352588153705,13,523,13109.2119140625,10161.562999999936,68186.9
https://hirunews.lk/,https://hirunews.lk,2026-01-27 20:46:47,1005.7051876518203,885.7034980407807,731.4999999999998,0.057231651924456124,31327.46095399398,15845.503584874828,558,189,15039.2158203125,2980.6019999999926,40014.299999999996
https://www.straitstimes.com/global,https://straitstimes.com,2026-01-27 20:47:51,2239.032488778379,1668.7227421448656,4462.322503740538,0.22473223615114146,13480.795010828926,10513.361732691952,14,383,14572.9287109375,10410.734999999964,58321.5
https://www.channelnewsasia.com/international,https://channelnewsasia.com,2026-01-27 20:49:24,9576.049832676425,2424.013340809381,3532.4913756383776,0.07382697279846523,14526.295996719957,5733.846332822079,20,678,12021.2158203125,9214.579999999954,87446.7
https://www.todayonline.com/,https://todayonline.com,2026-01-27 20:50:23,2209.0471719116786,1180.0043416249982,1102.9999999999986,0.048882125886748666,9356.280940636934,4838.1242853721305,213,423,6143.8662109375,5220.709999999973,54306.1
https://www.businesstimes.com.sg/global?ref=home-redirect,https://businesstimes.com.sg,2026-01-27 20:51:42,7043.072224074895,3831.0381175762363,1686.4999999999973,1.0463166337741046,14265.821415529885,4878.71165085376,31,378,17479.55078125,7676.816999999967,74342.40000000001
https://www.thaipbs.or.th/home,https://thaipbs.or.th,2026-01-27 20:52:17,2954.1964880713567,1585.9018844211976,832.9999999999991,0.0026929223958934907,8373.155066214615,4024.8366133307964,583,282,9632.623046875,2571.619999999991,30650.300000000003
https://www.bangkokpost.com/,https://bangkokpost.com,2026-01-27 20:53:31,6376.055115489207,1098.9590287466726,1667.5000000000023,0.3327738545799343,9962.990384918154,6447.763771501017,93,568,14648.5556640625,6611.570999999972,68028.8
https://www.nationthailand.com/,https://nationthailand.com,2026-01-27 20:54:11,5592.030423816064,796.4985958587564,1740.0000000000045,0.24835053323620895,13213.184485838876,5421.5742232031835,16,340,11577.908203125,5165.585999999994,35693.4
https://www.khaosodenglish.com/,https://khaosodenglish.com,2026-01-27 20:54:57,3032.0394189809604,1312.0144922724126,1085.5000000000027,0.4041717277261897,8782.04194952593,4392.764800301865,32,214,8798.6552734375,4444.488999999984,41639.5
https://www.thaiexaminer.com/,https://thaiexaminer.com,2026-01-27 20:55:41,1752.1564469693974,1245.0200281417153,1265.5000000000025,0.33011505357798926,7054.531556371649,4134.407850183296,5,325,4959.107421875,4163.3419999999915,38653
https://www.pattayamail.com/,https://pattayamail.com,2026-01-27 20:56:54,3114.4892148477893,2064.3105946975306,2165.9999999999986,0.07564706351103674,10781.101027134808,3885.3564596642304,12,515,6074.349609375,6235.712000000009,67325.3
https://www.thejakartapost.com/,https://thejakartapost.com,2026-01-27 20:57:42,2477.3377942231896,671.0213914559886,634.4068418955469,0.004679556085038452,4421.647372194529,2866.913881983757,47,182,5157.7421875,2204.480999999995,23335
https://www.tempo.co/,https://tempo.co,2026-01-27 20:57:57,895.4263133996046,442.6557880397628,76,0.005298106995884773,939.6263133996047,848.2346953570476,1,19,339.095703125,476.65600000000023,11106.4
https://www.kompas.com/,https://kompas.com,2026-01-27 20:59:01,2328.4430865370186,1199.48732903948,4095.624885052637,0.008864129018740917,11349.806144780327,4495.50019667494,14,572,8926.6484375,9246.695999999927,58482.7
https://www.detik.com/,https://detik.com,2026-01-27 21:00:06,2977.2928246860583,1308.1067878430522,1600.500000000001,0.0013392848349078354,11543.586447925183,2826.0512529595317,116,575,6833.828125,6620.45900000021,59699.7
https://tribunnews.com/,https://tribunnews.com,2026-01-27 21:00:40,1783.7029760879936,757.7050541277828,906.5,7.493938368337688e-05,6414.9314052167865,4726.600661714226,73,337,5071.7841796875,2657.5679999999893,28832.899999999998
https://www.liputan6.com/,https://liputan6.com,2026-01-27 21:01:20,2147.069290667269,1166.2042595032713,967.4999999999982,0.09975386373058062,8191.5512590372755,2537.1035047866344,92,372,5829.7548828125,3478.9949999999985,36452.9
https://www.cnnindonesia.com/,https://cnnindonesia.com,2026-01-27 21:02:43,1412.0157251744185,992.0117959100361,1150.5000000000027,0.0017230171585064452,13235.647717612888,3005.9513138778248,10,1175,6145.78125,3675.402999999987,77012.90000000001
https://www.antaranews.com/,https://antaranews.com,2026-01-27 21:03:32,2111.8634223484687,1066.7017635600491,1186.500000000001,0.02537627500199219,3419.560263877426,3009.7233653584976,112,96,2533.2412109375,1757.2069999999976,43996.1
https://www.rappler.com/,https://rappler.com,2026-01-27 21:04:08,1521.5170827036918,851.0066636611444,578.5000000000016,0.09737849204153426,6363.608019945309,3024.8415868725433,28,372,5024.5,2250.116999999996,31607.1
https://www.inquirer.net/,https://inquirer.net,2026-01-27 21:04:24,1898.0544250378464,1169.1109890847051,28.000000000000114,0.08993061804468058,1930.0168999473494,1169.1109890847051,10,55,1459.40625,193.38200000000006,11709.699999999999
https://www.abs-cbn.com/,https://abscbn.com,2026-01-27 21:05:37,1296.0289812163342,645.0111788750734,2585.9932953470375,0.027084346216762874,7970.829731288306,4000.730683386474,6,607,4348.388671875,5394.285999999984,47605.600000000006
https://www.gmanetwork.com/,https://gmanetwork.com,2026-01-27 21:06:10,3422.7004799217134,1146.7106405273714,915.5000000000007,1.0000261407411704,6710.927804597737,3996.3539198925955,145,228,7234.1640625,4213.473999999984,28484.3
https://manilabulletin.com/,https://manilabulletin.com,2026-01-27 21:06:22,204,204,0,0,204,479.0853670086861,1,3,10.5810546875,0,8388.1
https://www.sunstar.com.ph/,https://sunstar.com.ph,2026-01-27 21:06:39,1515.507213999824,1155.5054211033541,0,0.01321344802158311,1523.507253841968,1155.5054211033541,16,32,1681.0068359375,20.826999999999998,12833.099999999999
https://www.manilatimes.net/,https://manilatimes.net,2026-01-27 21:07:33,860.9684840027347,440.18109040164086,754.5000000000001,0.008886771298485245,3934.6684840027356,700.6422432876025,2,18,353.0361328125,3497.3009999999967,49772.2
https://vietnamnews.vn/,https://vietnamnews.vn,2026-01-27 21:07:52,2312.045334417413,732.0130693815966,0,0.061144549881319156,2338.045865361041,1334.27266984196,4,37,6783.23046875,176.93600000000046,13920.1
https://vnexpress.net/,https://vnexpress.net,2026-01-27 21:08:36,3173.0197989899043,898.7624069443148,959.0000000000014,0.27151799915034863,10065.520632683445,3174.3730412147565,58,274,8316.095703125,2998.781999999993,39390.4
https://news.tuoitre.vn/,https://tuoitrenews.vn,2026-01-27 21:09:12,4545.04745704004,1206.2255241729192,1026.694916931488,0.014981870319284734,6263.398640592294,2003.081327665807,38,275,6098.1318359375,3757.5649999999946,30669.300000000003
https://dantri.com.vn/,https://dantri.com.vn,2026-01-27 21:10:07,1879.0429191067105,492.00057249447366,815.824423049041,0.001052680458893273,6029.289588927312,3538.1092919057037,141,223,4893.375,2778.416,30835.1
https://vietnamnet.vn/,https://vietnamnet.vn,2026-01-27 21:10:54,6687.654958076185,482.0097956779332,1069.9999999999998,0.046624432225675354,6711.65551882289,3572.48491011423,6,204,9923.73828125,3103.553999999994,40010.1
https://www.phnompenhpost.com/,https://phnompenhpost.com,2026-01-27 21:11:37,6056.6955656036625,1142.9692322351648,225.00000000000023,0.20168361744806798,6068.369451419341,1769.3112625670747,3,82,9070.8671875,695.907,16116.6
https://www.khmertimeskh.com/,https://khmertimeskh.com,2026-01-27 21:12:23,2171.075874756475,1329.008158575965,950.98437187433,0.05988042743233043,6563.816849711496,3615.7121173521905,11,202,6389.2890625,3733.355999999995,40201.6
https://www.rfa.org/english/,https://rfa.org,2026-01-27 21:12:50,1464.029937256215,1100.872412657027,684.4999999999998,0.030598210520378095,4503.658156465351,2430.3389498257475,7,83,2968.884765625,1786.9529999999982,23257.7
https://khmer.voanews.com/z/8027?utm_medium=referral&utm_campaign=redirect&utm_source=voacambodia,https://voacambodia.com,2026-01-27 21:13:13,1225.799649153578,889.3434671316381,10.5,2.3843555733435048e-05,2091.867541458179,2567.95261128594,52,67,605.818359375,246.21600000000012,18039.3
https://www.irrawaddy.com/,https://irrawaddy.com,2026-01-27 22:14:39,2771.0751923848566,643.0042343625198,407.0000000000002,0.7963965256195713,2779.071007706855,3579.9946036466436,207,146,1669.587890625,1215.787999999996,34291.799999999996
https://www.frontiermyanmar.net/en/,https://frontiermyanmar.net,2026-01-27 22:14:59,1374.8932290031485,1096.0896648286878,6,0.0023021016044073523,1909.4824206608653,1802.0650075527074,287,105,2415.873046875,232.38600000000025,15533.3
https://www.dcnepal.com/,https://dcnepal.com,2026-01-27 22:16:20,24056.82214867066,1442.2071484975613,4.5,0.37428301149382065,26118.98041617525,2306.7526024330145,8,178,57863.6748046875,359.36700000000013,23002
http://www.filmykhabar.com/,https://filmykhabar.com,2026-01-27 22:16:40,3328.0754003874245,701.7975244874915,0,0.03983031908178368,3328.0754003874245,2748.662651533219,4,70,2534.888671875,82.37000000000012,15764.9
https://xnepali.com/,https://xnepali.com,2026-01-27 22:18:11,465.57162804913935,465.57162804913935,0,0,465.5716280491394,1054.1941664480726,1,6,88.1474609375,0,7646.3
https://mysansar.com/,https://mysansar.com,2026-01-27 22:18:32,1042.0481506311746,759.7036760699692,27,0.0006132144017921658,1895.3272860890497,1046.9652082517964,6,56,1574.9013671875,272.0909999999999,16242.7
https://www.ashesh.com.np/,https://ashesh.com.np,2026-01-27 22:18:57,1032.019951022975,919.3149391577067,157.9527527756211,0.4495502971796252,3837.3263210386863,1624.8214716283414,5,209,2691.2587890625,960.9120000000005,20821.899999999998
http://ww25.peoplesreview.com/?subid1=20260128-0334-1853-bb30-b74221414626,https://peoplesreview.com,2026-01-27 22:19:32,1608.5434243111808,1249.6385464183445,0,0.01587962962962963,1608.5434243111808,2076.362772398434,1,19,201.4013671875,0,11383.300000000001
https://sclatam.com/,https://avenuesnepal.com,2026-01-27 22:20:00,7804.620824748341,2446.000966804664,447,0.01764708059277558,7814.657468575365,4723.788692726723,583,84,7173.68359375,737.7689999999976,23386.699999999997
https://swasthyakhabar.com/,https://swasthyakhabar.com,2026-01-27 22:21:01,1420.7144132725807,1380.712994736505,61.99966395059823,0.1527499177381966,2326.018477626493,2311.726421161213,197,221,11578.205078125,596.1900000000004,36079.7
https://shikshasansar.com/,https://shikshasansar.com,2026-01-27 22:21:12,444.3187902257947,215.4877876128974,0,0.010436354084581035,444.3187902257947,397.8138665825479,1,11,321.5888671875,0,7088
https://www.afternic.com/forsale/khetibaadi.com?utm_source=TDFS_DASLNC&utm_medium=parkedpages&utm_campaign=x_corp_tdfs-daslnc_base&traffic_type=TDFS_DASLNC&traffic_id=daslnc&,https://khetibaadi.com,2026-01-27 22:22:23,1147.6233531781493,816.2258260925294,373.60041215239676,0,2341.6612512009265,2266.379338265113,197,69,1155.060546875,1213.9400000000019,46613.1
https://pahilo.com/,https://pahilo.com,2026-01-27 22:23:25,2125.6177251646914,599.4209179272826,123,0,2147.7882788110555,2799.6477290723446,3,68,4088.662109375,496.29499999999985,17721.399999999998
https://goalnepal.com/,https://goalnepal.com,2026-01-27 22:24:30,14752.697304521636,1184.731318107738,432.5,0.19162480031460197,15384.772423321194,4534.171599093158,183,253,26309.8427734375,2229.4819999999977,38426
https://noc.org.np/,https://noc.org.np,2026-01-27 22:27:28,11859.75035429843,871.9046896770164,379.0000000000002,0.14397048778930627,12696.268444968626,3213.6936333016,8,243,53806.962890625,1566.1539999999964,51673.9
https://nrna.org/,https://nrna.org,2026-01-27 22:29:19,24875.374190088107,1016.0151649306983,1775.999999999989,0.7723786755916806,27369.92650108623,13190.199019905609,48,274,35227.5068359375,7225.0049999999665,46588.4
https://nrnusa.org/,https://nrnusa.org,2026-01-27 22:30:30,427,219,0,0,427,281.917902317365,1,7,20.810546875,0,6423.8
https://www.hugedomains.com/domain_profile.cfm?d=nepalportal.com,https://nepalportal.com,2026-01-27 22:31:08,1058.614597121351,953.8098240099756,113.490546769498,0.008801119088827228,2563.5899699330794,1574.9597466711712,3,64,1631.94140625,670.0859999999989,13531.2
https://www.hugedomains.com/domain_profile.cfm?d=nepworld.com,https://nepworld.com,2026-01-27 22:31:27,1163.0696854912362,955.5322380742483,198.55035304191028,0.0005133912516120328,2512.222020815697,1546.7163412277393,9,64,1631.74609375,896.7149999999986,14574.6
https://nepalinformation.com/,https://nepalinformation.com,2026-01-27 22:31:42,458.04438749999997,458.04438749999997,0,0,458.04438749999997,2868.237507226982,3,4,9.2802734375,0,11177.1
https://visitnepal2020.com/,https://visitnepal2020.com,2026-01-27 22:32:08,1055.212535699785,927.3691302469829,11.5,0.000433137606201667,1473.7740607976193,1992.9464215491407,3,58,1953.234375,295.2779999999999,21776.899999999998
https://openingparliament.org/organizations,https://welcomenepal.com,2026-01-27 22:32:22,1056.0037405458318,965.704290063086,0,0.05961402135091116,1056.0037405458318,965.704290063086,11,16,9611.8955078125,3.527,10272
https://nepaltourism.com/lander,https://nepaltourism.com,2026-01-27 22:32:47,1373.9070082130254,845.3977013735492,8,0,1373.9070082130254,1296.0035878579388,2,24,384.111328125,186.77600000000007,21042.3
https://himalayantrekking.com/,https://himalayantrekking.com,2026-01-27 22:33:34,1510.4431891713434,883.0388533030415,737.4999999999998,0.005529025545703539,4421.899774720888,1467.424046834191,14,98,2940.6689453125,2239.3769999999945,21318.6
https://annapurnatrekking.com/,https://annapurnatrekking.com,2026-01-27 22:34:16,5101,1013,145.5,0.0001047933299966006,10565.500000000002,5866.403558252945,216,185,22209.3671875,981.8009999999981,37989.1
https://www.dot-map.org/articles/open-source-mapping-tools-and-gis.html?psystem=PW&domain=solukhumbu.com,https://solukhumbu.com,2026-01-27 22:36:50,1423.0634959374224,1403.0631856757877,75.34473114833918,0.30778189885163265,2313.227836350059,2210.9087150809155,2,72,1047.3857421875,420.69800000000004,17698.9
https://uppermustang.com/,https://uppermustang.com,2026-01-27 22:37:08,901.5191145349914,711.2000332399969,0,0.0008466088215095702,903.3025057911582,3193.2323538999767,44,38,713.4384765625,2.4279999999999995,13933.699999999999
https://www.hugedomains.com/domain_profile.cfm?d=arunvalley.com,https://arunvalley.com,2026-01-27 22:37:46,1163.3048522472968,933.4501947235245,193.09634015292772,0,2661.086743079076,1886.2553171522716,7,64,1614.623046875,850.5699999999993,14338.3
https://www.magicalnepal.com/trip/around-kanchenjunga-circuit-trek/,https://kanchenjungatrek.com,2026-01-27 22:40:17,1078.5647969389288,969.1985806633572,5,0.0018139492730958454,1173.85,1896.4609306587997,431,261,1382.9423828125,393.8559999999923,22242
https://dolpo.com.np/,https://dolpo.com.np,2026-01-27 22:41:03,5693.132770962358,1001.0217591028647,7,0.07124935645527958,5872.137060603063,2569.978929638629,47,124,8821.9384765625,559.1240000000005,22031.100000000002
https://shuklaphanta.gov.np/404.html,https://shuklaphanta.gov.np,2026-01-27 22:41:34,245,245,0,0,245,922.0495750159024,1,2,1.11328125,0,7355.400000000001
https://www.hugedomains.com/domain_profile.cfm?d=naturenepal.com,https://naturenepal.com,2026-01-27 22:45:34,1138.6161909472771,950.4475156097267,145,0.0003015355835088998,2616.693105153765,1535.2340330481366,5,64,1610.4765625,747.9759999999987,13107.8
https://birdlifenepal.org/,https://birdlifenepal.org,2026-01-27 22:46:14,2871.757512306531,533.3541147874445,45.99999999999977,0.0210072179975843,2871.7575123065317,1523.850120908548,2,53,8105.634765625,178.7779999999999,16404.2
https://conservationnepal.org/,https://conservationnepal.org,2026-01-27 22:47:27,602.5285494499143,268.52687563340703,35,0.038003339717296955,1168.5314666729698,836.175749413541,2,55,521.2626953125,214.30999999999986,47435.2
https://www.wwfnepal.org/,https://wwfnepal.org,2026-01-27 22:47:53,3459.0376264941315,1486.7159640496347,422.5,0.059943155267770096,4709.985630111924,3762.542158750589,5,76,7942.0869140625,1224.1199999999988,21604.7
https://nepaltrust.org/,https://nepaltrust.org,2026-01-27 22:48:17,2749.0090265967456,552.0032284874842,190.49999999999977,0.021460178730462732,2781.009168263819,4389.846431172561,425,52,13327.0263671875,830.3969999999996,19961.5
https://www.dot-tech.org/articles/eight-emerging-tech-infrastructure-trends.html?psystem=PW&domain=tigernet.org,https://tigernet.org,2026-01-27 22:49:20,1427.3559874267685,1387.3549116447384,22,0.3690100393815793,2332.7831219147265,2021.1181867585553,3,73,1048.625,613.5680000000002,17678.1
https://mountaininstitute.org/,https://mountaininstitute.org,2026-01-27 22:50:53,742.9932437011561,742.9932437011561,0,0.012850386714531712,742.9932437011561,1514.3202262092138,2,7,116.982421875,0,8649.4
https://www.icimod.org/,https://icimod.org,2026-01-27 22:51:24,2911.103591108298,1231.036655315244,117,0.29710096368563305,3028.0285180140186,5812.480751936842,144,98,7287.7841796875,1173.258999999996,26332.8
https://pahar.org/,https://pahar.org,2026-01-27 22:51:46,1287,911.8595929301902,66,0.0028531660572204895,1287.5,2351.707425421117,5,74,2690.3232421875,170.31399999999988,17888.2
https://www.searchhounds.com/articles/emerging-markets-where-to-invest-in-2025.html?psystem=PW&domain=electricnepal.com,https://electricnepal.com,2026-01-27 22:55:35,1828.9614913095725,1466.132954329086,141.4497741977366,0.33227165382487167,2487.902289246899,1709.4923255807457,2,69,1035.7265625,717.7199999999999,19023.600000000002
https://microhydro.org.np/,https://microhydro.org.np,2026-01-27 22:57:13,1138.5142714951435,494.00548903659364,0,0.2554238264934043,1140.0642714951434,3041.8862297622622,8,38,1168.4619140625,107.19200000000004,13612.5
https://nepaltech.org/,https://nepaltech.org,2026-01-27 22:59:18,2016,454,16,0.05970109670093234,2042.7000000000003,2633.504300120415,189,92,2602.470703125,215.53599999999938,20942.899999999998
https://nepalit.com/,https://nepalit.com,2026-01-27 23:00:50,773.9322335192651,773.9322335192651,0,0.0019487963692613023,773.9322335192651,1262.4061415401864,26,5,85.310546875,0,8017.900000000001
https://cloudnepal.com/,https://cloudnepal.com,2026-01-27 23:02:22,203,203,0,0,203,597.5766333421071,1,1,0.33984375,0,7105
https://cybersecurity.com.np/,https://cybersecurity.com.np,2026-01-27 23:02:56,2210.0177612176085,850.408922545943,1605,0.01452852749805034,4934.128768827661,3077.8747869361923,4,47,3274.4267578125,2667.1409999999946,29551
https://ainepal.org/,https://ainepal.org,2026-01-27 23:03:34,561,400,0,0.9372993864052913,561,2829.835258220251,6,24,305.5380859375,10.7,13489
https://digitalmarketing.com.np/,https://digitalmarketing.com.np,2026-01-27 23:05:17,2158.7584336493073,2118.758214040843,0,0.10839620089996277,2158.7584336493073,3237.599373543595,399,16,1344.9306640625,146.139,15380.4
https://www.contentnepal.com/,https://contentnepal.com,2026-01-27 23:05:57,820.0841175550846,556.0280391850282,234.5,0,2750.1261135121226,3791.583943608126,213,42,2057.408203125,1040.728999999997,16495.4
https://designnepal.com/,https://designnepal.com,2026-01-27 23:06:33,861.9793597528601,730.2482691017549,36.999999999999886,0,964.9793597528601,1422.753588346814,2,23,469.802734375,146.78,10925.3
https://photographynepal.com/,https://photographynepal.com,2026-01-27 23:07:25,1657.8244371563856,687.8038070260643,0,0,1658.3744371563857,1863.46534799359,1,22,2810.6708984375,58.513000000000105,8523.7
https://www.dot-guide.org/articles/family-trees-and-ancestry-research-made-simple.html?psystem=PW&domain=archivesnepal.org,https://archivesnepal.org,2026-01-27 23:09:50,1944.2490595774534,1417.9752300782159,196,0.2879205386047741,2436.8216241580894,2183.5588634974383,3,72,1091.373046875,1001.8140000000001,18439.9
https://www.hugedomains.com/domain_profile.cfm?d=nepaliculture.com,https://nepaliculture.com,2026-01-27 23:14:05,1127.1281148440512,922.0543445400755,186.5,0,2773.5058042645715,1355.6301520015913,3,64,1630.6640625,788.0259999999989,11728.6
https://www.reddit.com/r/AskReddit/,https://reddit.com/r/AskReddit,2026-01-28 13:17:10,1726.5240858387142,1130.3872778015846,692.5,0.06983082709038994,4537.574158579982,2547.3448864934935,343,79,2598.99609375,2371.6109999999935,31765.1
https://medium.com/@username,https://medium.com/@username,2026-01-28 13:19:25,1547.3129987370228,1176.2354931661616,471.0000000000002,0.0002751998682020413,2824.9970360190746,1229.0579897769783,4,54,2176.5,1594.802999999988,12371.6
https://substack.com/home,https://substack.com,2026-01-28 13:19:56,3939.0086437756295,2022.0073852626374,614.5,0.00025691811319791027,4901.267051301444,3723.080752082222,186,173,4669.5693359375,1685.8229999999794,26498
https://www.patreon.com/,https://patreon.com,2026-01-28 13:20:29,8623.2011936231,752.0108221508755,958.5,0.00035650418897248626,18497.438493876838,5546.373599145298,28,80,49035.8701171875,2633.4649999999046,27558
https://ko-fi.com/,https://ko-fi.com,2026-01-28 13:20:56,4548.5120073647195,676.8961384221082,657.5,0.06267565972847114,5122.493832816931,1649.575991590589,3,82,8004.0693359375,1443.9979999999982,22700.300000000003
https://www.gofundme.com/,https://gofundme.com,2026-01-28 13:21:31,4936.008434902094,671,1284.3847906198375,0.0017183349882692056,8559.470419497191,4526.686876335093,52,249,6849.802734375,3332.564999999973,30954.7
https://www.kickstarter.com/,https://kickstarter.com,2026-01-28 13:22:17,4521.897209088146,1360.5100316134553,1965.543459950915,0.053566818073153236,7026.22175515859,5762.529513500844,603,328,12344.5576171875,2802.2299999999973,41631
https://www.indiegogo.com/en,https://indiegogo.com,2026-01-28 13:22:55,4205.617596737465,2041.6079558020415,288.50032960463045,0.3893847554291298,4239.617736819433,2718.6272966779043,3,97,5691.57421875,1407.843999999997,33847.3
https://www.crowdfunder.co.uk/,https://crowdfunder.co.uk,2026-01-28 13:23:33,2435.549172052681,883.436545358985,238.49999999999977,0.0009599526037707468,2466.582366095603,3012.489361605272,3,44,2070.0986328125,463.56099999999986,34278.4
https://fundrazr.com/,https://fundrazr.com,2026-01-28 13:24:09,3817.1973740937874,573.5080094269298,747.0412936098567,0.05330490320639721,5537.922527376506,3283.1048561008765,199,127,4652.7607421875,2814.2329999999824,32000.8
https://donorbox.org/,https://donorbox.org,2026-01-28 13:24:41,1389.2525339070448,361.05702378546164,385.0000000000002,0,3056.4576596033985,1130.9662994950131,6,130,2165.8310546875,1017.9869999999994,27044.300000000003
https://justgiving.com/,https://justgiving.com,2026-01-28 13:25:04,2279.08189422935,1094.2011376767684,196.46202995054318,0.0004091100526386004,2436.034541492102,2572.251176512416,1,70,1926.5400390625,906.5429999999992,19564.2
https://www.gofundme.com/c/crowdrise,https://crowdrise.com,2026-01-28 13:25:34,3226.4051339832786,1369.0187743115523,640.5,0.0005987152989344077,6904.023545380626,4073.453498148313,188,193,5263.9560546875,2439.506999999996,26593.300000000003
https://www.dot-photos.org/articles/wildlife-photography-safari-tips.html?psystem=PW&domain=razoo.com,https://razoo.com,2026-01-28 13:25:53,2249.8851980838767,1617.3070075367682,38,0.3206632806887637,2355.1422332204293,2096.410510009348,3,71,1117.6845703125,511.95200000000017,14834.5
https://www.causes.com/,https://causes.com,2026-01-28 13:26:58,3176.6708608075983,914.8009797041639,531,1.7226843379138512,6145.73416850106,3928.214892165044,6,170,7383.8818359375,5462.525999999974,61317.5
https://www.change.org/,https://change.org,2026-01-28 13:27:34,1140.0154842628667,839.5033980894267,1296.000000000001,0.001654834397476499,6749.110008405115,2930.750149207054,163,114,4504.6796875,3347.515999999975,31688.6
https://secure.avaaz.org/page/en/,https://avaaz.org,2026-01-28 13:27:56,1927.0279119004006,955.7231000925523,391.9999999999993,0.24853925342992547,3292.6113041938825,1437.5749481980479,5,136,2182.2431640625,1400.4729999999984,17870.5
https://www.care2.com/,https://care2.com,2026-01-28 13:28:18,1275.5558075404997,1126.3043945929082,85,0.02405342625261036,1739.8472085850312,2097.351646961056,145,144,5836.1083984375,497.33499999999896,17557.3
https://front.moveon.org/,https://moveon.org,2026-01-28 13:28:48,3655.176351526061,1451.8698895878715,260.5,0.020988668466512858,4700.893351256069,3670.6276616331124,7,117,4698.8447265625,3156.838999999999,25626
https://350.org/?r=TW&c=AS,https://350.org,2026-01-28 13:29:17,4174.737246183589,1345.281039149037,569.5,0.4767358075483997,5207.78757532609,4346.4989105479735,319,192,5590.83203125,3313.4559999999874,24892.7
https://www.greenpeace.org/global/,https://greenpeace.org,2026-01-28 13:29:33,1006.3957658559382,690.7915317118765,121.5,0.009922517971126216,2236.3957658559384,1260.685922413237,1,29,854.7119140625,454.8179999999993,12493.3
https://www.unicef.org/,https://unicef.org,2026-01-28 13:30:59,2839.395198399957,676.704006442978,666.4860147080694,0.42812060234181637,5202.515436444879,1583.306041102384,11,144,3155.2255859375,1494.268999999995,21775.7
https://www.redcross.org/,https://redcross.org,2026-01-28 13:31:36,1547.2187400525804,1364.0326245479919,835.9778530746285,0.08582125226415821,6132.572499261134,2341.81790593242,116,237,3802.0078125,2682.7560000000003,31839.5
https://www.doctorswithoutborders.org/,https://doctorswithoutborders.org,2026-01-28 13:32:29,2551.80017904127,1244.955007352385,293.0000000000009,0.0013244560722716016,4715.669231575684,2607.758755824517,16,192,2623.9951171875,1344.788999999997,49960.399999999994
https://www.savethechildren.org/,https://savethechildren.org,2026-01-28 13:32:55,3057.8485608619385,1551.125895229737,383.49999999999955,0.017060496001740595,3878.704326273675,2339.1178843325106,5,100,2701.380859375,1342.3659999999986,21810.8
https://www.amnesty.org/en/,https://amnesty.org,2026-01-28 13:33:13,2107.4205094733916,1079.1630258609125,99.49999999999989,0.07599930295712716,2489.2765103039465,1794.9938195639388,8,54,2893.2119140625,461.8010000000001,14200.5
https://www.hrw.org/,https://hrw.org,2026-01-28 13:33:39,1457.0233700551462,631.007790018382,463.0000000000002,0,3068.028920443244,1222.7995735955967,18,56,2079.369140625,1199.7419999999931,20692.7
https://www.aclu.org/,https://aclu.org,2026-01-28 13:34:07,2633.666962851795,969.0532641833424,328.99999999999955,0,5002.351606747052,2557.8640481145526,10,123,3869.408203125,1445.7160000000003,23902.6
https://www.eff.org/,https://eff.org,2026-01-28 13:34:26,1731,1311,0,0.0005220062075764128,1733,1774.257030218158,5,46,2191.728515625,64.816,15425.2
https://www.mozillafoundation.org/en/,https://mozilla.org/foundation,2026-01-28 13:34:46,4612.194075042631,1043.0998661342157,146,1.3508131914271702,4612.194075042631,2416.2357773453905,4,95,6947.7998046875,611.4010000000005,16275.6
https://www.wikimedia.org/,https://wikimedia.org,2026-01-28 13:35:00,511,446,0,7.976641676985766e-05,511,960.2550058927227,3,21,232.767578125,5.744,9872.4
https://archive.ph/,https://archive.today,2026-01-28 13:35:54,1387.2014984279701,1178.0026542077821,383,0.02064931625332069,2165.9980737003134,2643.1111373879176,656,124,3795.6337890625,1262.1359999999988,49607.7
https://perma.cc/,https://perma.cc,2026-01-28 13:36:17,408.7569378697408,375.2569378697408,109.49537475350616,0.0011206013625091513,1074.5397771198473,1326.9281985180453,2,30,1251.9345703125,270.3619999999999,18215.4
https://bitly.com/,https://bit.ly,2026-01-28 13:36:47,4426.560398363103,1920.337123404186,326.18485821309207,0.13879064684414624,4448.410466458205,2400.7388041090758,412,129,3958.0703125,1156.6759999999995,26297.100000000002
https://tinyurl.com/,https://tinyurl.com,2026-01-28 13:37:13,5728.517156277176,4523.024826992252,451.99232928492256,0.0024618573842223874,6401.212553848129,4523.024826992252,2,51,6350.8818359375,2919.6899999999964,22540.6
https://t.co/,https://t.co,2026-01-28 13:37:24,208.5,208.5,0,0,208.5,244.75140410967668,2,2,4.228515625,0,6653.9
https://goo.gl/,https://goo.gl,2026-01-28 13:37:34,236,236,0,0,236,567.6560000658035,1,2,7.90625,0,7018.4
https://www.hootsuite.com/pages/owly,https://ow.ly,2026-01-28 13:38:23,2474.689203260331,1164.669176030865,3662.761169245126,0.14911413771125798,8130.045533260902,5759.023291605601,22,185,3737.0029296875,6243.521999999973,41847.8
https://buffer.com/,https://buff.ly,2026-01-28 13:38:43,1403.781117119137,789.2618793355248,257.86621259483286,0.020750483880342615,2729.581465632231,1201.5455384030677,18,67,1267.07421875,827.8270000000002,16447.6
https://is.gd/,https://is.gd,2026-01-28 13:38:56,640.9630820213374,211.17784921280247,57,0.004361166272655634,640.9630820213374,474.0685412448627,2,17,321.7587890625,384.39400000000063,8958
https://tiny.cc/,https://tiny.cc,2026-01-28 13:39:11,679.925493078114,679.925493078114,1.5,0.1474247780404518,2464.4000755531933,866.9858145091698,1,216,498.822265625,128.3040000000001,11932.5
https://short.link/,https://short.link,2026-01-28 13:39:21,241,209,0,0,241,556.4454888488849,1,7,17.3310546875,0,6689.099999999999
https://www.rebrandly.com/,https://rebrand.ly,2026-01-28 13:40:12,4014.376523314456,1522.7216042664281,814.196235668026,0,7086.867358282879,6370.781032758654,7,200,4093.9013671875,9155.335,46972.4
https://short.io/,https://short.io,2026-01-28 13:41:17,4101.004146917929,455.0002888400547,545,0.023428992604607915,4139.0041861176505,1143.1564900343183,11,99,3764.49609375,1327.430000000001,23315.300000000003
https://tinyurl.com/,https://tiny.one,2026-01-28 13:41:42,4778.571060306001,3532.9732039870373,295.81500576725875,0.0024618573842223874,5488.630588152098,3532.9732039870373,3,52,6353.0830078125,1719.5499999999927,21030.7
https://zap.link/invitation,https://zap.link,2026-01-28 13:41:55,715.8938131045836,715.8938131045836,0,0.015453638035198319,715.8938131045836,1294.824926092443,2,11,277.7041015625,0,9235.8
https://vo.la/,https://vo.la,2026-01-28 13:42:32,1409,766,0,0.010030835422759175,1415,1293.2884109141028,68,22,903.5341796875,70.22900000000003,12077.800000000001
https://clicky.me/,https://clicky.me,2026-01-28 13:42:46,487.279695,314.85282499999994,0,0.029885187145043113,487.27969500000006,1115.7571953005267,1,13,87.6171875,0,10097
https://www.dot-consulting.org/articles/privacy-focused-search-tools-and-techniques.html?psystem=PW&domain=1url.com,https://1url.com,2026-01-28 13:43:05,2131.837529796585,1561.1862111525174,4,0.32519550358848,2292.826024658183,1891.5819181404586,2,75,1090.1103515625,408.91100000000006,14785.699999999999
https://www.afternic.com/forsale/x.co,https://x.co,2026-01-28 13:43:59,954.0742884651438,954.0742884651438,510.0000000000002,0.006417927865090941,2975.5163913846227,2780.418763827018,215,88,2865.345703125,2214.789999999997,49819.299999999996
https://yourls.org/,https://yourls.org,2026-01-28 13:44:13,681,241,70,0,681,419.63334751528845,3,37,289.1220703125,236.26299999999844,9285
https://winna.com/polr,https://polr.me,2026-01-28 13:44:42,3755.258346283872,1742.2977531609538,395.00000000000045,0.20294109753962,6484.456787687369,2512.9607801430147,1,223,5872.9453125,2218.741000000014,25415.5
https://kutt.it/,https://kutt.it,2026-01-28 13:44:56,449.26433,281,0,0,449.26433,882.0674084928178,2,10,128.1328125,1.9649999999999999,9720.2
https://discord.com/,https://discord.gg,2026-01-28 13:45:43,2192.01667829117,1272.0166782911701,1137.5012475806057,0.0006995199604068904,4345.119957645906,2203.397509771193,5,121,12560.7451171875,2049.010999999995,33488.9
https://invite.gg/,https://invite.gg,2026-01-28 13:45:54,241,212,0,0.0005994221171526136,241,332.6165695759455,2,7,17.017578125,0,7217.7
https://discord.com/,https://discordapp.com,2026-01-28 13:46:24,2254.003809593709,1272.0038095937086,592.4996141300776,0.0027581394043961903,4009.654234050624,1979.886142743574,4,121,12560.2001953125,1418.2419999999956,25856.800000000003
https://www.guilded.gg/,https://guilded.gg,2026-01-28 13:46:47,5996,539,2985,0,5996,747.9100545416673,2,29,4050.5498046875,2900.084,19408.3
https://teamspeak.com/en/,https://teamspeak.com,2026-01-28 13:47:10,1422.5024846806764,841.433568388958,260.3121471017696,0.005288599336667678,3740.5526520511485,2581.0150879404664,5,78,3202.61328125,1226.1130000000012,19007.899999999998
https://www.mumble.info/,https://mumble.info,2026-01-28 13:47:24,556,476,0,0,556,2233.3554891531066,3,9,124.4033203125,0,10628.8
https://www.fandom.com/,https://curse.com,2026-01-28 13:51:02,1517.6290957533467,831.0897735707637,133.00000000000023,0.11228203509657872,4035.398728637434,1754.9975164013654,4,288,4741.5458984375,1529.6519999999978,22778
https://www.twitch.tv/directory,https://twitch.tv/directory,2026-01-28 13:51:38,4992.8385362880035,857.0120183098186,2436.499999999999,0.40119345107149107,6700.3180198024165,4326.929434748921,53,230,4533.6240234375,6020.1859999999515,31607.6
https://www.facebook.com/gaming/,https://mixer.com/browse,2026-01-28 13:52:33,4245.045218519141,2227.0452185191407,757.0000000000002,0,4271.945218519141,4246.237392973304,818,110,5769.4404296875,2400.9039999999354,49943.100000000006
https://dlive.tv/,https://dlive.tv,2026-01-28 13:54:18,8364.243190301728,1014.4514555816102,621.5000000000023,0.022479693036219828,8486.867399047698,5449.384831020778,2,540,9522.6904296875,1956.375999999995,30721.6
https://trovo.live/,https://trovo.live,2026-01-28 13:55:02,4959.298430232226,732.2269604813323,1339.0000000000036,0.024286840031520884,5323.802941347614,4628.247029488492,4,338,5182.02734375,3701.179999999993,39457.6
https://streamlabs.com/,https://streamlabs.com,2026-01-28 13:55:51,5291.085767770911,844.7074612743477,1127.0052104374954,0.6243332916520737,6374.204661555995,3385.187589673241,3,115,35560.2939453125,2905.282999999975,25065.2
https://forsale.godaddy.com/forsale/obs.live?utm_source=TDFS_BINNS2&utm_medium=parkedpages&utm_campaign=x_corp_tdfs-binns2_base&traffic_type=TDFS_BINNS2&traffic_id=binns2&,https://obs.live,2026-01-28 13:56:45,903.123637438578,821.3247686932725,399.49999999999955,0,3262.304068223064,2689.776609904334,15,94,1538.4052734375,1172.7569999999976,49303.9
https://www.xsplit.com/,https://xsplit.com,2026-01-28 13:57:21,1793.3989327348124,1032.376925464647,211.99999999999977,0.0023912554919546837,3043.468919048854,4204.090967042083,69,324,3221.1513671875,1728.8459999999986,29340.300000000003
https://streamelements.com/,https://streamelements.com,2026-01-28 13:57:43,2580.035950991018,738.0418645284124,381.5000000000002,0.3027145851930843,2652.3434674580167,2019.2869233497863,2,104,8422.0498046875,921.8069999999946,18444.5
https://nightbot.tv/,https://nightbot.tv,2026-01-28 13:58:01,1332.7862525,940.9859000000001,320.8003524999999,0,1498.7048072500002,1654.2047113247827,1,20,1980.54296875,975.816999999998,12875.400000000001
https://moo.bot/,https://moobot.tv,2026-01-28 13:58:14,1742.4760567757587,899.5435011248487,29,0,1742.476056775759,911.935082590209,2,27,1631.9248046875,164.3090000000001,9494.6
https://wizebot.tv/en/index,https://wizebot.tv,2026-01-28 13:58:45,1422.6229530695623,763.8217047289086,0.5,0.39125198475706574,1831.632132975838,4461.4389967471,2,91,3920.103515625,714.367999999998,27008.8
http://ww12.phantombot.tv/?usid=104&utid=661578eabe5c0160f22241c7fdb798a8,https://phantombot.tv,2026-01-28 13:59:07,716.4934876492534,647.1882847388054,0,0.1,716.4934876492534,1138.810398019914,1,13,57.0126953125,129.41400000000021,18883.1
https://www.boldcontenthub.com/essential-features-for-forum-and-chat-providers-in-live-streaming/?cmp=cid-98137&dark=true&ra=organic&rp=botisimo.com,https://botisimo.com,2026-01-28 13:59:31,1645.9647119023089,1127.2595122561256,6,0.014646424349881795,1662.5429596153135,1483.479754682641,4,60,704.0693359375,453.84400000000016,19658.3
https://deepbot.tv/,https://deepbot.tv,2026-01-28 14:03:58,1740.9387066072882,882.4030224665994,129,0.03916566560758689,1740.9387066072882,1673.3387542452047,2,32,1814.037109375,472.5179999999988,17005.1
https://streamlabs.com/cloudbot,https://ankhbot.com,2026-01-28 14:04:23,4317.528824690853,995.7245869381708,1288.5000000000005,0.6419227738376675,5593.834395598481,3456.7192907265035,2,82,4014.2744140625,2451.855999999983,21272.7
https://www.muxy.io/,https://muxy.io,2026-01-28 14:06:07,1684.5836489924359,1081.993187080181,22.5,0.00041996631630972876,2912.0793343647497,1909.053168280037,37,219,25222.96484375,544.4560000000013,18193.5
http://ww1.streamhub.gg/?usid=106&utid=076d3e8ccf6930a8fde1725d396104c1,https://streamhub.gg,2026-01-28 14:06:24,590.13167,288.4486175,0,0,590.13167,885.2485596898534,5,7,29.529296875,0,11532.900000000001
https://www.pretzel.rocks/,https://pretzel.rocks,2026-01-28 14:09:36,4157.604588922812,2295.5572663510443,1709,0.0286426628937521,5390.852511279019,4167.975035600762,1,110,7304.2138671875,3056.869999999994,26623.6
https://www.monstercat.com/,https://monstercat.com,2026-01-28 14:10:03,3881.2071589699276,1246.6202915109254,656.0000000000009,0.0015205962698337434,4521.529152395756,2515.1606501358456,186,146,9371.919921875,2314.674999999999,22664.4
https://www.epidemicsound.com/,https://epidemicsound.com,2026-01-28 14:10:29,2117.004079878414,551.0048958540973,52.5,0,2390.0499248069195,1296.3209235464801,50,76,2464.908203125,880.9939999999987,21562
https://artlist.io/,https://artlist.io,2026-01-28 14:11:24,11003.001488341022,607.0028410134228,3190.499999999999,0.0008584559761689235,11653.837442182868,6817.116208377482,47,339,12078.435546875,7039.886999999979,48604.1
https://splice.com/,https://splice.com,2026-01-28 14:28:23,1891.0058741062694,841.0029047561196,415.5000000000002,0.0009650586638648105,3835.443386873133,2279.8247825143017,445,224,4281.5830078125,1471.8089999999975,28078.5
https://www.loopmasters.com/,https://loopmasters.com,2026-01-28 14:29:00,2568.0191025608838,631.0121191027392,716.9831146158322,0.009813378606424613,3496.3034747572287,2421.9799939309005,18,184,3492.5458984375,1487.0879999999984,31301.8
https://www.native-instruments.com/en/,https://native-instruments.com,2026-01-28 14:29:36,1713.0255598056083,1006.5074456788193,1228.0000000000002,0.03789552702469988,3685.9436039860684,3129.8347527838364,9,68,1849.7919921875,3175.725999999993,30353.7
https://www.ableton.com/,https://ableton.com,2026-01-28 14:29:58,1254.0053015288415,894.0053015288415,4.5,8.899943681442901e-05,1769.0056201932737,2747.020649035389,241,44,957.529296875,229.59700000000015,16816.6
https://www.steinberg.net/,https://steinberg.net,2026-01-28 14:30:37,5798.411483020105,586.0492264692773,1038.0000000000005,0.0018689198260514257,6129.900127034942,6030.921740518162,136,105,8988.3212890625,2239.6529999999816,29891.6
https://www.image-line.com/,https://image-line.com,2026-01-28 14:31:56,1325.4713519722977,645.4650616842605,4768.499999999998,0.31501941241499,22884.595803296426,4140.215457693289,13,70,7164.3251953125,5754.3509999999615,73369
https://www.presonus.com/,https://presonus.com,2026-01-28 14:33:07,6802.469788096699,1911.0076600265693,2921.492155461373,0.1736049658372886,12119.319380173118,10733.54926144268,21,613,20033.681640625,8546.118999999988,65991.2
https://www.avid.com/,https://avid.com,2026-01-28 14:33:34,3234.538001870284,631.0087627883869,650.7947878740347,0.04521719593276752,3639.6288424568183,2685.7168210690897,9,93,15960.5224609375,1419.0939999999982,22367
https://www.reaper.fm/,https://reaper.fm,2026-01-28 14:33:58,919.0001317830016,919.0001317830016,0,0.06168564396106588,919.0001317830017,3668.0236107427186,1,24,1046.140625,2.291,17183.699999999997
https://lmms.io/,https://lmms.io,2026-01-28 14:34:16,2538.584723008653,2058.5020919634826,710.772545712874,0.012410271781433262,3147.3742116300127,2642.8776330718106,1,41,2805.2958984375,1287.2469999999996,13530.7
https://www.bandlab.com/,https://bandlab.com,2026-01-28 14:35:29,3488.68728975477,1640.339793287921,679.1539715490148,9.95767005324148e-05,4466.622476780194,2790.732228815128,1,170,4465.568359375,2576.9219999999896,24262.3
https://www.soundtrap.com/musicmakers,https://soundtrap.com,2026-01-28 14:35:57,1613.478220041688,742.779768776055,481.5000000000007,0,4416.478951510792,1591.1761563062878,43,139,8844.490234375,1479.5439999999983,22123.100000000002
https://www.cakewalk.com/,https://cakewalk.com,2026-01-28 14:36:16,1302.529454613199,773.5069308931558,200,0.012531579131154191,2949.8763257603323,1214.6730110893923,11,77,4964.66796875,885.6469999999999,14317.9
https://www.steinberg.net/cubase/,https://cubase.com,2026-01-28 15:05:03,3924.0869144413673,552.0089901755653,916.320597628473,0.019900548650787043,5753.824418722952,6860.63989889024,37,99,5347.8955078125,2838.18799999997,27351.6
https://reason.com/,https://reason.com,2026-01-28 15:06:44,3459.615720058604,1735.5909195964903,2122.000000000002,0.004231048745845126,13748.46415959247,3613.3993716497653,11,1231,7009.34375,6114.708999999982,74648.90000000001
https://www.bitwig.com/,https://bitwig.com,2026-01-28 15:07:17,5482.7667846293325,1326.9754428866227,125.99999999999977,0.0042914032610145755,6036.165590493149,4653.117550142852,3,102,5929.6220703125,1735.4619999999968,28661.399999999998
https://renoise.com/,https://renoise.com,2026-01-28 15:07:40,4374.5538148057,845.1946799262778,268.4999999999999,0.0012681365451922845,5213.324099127049,3066.2293446807944,3,91,4438.5234375,1516.6689999999983,17834.3
https://jeskola.net/,https://jeskola.net,2026-01-28 15:07:54,336,336,0,6.78317718822053e-05,336,1190.2189430906772,1,6,103.9736328125,0,9232.1
https://milkytracker.org/,https://milkytracker.org,2026-01-28 15:08:11,472.5728363102651,428.36723896677825,229.99999999999977,0,2009.5720432333892,1581.6527062783475,3,38,1179.6162109375,652.803,12996
https://schismtracker.org/,https://schismtracker.org,2026-01-28 15:08:22,208,208,0,0,208,1004.9568666825691,1,3,5.267578125,0,7112.7
https://famitracker.com/,https://famitracker.com,2026-01-28 15:08:57,449.638425,237.638425,0,0.0015365349851055772,449.638425,1192.1745339450356,3,12,45.0205078125,0,10716
https://www.deflemask.com/,https://deflemask.com,2026-01-28 15:09:24,2515.0571040856285,1139.7758592304458,397.5,0.14887099946486923,4643.7032138446175,3879.443426795784,4,149,4733.1181640625,1345.5879999999966,22199.4
https://littlesounddj.com/lsd/index.php,https://littlesounddj.com,2026-01-28 15:11:21,602.4822399999999,420.98223999999993,0,0,602.48224,1831.9958364770346,53,7,16.8681640625,0,10236.199999999999
https://nanoloop.com/,https://nanoloop.com,2026-01-28 15:11:35,208,208,0,0.00031299068966523656,208,1464.9551241209606,1,3,8.7412109375,0,9644.1
https://lgpt.org/,https://lgpt.org,2026-01-28 15:11:54,981.3863864619526,756.8649773464645,0,0.00012283521035811223,983.3863864619527,1524.2786410099625,2,34,631.6259765625,56.247000000000014,14929
https://piggy.com/,https://piggy.com,2026-01-28 15:12:19,1282.4127797863841,1020.714939893192,47,0.44747205365081244,1282.4127797863841,2900.4224593342306,1,28,4101.95703125,385.1109999999988,18070.5
https://www.hugedomains.com/domain_profile.cfm?d=nitrotracker.com,https://nitrotracker.com,2026-01-28 15:12:36,1646.2556435297147,1234.359244181535,585.9800592925988,0.00979922876481496,2799.778458545826,1741.9588280561647,1,41,2087.9423828125,1601.7219999999984,12770.800000000001
https://www.korg.com/us/microgranny/,https://korg.com/microgranny,2026-01-28 15:12:47,975.1116620986614,704.6116620986614,0,0.0026182120654933893,975.1116620986616,809.8952221714194,1,9,30.3564453125,0,7549.3
https://polyend.com/,https://polyend.com,2026-01-28 20:41:26,4161.036766230612,795.0014418129653,7.999999999999886,0.5160053268621461,4233.037415046447,2805.6320900412074,10,144,12250.3056640625,393.6740000000006,19956.399999999998
https://www.elektron.se/,https://elektron.se,2026-01-28 20:41:58,1827.5469428337321,918.0208634816589,1172.5000000000002,0.0010286266598976952,4234.565862883668,4436.6738688870455,322,134,1985.431640625,890.8769999999998,28947.7
https://www.arturia.com/,https://arturia.com,2026-01-28 20:42:53,1260.4587683707239,797.1321689845095,168.50000000000023,0.010559522215984501,3473.001166760283,5060.478198262544,552,96,2874.3876953125,1087.0749999999994,49982.4
https://www.moog.com/,https://moog.com,2026-01-28 20:43:52,1256.2884411089653,911.9390158017521,225.89939116409846,0.0071419744340014855,2831.9338054837685,3446.8012725800772,183,88,10980.0,945.8269999999995,22601.399999999998
https://www.behringer.com/,https://behringer.com,2026-01-28 20:44:11,2111.4894105336634,673.3729980735295,181.5,0.4822539199894466,2143.9638902621655,1652.4276251788597,166,37,1657.9345703125,664.8410000000002,14264.800000000001
https://www.boss.info/global/,https://boss.info,2026-01-28 20:44:40,3584.4111370777973,1142.8298424358654,658.9999999999991,0.691481268427763,7928.061809743422,3412.957742113881,131,212,7855.7890625,2174.2549999999987,24305.5
https://www.timhealyphoto.com/,https://tc-electronic.com,2026-01-28 20:44:59,1358.893050632808,753,0,0,1358.893050632808,1155.3559175470446,373,90,713.2626953125,322.58099999999996,14300.5
https://eventide.com/,https://eventide.com,2026-01-28 20:45:16,3997.7701398565478,1033.3255871232316,92,0.015214086332195079,3997.7701398565478,2282.898094854422,1,13,3773.53125,251.0820000000001,12362.7
https://www.strymon.net/,https://strymon.net,2026-01-28 20:45:43,4798.699396384851,625.0124622740532,328.7977742770845,0.077501683289147,5341.003093140955,3687.360462894069,16,150,12934.767578125,1085.5389999999998,21506
https://www.walrusaudio.com/,https://walrusaudio.com,2026-01-28 20:46:32,3029.0434200544596,998.9335663884017,849.5,0.0010762056558515339,5283.892145687207,2722.201190440185,8,242,3914.0009765625,2184.4119999999994,23228.7
https://jhstc.com/,https://jhs.com,2026-01-28 20:48:19,3332,791,0,0.10558205128965617,3334,5943.836883311321,51,73,4737.67578125,132.70000000000007,49133.2
https://www.mxr.com/,https://mxr.com,2026-01-28 20:48:50,687.3616967082133,491.4822622776178,0,0.0003839806059014097,687.3616967082133,921.0694246206949,1,5,60.2900390625,0,7888
https://catalinbread.com/,https://catalinbread.com,2026-01-28 20:50:22,6215.5,1017.9999999999999,2898.5,0.005193724122040851,12639.691625128293,4204.72293089821,22,197,14463.9921875,7229.293999999996,66983.5
https://cooperfx.com/,https://cooperfx.com,2026-01-28 20:50:36,903.2827374999999,743.2827374999999,0,3.433397542538598e-05,903.2827374999999,1229.456604191869,2,16,342.18359375,56.19900000000001,9161.6
https://www.red-panda.com/,https://red-panda.com,2026-01-28 20:51:47,2001.9309877704243,813.7019878318827,71,0.002694471659857404,2032.237186333984,5376.702378807694,278,46,2102.3505859375,517.5380000000005,25883.6
https://www.meris.us/,https://meris.us,2026-01-28 20:52:06,1382.2264974355417,884.2277966766043,0,0.002900662045232128,1382.2264974355417,1938.7089351828947,8,65,1457.0498046875,87.42300000000002,14644.3
https://shop.pedalparts.co.uk/,https://fuzzdog.co.uk,2026-01-28 20:53:16,2820.6162276462464,1106.7758001888617,930.5,0.3252085384468912,2926.5054682659447,3966.35899612699,3,49,2148.615234375,1641.324999999999,23197
https://www.pedalpcb.com/,https://pedalpcb.com,2026-01-28 20:53:37,812.0174010522173,625.0097445892418,322.9888633265798,0.2742167457592455,3114.1120692250147,1832.1922412742074,5,106,2317.34375,1339.7379999999944,16636.3
https://madbeanpedals.com/,https://madbeanpedals.com,2026-01-28 20:54:14,862.5,345.5,0,0.000489252168950896,862.5,1145.3598913149142,2,27,1861.1171875,9.538,12091
https://buildyourownclone.com/password,https://buildyourownclone.com,2026-01-28 20:54:32,1033.995297038375,538.1796804719886,0,0,1033.995297038375,1240.374741117821,10,118,1425.1884765625,99.03700000000003,13572.4
https://generalguitargadgets.com/,https://generalguitargadgets.com,2026-01-28 20:54:48,1958.9191373008393,601.5177425615615,282.46865747400557,0.0044150187444990914,2832.742652392797,1611.4651532613907,165,37,2134.65625,1383.4479999999958,12560.5
https://tonepad.com/,https://tonepad.com,2026-01-28 20:55:01,234,234,0,0,234,908.0231416622797,3,1,3.716796875,2.131,8361.6
https://gaussmarkov.com/,https://gaussmarkov.com,2026-01-28 20:55:26,5596.881559713955,299.02475311267045,0,0.00013573018486633522,5606.190527338462,1376.0284724248477,5,40,19468.7802734375,87.92499999999998,20546.600000000002
https://www.sabrotone.com/,https://sabrotone.com,2026-01-28 20:55:47,1763.1687608127552,1047.2150039240787,0,0.0033012421364431205,1763.1687608127554,4427.34896221899,274,43,1881.267578125,66.98999999999995,17120
https://tagboardeffects.blogspot.com/,https://tagboardeffects.blogspot.com,2026-01-28 20:56:20,806.0354008780996,518.0277238650859,1302.5000000000002,0,6521.074737756169,2484.314020822142,30,130,4606.2685546875,3421.7469999999907,27694
https://effectslayouts.blogspot.com/,https://effectslayouts.blogspot.com,2026-01-28 20:56:56,1973.05304740971,542.6190401233382,1447.080272479223,0.04483612354737966,9056.46778911266,3636.228778500099,29,130,7722.041015625,4400.7649999999785,31652.399999999998
https://freestompboxes.org/,https://freestompboxes.org,2026-01-28 20:57:14,641.4526969521296,211.67161817127771,90.5,0.007949830575256106,862.9924936168638,605.6514494065784,1,20,358.0,641.6070000000002,13382.4
https://diystompboxes.com/,https://diystompboxes.com,2026-01-28 20:58:14,656.4632100069774,214.67792600418645,962.5000000000005,0.007949830575256106,4241.804163107746,597.9157706020092,1,19,356.6845703125,3937.8720000000026,55486.799999999996
http://www.muzique.com/,https://muzique.com,2026-01-28 20:58:44,835.6498937242909,455.484100991886,28.5,0.21129450538906216,1854.5728965904605,1784.6468191367223,2,80,747.3271484375,383.42900000000014,25400.899999999998
https://beavisaudio.com/,https://beavisaudio.com,2026-01-28 20:59:25,1494.4556825,397.2854625,0,0.06318170524353522,1498.9313917499999,2584.3744489972996,1,15,1210.7705078125,0,17160.2
https://runoffgroove.com/,https://runoffgroove.com,2026-01-28 20:59:37,241,215,0,0,241,711.4135788964429,1,3,14.923828125,0,8580.4
https://www.dot-shopping.org/articles/whats-trending-now-from-ai-to-sneaker-drops.html?psystem=PW&domain=diyguitarist.com,https://diyguitarist.com,2026-01-28 20:59:56,2318.103468943249,1633.7692273304401,39.5,0.3919331210419202,2378.443020838099,2042.5174768471468,2,72,1063.08984375,591.1800000000002,14981.8
https://stinkfoot.se/,https://stinkfoot.se,2026-01-28 21:00:35,1180.328658006801,727.4237695933308,0,0.018538264506878354,1181.8890666965854,2919.642925050913,273,46,434.3203125,75.58000000000007,14318
https://home-wrecker.com/,https://home-wrecker.com,2026-01-28 21:00:48,281,206,0,0,281,738.1161885031064,1,2,32.8994140625,0,8658.6
https://ampgarage.com/forum/,https://ampgarage.com,2026-01-28 21:01:03,813.784238557281,780.7842385572809,3,2.933220875292449e-06,1172.5212035572808,1760.2789406619681,1,31,340.873046875,63.41700000000003,10389.7
https://aikenamps.com/,https://aikenamps.com,2026-01-28 21:01:39,1581,589,0,0.14314581475447705,1591,2162.814960764026,2,37,1624.048828125,100.5770000000004,12011.4
https://ax84.com/,https://ax84.com,2026-01-28 21:01:51,480,303,0,0.009552098765432098,480,1102.0247347648442,1,2,18.802734375,0,8931.699999999999
https://ejjurich.com/?i=1,https://diytubeamps.com,2026-01-28 21:02:17,553,513,0,0,553,1430.9772415975729,2,5,184.140625,0,21377
https://el34world.com/,https://el34world.com,2026-01-28 21:02:34,741.2367063035686,222.23670630356855,17,0.015386267927104028,741.2367063035686,1890.6279661132028,2,27,384.7841796875,423.771999999999,12276.300000000001
https://triodeelectronics.com/,https://triodeelectronics.com,2026-01-28 21:03:08,503.148079917531,412.148079917531,0,0,503.14807991753105,1032.866792596727,1,37,97.6240234375,4.881999999999999,10476.6
https://www.tedweber.com/,https://webervst.com,2026-01-28 21:03:48,2346.0190985144136,1102.0059417600396,455.0000000000009,0.03920936180173719,4098.551013569165,5881.621497750661,156,146,3004.876953125,1779.437999999998,35535
https://generalinteresttopics.com/?d=classictone.net&pkAId=2143526812,https://classictone.net,2026-01-28 21:04:10,512.781405,360.49262999999996,0,0,512.781405,3452.442174162288,1,3,3.451171875,0,18944.8
https://www.amplifiedparts.com/,https://tubesandmore.com,2026-01-28 21:04:25,886.7874039682958,671.1811059524439,5,0.007949830575256106,1016.7604377381772,1385.5775585038355,2,55,367.0302734375,391.98200000000065,10852.199999999999
https://angelainstruments.com/,https://angela.com,2026-01-28 21:04:51,1061.0030838877128,523.0009345114281,0,0.0010862846869360745,1063.0030932328273,1471.1834930753967,10,89,1517.4033203125,151.73100000000017,21804.2
https://www.amplifiedparts.com/,https://antique-electronic-supply.com,2026-01-28 21:05:26,1063.6811030094889,782.6811030094889,101,0.007949830575256106,2032.3354339123357,4921.544720064935,2,23,358.2607421875,1350.4059999999995,30518
https://justradios.com/,https://justradios.com,2026-01-28 21:05:40,228,228,0,0.0011683912919035284,228,654.8834712849457,3,29,347.5771484375,2.6529999999999996,9989
https://www.newark.com/,https://newark.com,2026-01-28 21:06:36,1467,976.9999999999999,5360,0.11086142322097378,10984.355642157127,4432.801584221605,383,179,4357.3173828125,8482.363999999954,50886.3
https://www.jameco.com/,https://jameco.com,2026-01-28 21:07:00,1144.0661700841997,915.2134816849525,391.1438865240236,0.053789146545541476,3524.5852162388755,1308.963839528015,13,119,2101.630859375,1203.1180000000002,19290.8
https://allelectronics.com/,https://allelectronics.com,2026-01-28 21:07:19,824.5218500000001,441.3044125,78,0.010084707857236669,977.6523125,2598.9009397205455,2,17,1077.0009765625,120.58300000000014,14866.9
https://www.surplussales.com/,https://surplussales.com,2026-01-28 21:07:38,1268.2185522723953,1052.798897105686,20.5,0.0013799040812449656,1340.9685522723955,1551.1564877234339,22,73,3623.6943359375,183.0600000000001,14891.699999999999
https://electronicplus.com/,https://electronicplus.com,2026-01-28 21:08:14,648.3265849999999,235.94485250000002,0,0.011363109582444032,648.326585,1681.541030442734,2,37,84.6005859375,2.0829999999999993,11750
https://partsconnexion.com/,https://partsconnexion.com,2026-01-28 21:09:01,6048.528146489677,726.6060982982107,155,0.046224612869611055,6110.528412269707,4736.754162081084,166,88,6584.322265625,791.4429999999987,22850.3
https://www.mouser.de/,https://mouser.de,2026-01-28 21:09:29,1883.0123821816037,816.0074293089622,471.99999999999955,0.07729957999100455,3609.6193570141036,3739.6381104640423,10,163,2529.7333984375,1464.7969999999966,24094.6
https://www.mouser.fr/,https://mouser.fr,2026-01-28 21:09:59,3175.7268619463894,967.7646003776525,997.5000000000005,0.07730659259522896,4108.033278391286,3299.4857715098606,11,155,2625.4970703125,2411.5949999999975,26304.6
https://www.mouser.it/,https://mouser.it,2026-01-28 21:10:34,1922.5336895767216,783.7075786161116,988.9999999999986,0.07727764147687133,3859.9395630847134,3811.834618272917,178,161,2350.23828125,2497.417999999992,30698.6
https://www.mouser.es/,https://mouser.es,2026-01-28 21:11:07,1619.519612456384,957.3626996278064,802.0000000000002,0.07728793520784294,3885.736767464494,3864.456072179633,187,162,2651.21875,2200.143999999996,27938.100000000002
https://www.mouser.co.uk/,https://mouser.co.uk,2026-01-28 21:11:40,1457.01676380291,824.0111758686064,1127.9999999999993,0.07787843779724304,3978.770782403741,3396.7715986076337,9,164,2568.19140625,2622.5639999999935,29183.8
https://www.mouser.se/,https://mouser.se,2026-01-28 21:12:10,2795.023133178923,954.7628377716587,898.9999999999995,0.05955172648312249,3703.0915378126624,3329.773748970964,9,167,2581.583984375,2110.535,25690.2
https://www.mouser.dk/,https://mouser.dk,2026-01-28 21:12:42,1467.5230733308704,754.7059497884902,1113.9999999999995,0.07233341552052285,4386.529478896308,3487.271991952063,7,162,2632.3759765625,2532.6309999999967,27284.6
https://www.mouser.fi/,https://mouser.fi,2026-01-28 21:13:34,1955.9160127086184,1032.5160049274307,803.9999999999995,0.07728407505872859,3639.268032348164,3320.5243620357123,9,158,2498.1083984375,2360.320999999997,27684.9
https://www.mouser.at/,https://mouser.at,2026-01-28 21:14:01,2368.359268302146,962.4938373978719,472.5000000000007,0.07771756098117849,3379.4642150081104,3245.350260205049,7,166,2578.9814453125,1623.8709999999987,22375.600000000002
https://www.mouser.ch/,https://mouser.ch,2026-01-28 21:14:42,1456.0120296431105,776.0077838867184,1295.000000000001,0.07729957999100455,4246.338872462553,3904.8745949499516,182,165,2595.0322265625,2794.451999999991,37004.4
https://www.mouser.be/,https://mouser.be,2026-01-28 21:16:02,1401.01824785612,783.7026975153055,361.4999999999998,0.0723358969730044,3468.289745077887,3399.771207045781,10,158,2475.1884765625,1562.4079999999992,23575.3
https://www.mouser.ie/,https://mouser.ie,2026-01-28 21:16:30,1273.8728618474913,818.0229154985825,632.9999999999991,0.07787843779724304,3048.5828563027926,3152.8232487352398,174,159,2513.90234375,1724.0129999999951,24555.600000000002
https://mauser.pt/,https://mouser.pt,2026-01-28 21:17:18,2289.5588251425743,1000.5,552.9959035694094,0.011275272765963415,4478.5,4864.457786493975,618,172,3425.1591796875,1775.109999999998,42154.3
https://www.mouser.pl/,https://mouser.pl,2026-01-28 21:17:52,2814.9100484360933,1018.0141179472447,566.0000000000002,0.07729115199877155,4146.6942611079885,3582.300486976388,10,160,2614.30078125,1695.8420000000008,28472.3
https://mouser.cz/,https://mouser.cz,2026-01-28 21:18:05,701.1397725817017,701.1397725817017,0,0.005383946614663776,701.1397725817017,1732.5314034026915,1,8,116.703125,0,9676
https://www.mouser.bg/,https://mouser.bg,2026-01-28 21:19:14,1399.5210010228573,864.0103023885714,565.9984150171423,0.07787843779724304,3826.857503512978,3428.7386592622643,10,163,2428.8828125,1972.3329999999978,23360.7
https://www.mouser.sk/,https://mouser.sk,2026-01-28 21:20:37,2032.0261943321864,754.7064930947329,1462.999999999996,0.07233341552052285,7648.866377433605,4131.36620429759,7,272,4013.5087890625,3989.655999999983,37580.4
https://www.mouser.lt/,https://mouser.lt,2026-01-28 21:21:07,3318.3988001075186,976.518072181746,463.0000000000009,0.06282538632082833,3814.992344899068,4328.355427136568,178,142,1974.2666015625,1419.5010000000016,26197.899999999998
https://www.mouser.ee/,https://mouser.ee,2026-01-28 21:22:00,2103.0291124569967,886.015012369732,1231.4316158117285,0.07787843779724304,4507.588380059115,4176.535137938723,175,166,2655.4931640625,2831.135999999994,28447.899999999998
https://forsale.dynadot.com/forsale/mouser.ng?drefid=2071,https://mouser.ng,2026-01-28 21:25:35,873.4632196253738,442.67793177522424,55,0.001771669731196918,899.1132196253739,817.296541566842,1,17,336.5888671875,386.80200000000036,9608.7
https://www.mouser.jp/,https://mouser.jp,2026-01-28 21:27:23,1591.0266600951413,783.7040321768802,288.00000000000045,0.11659822290079677,6292.055852149026,3554.012282476941,8,255,3853.8271484375,1841.1099999999967,24036.399999999998
https://www.mouser.kr/,https://mouser.kr,2026-01-28 21:27:58,1665.0156727413378,857.012348220448,1198,0.062457269412339846,7044.384908002488,3817.202909501799,8,249,3773.935546875,3424.9739999999915,31271.7
https://www.mouser.cn/,https://mouser.cn,2026-01-28 21:28:32,1558.0230891646613,754.7043295475952,882.0000000000005,0.015247112974443552,5409.590974946708,3123.3662641238398,184,254,3637.943359375,2883.268999999991,29602.7
https://www.mouser.tw/,https://mouser.tw,2026-01-28 21:29:05,1862.0147553640202,776.0095475884839,1021.0000000000005,0.08800027149276275,6024.666608661755,3758.0337999890935,184,258,3968.1025390625,3255.394999999992,29438.2
https://www.mouser.hk/,https://mouser.hk,2026-01-28 21:29:47,1504.536741466265,981.7727383000324,1739.5000000000005,0.059767172515201084,6429.743729698361,5025.423921955713,184,256,3969.2783203125,4276.532999999992,37193.2
https://www.mouser.sg/,https://mouser.sg,2026-01-28 21:30:29,1459.539434853641,783.7086909878254,1171.4999999999993,0.07233341552052285,6445.099112689239,3806.0780057191014,10,260,4040.2890625,3353.6319999999937,37939.1
https://www.mouser.ph/,https://mouser.ph,2026-01-28 21:32:08,1188.4195912707132,754.7069961934089,1343.8915609933042,0.004002136415375186,6649.7988839643585,4091.6437000831816,10,262,3984.8115234375,4007.61799999999,35366
https://www.mouser.vn/,https://mouser.vn,2026-01-28 21:32:51,2397.077705281839,754.7054767606128,2144.000000000001,0.06462073692831918,7777.216525067915,4861.4275892282285,182,272,4000.3564453125,4829.6799999999885,38584.100000000006
https://www.mouser.in/,https://mouser.in,2026-01-28 21:33:31,1516.5469991381747,834.0246013029479,1565.496507504597,0.07191030417318418,6487.721779354626,4418.1881984032425,174,262,4044.564453125,4394.954999999977,35009
https://www.mouser.pr/,https://mouser.pr,2026-01-28 21:42:53,2941.7106845137578,831.0071654709179,1276.4999999999982,0.07957769968698014,6440.542173512413,4419.749219271662,11,266,3967.0830078125,3797.972999999994,32718.9
https://www.mouser.mx/,https://mouser.mx,2026-01-28 21:43:36,1690.0354399005716,783.7083571267588,1975.7996973960992,0.07233206426314465,7801.84762072771,4257.10377905126,11,266,3960.84765625,4851.90899999998,38404.4
https://www.mouser.hn/,https://mouser.hn,2026-01-28 21:45:20,1713.0104226320213,831.0063020565709,2262.000000000002,0.07233206426314465,6512.562658709061,4975.734021871332,181,261,3948.6318359375,5055.755999999984,39670.899999999994
https://www.mouser.do/,https://mouser.do,2026-01-28 21:47:28,1212.675352225298,714.7029646665529,2998.070047521315,0.07787680002256325,7660.039460186227,5203.793075696136,188,262,3954.0693359375,6042.287999999982,40760.4
https://domains.atom.com/lpd/name/mouser.ai,https://mouser.ai,2026-01-28 21:52:27,851.3136404026952,578.015213968941,107.99968574471507,0.00364940276811528,1763.018702202604,1508.7456836140648,16,65,791.8603515625,373.4580000000013,15714.6
https://www.mouser.ec/,https://mouser.ec,2026-01-28 21:58:03,1778.0171253808146,826.0093411168077,1864.9999999999989,0.07787680002256325,6575.17250030367,5230.416234430651,176,264,3959.6376953125,4706.833999999981,50698.5
https://www.mouser.pe/,https://mouser.pe,2026-01-28 21:58:43,1451.010172502492,823.0073981836307,1847,0.072334012039845,7150.78883871395,4603.71797471733,180,261,3956.396484375,4524.072999999981,34825.3
https://www.mouser.cl/,https://mouser.cl,2026-01-28 22:00:46,1960.7872038401347,878.0260277964236,2372.5,0.07233206426314465,7544.7480675405095,5624.790446176286,187,258,3933.8681640625,5375.780999999983,39288.4
https://login.taobao.com/?redirect_url=https%3A%2F%2Flogin.1688.com%2Fmember%2Fjump.htm%3Ftarget%3Dhttps%253A%252F%252Flogin.1688.com%252Fmember%252FmarketSigninJump.htm%253FDone%253Dhttps%25253A%25252F%25252Fwww.1688.com%25253A443%25252F_____tmd_____%25252Fpage%25252Flogin_jump%25253Frand%25253DS3WxGHAgAt756EpznwfNzJq2AFA2qBNla3j6EINUS8We9dazM_iKElp8DwVSHZUevpC41Bx7RzivXIj9RnZgdg%252526_lgt_%25253D22425129ad90cba76877e37c99e22b36___323066___4ebda104c187d5a3f92dde7426e4c774___eaebc79cac1eb5d2f7d8b4595e00ec73344a42d5a0b8cf56539c823cd24ac06cdafa305c511309ed24af8e2fd360d7db2036a93a06199cbbcb9163e0e6bbc0ac122c6b0215eec059f617106f61cd25e864d8c013d3bda2f299508417e6a56c99427f9502c24e0e0b636037689a92542c65e0c4790903e3f6d12d9c203437ca2876bb00663f87288686a7fcbea6485837abb5bf4684b94c6afdd8569c2e9e03b9a3143bc70f7b40669fd876c1b8445641c35794192085452a88f6b88a40b38f45219a53e031ec6d1b176451e64f2fc695fd2621df67503eb624a099b86eeae8133e9e4aa20d6c048c55ca311f686a5da590bd22562b42cc57ee7b4734e99a60f2a8dd6bbac7f55fc3e2e9cb50d023a600b239ce59eb9c3b119a3aad7871959b14%252526uuid%25253D22425129ad90cba76877e37c99e22b36&style=tao_custom&from=1688web,https://1688.com,2026-01-28 22:02:06,2110.8651458939926,1763.2234238624114,4478.684204063164,0.0021153912018795785,8003.667583881671,6070.066856681053,18,88,1224.9140625,5944.361999999997,35603.5
https://www.taobao.com/,https://taobao.com,2026-01-28 22:03:00,4176.50658976828,1844.50658976828,5158.499999999996,0.04354113299088546,11710.045912587913,9501.939768946266,8,427,8450.0732421875,10584.556999999988,49730.3
https://www.tmall.com/,https://tmall.com,2026-01-28 22:03:56,7370.745752862482,1896.003769438073,6287.128230228183,0.0009860639178316134,14799.613366139081,7904.998740785184,10,543,7191.9150390625,12244.786999999991,51915.1
https://tw.jd.com/,https://jd.com,2026-01-28 22:04:22,3666.399308138405,1531.3992575875416,201,0.5115187131612617,3686.8606839133236,5810.516757809039,2,96,3161.8857421875,1178.0630000000003,21927.5
https://pinduoduo.com/,https://pinduoduo.com,2026-01-28 22:04:38,1402.9779196980999,1082.9779196980999,46.5,0,1428.9779196980999,1082.9779196980999,1,50,1779.8359375,150.24199999999993,11245.5
https://www.vip.com/,https://vipshop.com,2026-01-28 22:05:32,2873.3291971567537,1569.7735767766962,332.5000000000002,1.85936913952736,4169.081803962676,9817.509063029695,298,136,1841.16015625,1663.748999999997,49714
http://www.dangdang.com/,https://dangdang.com,2026-01-28 22:06:11,2411.9404592658234,472.0050883467295,15.5,0.22698116775498473,2442.38141674023,8069.0794657227,8,145,2550.4287109375,324.4260000000004,35461
https://www.suning.com/,https://suning.com,2026-01-28 22:07:10,4794.083636623053,1159.0083871326797,171.99999999999955,0.0027096727737381822,5619.295951937858,10200.8638819621,288,158,3801.5107421875,980.6119999999994,55608.799999999996
https://gome.com.cn/,https://gome.com.cn,2026-01-28 22:07:26,237,237,0,0,237.00000000000003,932.6736749649046,1,1,0.685546875,0,10875.5
https://yhd.com/,https://yhd.com,2026-01-28 22:07:54,2116.4700320466304,1470.1285989140135,73.55444531217142,0.3211850674196103,2128.4542410159997,4866.068784488142,1,92,4344.0283203125,669.1679999999999,23455.7
https://www.mogu.com/,https://mogujie.com,2026-01-28 22:08:40,1682.3422283205582,1463.1849887404187,0,0.02074662463882322,1682.3422283205582,7867.452906185494,1,26,5945.337890625,73.762,22324.899999999998
https://meilishuo.com/,https://meilishuo.com,2026-01-28 22:09:00,970.0663474999997,748.0917674999997,0,0.10676963138078978,970.0663474999998,3842.6445924454556,2,25,492.369140625,0,16424.4
https://www.dianping.com/,https://dianping.com,2026-01-28 22:09:21,2510.503781412826,802.9453584530603,4,0.18004986576216733,2510.503781412826,4379.700732824328,1,88,1295.265625,174.67600000000022,17507.699999999997
https://www.meituan.com/,https://meituan.com,2026-01-28 22:09:41,1484.8260878512067,1058.902895109831,33.5,0.0005163758068371982,1617.362006520459,1410.6678450336776,8,42,1179.8974609375,249.07699999999963,15199.9
https://www.ele.me/,https://ele.me,2026-01-28 22:10:02,836.6670530573675,811.7701551557302,19,0.000910959708723696,1074.5597937240427,3708.007241826609,1,30,310.0322265625,133.26199999999994,17608.4
https://weixin.qq.com/,https://weixin.qq.com,2026-01-28 22:10:38,832.5016409074858,591.5016409074858,0,0,836.5016409074858,888.301880466312,60,44,275.962890625,88.5889999999999,11843.2
https://mp.weixin.qq.com/,https://mp.weixin.qq.com,2026-01-28 22:10:57,3246.538170680198,642.0381706801983,291,0,3448.538170680198,2074.2178298580243,4,51,2700.548828125,748.4179999999993,14350.8
https://www.qq.com/,https://qq.com,2026-01-28 22:11:37,1980.698139718445,772.71750711552,1577.0604913734187,0.2002049894190056,5308.061104595286,3485.7934837729595,4,191,3811.7021484375,3411.308999999996,35401.3
https://qzone.qq.com/,https://qzone.qq.com,2026-01-28 22:11:54,1747.2790291414135,503.8054692653092,22,0,1747.2790291414135,1912.2461607688035,2,37,1491.3115234375,298.8120000000001,13554.2
https://mail.qq.com/,https://mail.qq.com,2026-01-28 22:12:21,3979.335536686018,3179.3355366860183,0,0.05956063213340235,3979.335536686018,3179.3355366860183,15,90,4186.6533203125,293.05100000000016,23712.100000000002
https://news.qq.com/,https://news.qq.com,2026-01-28 22:12:55,3121.0482096931564,1308.96176462624,2356.440903593409,0.4236202956787669,5775.038930066671,3705.145167464134,2,149,3217.078125,4021.195999999983,28781.9
https://v.qq.com/,https://v.qq.com,2026-01-28 22:13:44,1730.9907603064728,1286.625972758304,4463.847782827731,0.009006316097284446,8498.023110487477,4662.809346002758,37,351,5163.5458984375,7563.774999999963,44683.9
https://y.qq.com/,https://music.qq.com,2026-01-28 22:14:08,1191.885180648616,614.8792837034946,232.0003573906131,0.00090749631449868,1939.8856452564132,2776.3721196970187,205,76,1518.9013671875,962.3649999999993,20403.9
https://www.tencentgames.com/index.html,https://game.qq.com,2026-01-28 22:14:31,5379.832526142475,770.3386038471244,119,0.054917940635671125,5545.827419109732,2870.896168152606,2,83,8368.8818359375,559.8109999999997,18571.2
https://news.qq.com/ch/auto/,https://auto.qq.com,2026-01-28 22:18:09,2975.0492215853783,1541.4984935362454,2188.216444286246,0.7906827629853272,6088.638346452435,3668.8000676903084,3,167,11423.7685546875,3957.04199999998,29643.3
https://news.qq.com/ch/house,https://house.qq.com,2026-01-28 22:18:41,3463.4510412853915,1562.9979468831011,2818.9840349445144,0.2714489885323689,5987.445863088429,3864.5684178270817,2,157,8031.546875,4528.796999999984,27231.2
https://news.qq.com/ch/tech,https://tech.qq.com,2026-01-28 22:19:09,2943.5825397508697,1496.0615598082227,1449.4556925194756,0.7093080300796293,4924.415836660153,3302.945583081263,2,149,3051.5634765625,2824.642999999995,23851.600000000002
https://news.qq.com/ch/finance,https://finance.qq.com,2026-01-28 22:19:42,3596.042097356737,1534.9660616928302,2248.5977740870862,0.5411567040907508,5790.6630676640725,3714.35531177106,1,157,3552.0693359375,4159.165999999983,28936.199999999997
https://news.qq.com/ch/ent,https://ent.qq.com,2026-01-28 22:20:14,3329.6659262535604,1530.8696063863435,2208.8558053331094,0.47281197025077426,5514.669014371836,3722.933778322197,2,160,3446.6884765625,3989.962999999988,27113.8
https://www.qq.com/,https://fashion.qq.com,2026-01-28 22:21:01,1967.7970144984818,763.0049518095196,1389.4999999999982,0.20020508352576252,5219.323164386649,2545.5698187246394,5,199,3758.51171875,3352.0299999999947,42190
https://www.qq.com/,https://baby.qq.com,2026-01-28 22:21:45,1276.0154916930628,771.5128480793287,2115.95030234408,0.0447303605074102,5952.856216029739,3467.8156391222155,5,193,3811.2763671875,4339.628999999992,39223.3
https://news.qq.com/ch/edu,https://edu.qq.com,2026-01-28 22:22:18,3176.448630236285,1532.1373661272744,2202.473139963649,0.2552166810783377,5751.0729200218275,3885.316585089094,1,172,4369.9384765625,4004.2529999999806,27940.6
https://news.qq.com/ch/health,https://health.qq.com,2026-01-28 22:23:27,3068.008045784885,1519.4109887875422,1936.978057513973,0.32206385917577623,5720.692065297406,3486.1800077354437,2,161,10178.17578125,3655.1049999999886,24708.100000000002
https://tianqi.qq.com/,https://weather.qq.com,2026-01-28 22:23:42,1744.1410614649903,641.7858608496409,0,0.0034266063920816163,1752.3827247433119,988.3243113352617,1,61,569.0244140625,182.6780000000005,10956.9
https://map.qq.com/,https://map.qq.com,2026-01-28 22:24:26,2671.2474797830782,1242.0143037356445,195.99999999999977,0.00023064880483320197,2675.8304927164004,9899.757687730316,15,106,796.5380859375,1357.791999999993,39644.9
https://soso.com/,https://soso.com,2026-01-28 22:24:42,786.6056550000001,206.5,0,0.002891671591804571,786.6056550000001,1643.3803161585727,1,7,16.0673828125,0,13493.8
https://paipai.com/,https://paipai.com,2026-01-28 22:25:05,750.8746088310525,564.3661823561653,66.5711220593609,0.16865776157462747,792.0463745657555,2498.4640922392064,1,41,4232.5244140625,169.87900000000025,18901
https://pat.com/,https://pat.com,2026-01-28 22:25:34,2020.476701526156,212.86703464282357,302.99999999999955,0.058438543381853246,2266.923543732418,2208.458763196539,1,234,2097.439453125,1082.7529999999967,24175.600000000002
https://work.weixin.qq.com/,https://rtx.tencent.com,2026-01-28 22:28:15,1669.6413204707253,774.6041000905242,0,0,1669.6413204707255,927.8643989756005,19,56,8435.8603515625,162.6200000000005,17347.5
https://tim.qq.com/,https://tim.qq.com,2026-01-28 22:28:29,530.8867203095457,259.6963782662397,0,0.3894428838951311,530.8867203095457,455.4923235721385,2,23,459.0322265625,24.609999999999992,9757.699999999999
https://www-qqlive.com/,https://qqlive.com,2026-01-28 22:28:47,1036.9290500032369,778.9290500032369,0,0,1036.929050003237,1386.7743883056999,1,39,926.53125,209.13200000000037,13904
https://kuwo.cn/,https://kuwo.cn,2026-01-28 22:29:16,1433.0051231560406,382.5037738120154,65,0.49063167801338736,4092.0552459896576,5165.133599470798,479,68,3811.9970703125,469.72300000000035,24990.100000000002
https://www.kugou.com/,https://kugou.com,2026-01-28 22:29:46,891.0003035775563,851.0003035775562,207.99907766554088,6.405597618828272e-07,1409.004886052276,3948.858440395467,19,76,764.7060546875,399.9170000000001,25238.3
http://5sing.kugou.com/index.html,https://5sing.kugou.com,2026-01-28 22:30:32,1935.7257823097507,1076.5314108661566,359.86400000000026,0.000296067878336397,2468.5550058202675,3110.022085769535,39,200,6084.861328125,1174.5639999999864,41173.5
https://changba.com/,https://changba.com,2026-01-28 22:31:00,1513.298154900906,671.5104359967943,0,0.0252950305361197,1532.046318492279,3385.1160184824184,2,40,1273.8203125,6.118999999999999,24327
https://www.ximalaya.com/,https://ximalaya.com,2026-01-28 22:31:45,3938.142531017489,1169.8551861049327,1353.0000000000005,0.037380027461179535,4038.550000000001,9591.726783523873,3,115,1856.294921875,2423.9819999999904,40884.6
https://www.lizhi.fm/,https://lizhi.fm,2026-01-28 22:32:21,953,750,0,0,953.0000000000001,5302.2030850795645,408,37,376.12109375,287.707,36698.8
https://www.qtfm.cn/,https://qingting.fm,2026-01-28 22:33:15,2482.524890001083,2102,217.50000000000045,0.019182369157845065,5270.948815442177,7857.576133186081,650,205,11559.060546875,634.0429999999959,49004.7
https://www.iqiyi.com/,https://iqiyi.com,2026-01-28 22:35:34,41245.8769014538,1578.8940307291834,1920.0000000000127,0.36946429606098413,41444.350205324605,10960.894993616903,3,390,67735.591796875,4909.532999999982,73885.2
https://www.youku.com/ku/webhome,https://youku.com,2026-01-28 22:36:28,2116.144011630146,1448.5075031322824,456.5,0.07261935272719704,7484.4000667497785,5252.41987450412,413,179,9674.0029296875,2203.561999999991,50241.600000000006
https://tudou.com/,https://tudou.com,2026-01-28 22:36:57,1936.0082339720273,1237.0082339720273,530.0000000000005,0,4647.965125283229,2800.221420814946,333,112,3524.998046875,1424.6509999999998,24556.3
https://www.56.com/,https://56.com,2026-01-28 22:37:41,1172.424722173384,914.0059476426194,0,0.02078793153310931,1174.424722173384,4759.799530564978,10,137,1869.6376953125,124.90200000000002,40385.700000000004
https://www.sohu.com/,https://sohu.com,2026-01-28 22:38:34,2895.0900101700527,720.6043672202662,329.9999999999991,0.006444910631970615,4363.163145196529,3802.9548906925293,6,369,1797.5703125,1590.9149999999918,46929.5
https://tv.sohu.com/,https://tv.sohu.com,2026-01-28 22:39:27,1564.2715725656099,568.1021633277985,0,0.0027761180666170636,1574.7132262152718,1651.9523983162449,14,159,1163.5234375,222.03000000000046,48172.200000000004
https://house.focus.cn/,https://focus.cn,2026-01-28 22:40:24,3304.3724855561486,1244.0086521373373,130.50000000000045,0.48082019755964855,5360.535343739918,10867.987370621007,491,222,5916.796875,1140.0129999999976,52460.6
https://www.17173.com/,https://17173.com,2026-01-28 22:41:10,1877.0558778846134,1039.9543242081445,255.5,0.05986413217117739,2542.300615833503,5721.186405247042,361,190,7686.7412109375,1248.7459999999985,42035.8
https://www.chinaz.com/,https://chinaz.com,2026-01-28 22:41:38,1455.0025486685508,1219.0096616850753,30.5,0.11242212983524615,1872.405833314619,3789.237274091702,103,82,1609.74609375,297.9380000000001,23493.5
https://www.admin5.com/,https://admin5.com,2026-01-28 22:42:24,1803.3112745437093,816.0410977472595,0,0.002700694177699821,1847.5861559984614,11230.814947961266,8,86,2174.943359375,100.81800000000007,41269.9
https://www.analysys.cn/,https://analysys.cn,2026-01-28 22:43:55,3681.0299860253335,2365.513633581065,60.5,0.0010423302452140417,3727.030378198974,8331.72190420618,5,125,9057.314453125,493.0589999999984,44687.799999999996
https://error.taobao.com/app/tbhome/common/error.html,https://cnzz.com,2026-01-28 22:44:20,1859.325444667185,1055.0030662677057,1075.300098289557,0.012815130023640663,4526.26752561395,3467.3602634192844,10,94,1318.8603515625,2554.446999999998,21988.2
https://www.35.com/,https://35.com,2026-01-28 22:46:07,3087.5104398927665,839.002480766598,14,0.01328855923170684,3196.9613805167687,9307.19903569672,121,193,4347.44921875,527.5289999999983,42783.4
https://bj.58.com/,https://58.com,2026-01-28 22:47:08,2521.1454646592265,741.2360174960316,673.5000000000009,0.008974184343441128,3704.196004092608,2496.6448253659296,5,139,1996.8125,1522.5450000000005,35612.899999999994
https://bj.ganji.com/,https://ganji.com,2026-01-28 22:47:32,1428.540596010645,922.5036779835355,15.5,0,1443.4034214403764,3610.946318682562,5,52,1244.9345703125,229.63599999999983,20035
https://baixing.com/,https://baixing.com,2026-01-28 22:47:50,551.9835475,430.9835475,56.84704375000001,0,577.4517993750001,1297.9139452640075,1,9,80.9326171875,157.68200000000004,14151.9
https://www.kijiji.ca/,https://kijiji.ca,2026-01-28 22:49:10,1655.7153230033975,716.6035546615066,1208.5000000000005,0.0016451213490309,7194.964954328955,2903.4820965181916,125,404,5086.75390625,3163.5409999999824,34637.2
https://olx.com/,https://olx.com,2026-01-28 22:49:23,909.5090930252676,252.00384366730023,15,0.009539933740635585,990.0038436673003,782.7695372227122,25,22,612.349609375,176.3650000000001,9526.4
https://dubizzle.com/,https://dubizzle.com,2026-01-28 22:49:39,1553.03626,759.5505,589.7880499999999,0,2036.3455050000002,2412.981774756293,16,38,832.638671875,1238.748999999998,12393.1
https://www.gumtree.com/,https://gumtree.com,2026-01-28 22:50:17,4740.021965794875,1081.7030026830698,1289.5000000000002,0.019349910149964945,7583.344900606047,4655.247721093759,299,86,7043.5205078125,2780.5049999999883,33566.700000000004
https://www.marktplaats.nl/,https://marktplaats.nl,2026-01-28 23:15:04,3435.763764577975,620.5864441516575,883.2884546128996,0.03791128935621055,4471.600293036952,3163.322004894566,34,137,3298.111328125,2246.3599999999947,33320.1
https://www.blocket.se/,https://blocket.se,2026-01-28 23:15:29,2199.966313319135,1928.2620151029341,150.5,0.12843080599881798,5290.205718430924,5158.471443784983,63,188,3611.0283203125,935.223,21122.9
https://www.dba.dk/,https://dba.dk,2026-01-28 23:15:59,2977.489833720144,2029.0055520142687,363.50000000000045,0.07214416863672184,5131.986951378982,3323.5482908543863,83,174,4086.7470703125,1236.016,24936.399999999998
https://www.finn.no/,https://finn.no,2026-01-28 23:16:29,3578.9052573745826,2413.508903583568,203.5,0.1287315009996206,5277.347759061906,5675.012863683687,15,179,4207.1748046875,908.5670000000001,25673.100000000002
https://www.tori.fi/,https://tori.fi,2026-01-28 23:16:58,2932.5763083793336,2002.186803927334,88,0.13444670168986955,4807.099192194335,5126.470862625147,45,182,3625.3076171875,862.3710000000004,25087.5
https://www.huuto.net/,https://huuto.net,2026-01-28 23:17:21,2339.7166019397473,944.7115876022665,151,0.08979314347122577,4165.138028965101,3213.6871539748663,4,132,4105.439453125,1027.8929999999978,19875.2
https://www.willhaben.at/iad,https://willhaben.at,2026-01-28 23:18:16,1175.8939825935413,596.6941193607005,602,0.01894343074161632,3319.996586775553,3300.706137287769,411,91,2439.4921875,1431.5719999999972,51420
https://www.tutti.ch/de,https://tutti.ch,2026-01-28 23:18:37,2305.6787421511563,835.6683735034209,1146.0000000000002,0,3991.904037094806,2862.0454755452506,31,81,1992.244140625,2082.9869999999783,17270.100000000002
https://www.ricardo.ch/de/,https://ricardo.ch,2026-01-28 23:19:05,1782.9376760512541,1156.3929910549646,1468,0.001221542284581519,5843.286280342925,4669.277158816676,579,135,3249.201171875,3062.574999999957,24895.9
https://www.anibis.ch/fr,https://anibis.ch,2026-01-28 23:19:30,3475.088410294697,910.8424403021619,1630.7728738942433,0,4684.046531230009,3817.215103497555,46,86,1899.302734375,2655.900999999968,20905.3
https://www.car.gr/,https://car.gr,2026-01-28 23:20:12,1561.9560297634546,1413.0137274006822,662.0000000000005,0.06690828431947517,4349.0389356196265,3803.917514195816,203,111,3164.69921875,1752.147999999994,37737.600000000006
https://www.bazos.cz/,https://bazos.cz,2026-01-28 23:20:28,470.2236072360666,470.2236072360666,26.999999999999943,0,915.2236072360666,2527.587835158277,2,27,293.2421875,150.9159999999999,12424.2
https://www.bazos.sk/,https://bazos.sk,2026-01-28 23:20:44,845.7444819983605,503.9926426644806,3,0,845.7444819983605,2568.337492787031,1,27,268.0927734375,109.76800000000006,12449.099999999999
https://aukro.cz/,https://aukro.cz,2026-01-28 23:21:23,1261.0063554536391,681.0032315865963,1549.5,1.6789247876718325e-05,5342.213311457697,2298.82099763241,805,344,3485.83203125,2498.69899999997,34618
https://aukro.sk/,https://aukro.sk,2026-01-28 23:22:06,1001,561,1415.000587282937,2.2839506172839506e-05,5317.754346694333,2322.099857980628,1124,345,3371.84765625,2435.209999999902,39111.1
https://www.olx.pl/,https://olx.pl,2026-01-28 23:33:14,4563,912.6986937081447,1542.5000000000005,0.038734560522750816,6061.015708667718,4846.1845930044465,361,220,3709.421875,3184.3379999999693,32411.699999999997
https://gratka.pl/,https://gratka.pl,2026-01-28 23:34:02,401.00617885500816,345.0038617843801,1365.9999999999993,0.008062358812713423,6230.67954317687,6560.154809886093,543,238,4236.2431640625,3622.40099999995,42934.8
https://www.otomoto.pl/,https://otomoto.pl,2026-01-28 23:34:31,3503.0921545013007,1079.0019469254394,1101.4625843517554,0.009669287404609886,4501.26082990886,3126.6849763138052,176,126,3156.3251953125,2515.329999999998,25001.600000000002
https://www.olx.ro/,https://olx.ro,2026-01-28 23:35:10,4594.999999999999,874.6986559503198,1597.5000000000005,0.038734560522750816,6075.741043831993,4597.035337553523,334,203,3736.0986328125,3258.365999999985,34540.200000000004
https://www.olx.bg/,https://olx.bg,2026-01-28 23:35:48,4719.011322835143,1185.0030744121914,2601.0060559562316,0.038734560522750816,6648.967113582932,4900.368766383013,281,194,3511.90234375,4150.646999999976,33636.2
https://www.njuskalo.hr/,https://njuskalo.hr,2026-01-28 23:36:23,3621.7628160429867,1138.033807819054,770.1372153999557,0.009108075893060999,3673.2091183227444,4786.752688318913,66,170,4338.1220703125,1832.3119999999972,29807.600000000002
https://www.bolha.com/,https://bolha.com,2026-01-28 23:36:53,4151.3665334113775,1063.1238837170379,508.0000000000002,0.006178506359937957,4211.37226049593,5354.73135656962,5,152,4252.65625,1382.1489999999965,26566
https://www.bazar.at/,https://bazar.at,2026-01-28 23:37:17,1317.3971798457692,864.1037582974984,48.5,0.20195004546596818,1821.6336584392557,3024.0816103738043,4,100,2095.158203125,388.33099999998984,19716
https://www.kleinanzeigen.de/,https://kleinanzeigen.de,2026-01-28 23:38:17,2373.992695956781,631.0117475573959,525.5,0.027953942216884804,2822.0736425004247,3205.543467021713,10,155,1982.2880859375,1673.0929999999944,55769.3
https://www.quoka.de/,https://quoka.de,2026-01-28 23:38:42,1515.2041379709453,674.5024559846697,304.60276539603797,0.007387754888477617,2341.2346122090885,2423.4073044347037,12,72,2418.693359375,953.4659999999999,20668.600000000002
https://www.markt.de/,https://markt.de,2026-01-28 23:39:04,2777.0890715544474,1027.0149689324708,100,0.0003843938502642675,2787.0895179557847,4278.715489786796,267,102,1608.34375,310.49700000000064,18850.6
https://www.kalaydo.de/,https://kalaydo.de,2026-01-28 23:39:33,2004.5272602667792,593.0049564121418,364.0000000000002,0.000531716569922309,3678.4889229929936,3019.520977073577,24,62,1943.9990234375,1442.8919999999955,24795.1
https://www.markt.de/,https://dhd24.com,2026-01-28 23:40:00,2568.054873910357,900.0134895243001,177.50000000000068,0.0010300244763374016,2580.055192251788,3865.637941018454,269,102,1597.62109375,662.053000000002,23292
https://www.kijiji.it/,https://kijiji.it,2026-01-28 23:43:13,437,437,0,0,437,888.5289083739121,5,3,4.994140625,0,7246.6
https://www.subito.it/,https://subito.it,2026-01-28 23:42:43,1012.0360671242677,679.0082625777422,116.5,0.005234628122926667,3555.107092249697,2281.6137682669405,13,105,4539.0458984375,1252.991999999997,24254.6
https://www.bakeca.it/,https://bakeca.it,2026-01-28 23:43:03,2186.1989534760496,816.1700629711014,323,0,2642.4435331083273,2475.1910049438134,32,66,969.3427734375,1005.7599999999982,15720.4
https://www.milanuncios.com/,https://milanuncios.com,2026-01-28 23:43:49,1246.0148360409146,1086.008361382518,830.4999999999998,0,3855.270461219936,2723.042849200502,255,134,2448.9794921875,1889.9869999999962,32079.8
https://www.milanuncios.com/,https://vibbo.com,2026-01-28 23:44:25,1179.021844284387,979.0110606574765,1674.9999999999998,0.0046413892746426525,4453.4202970262495,2548.2232251188116,257,126,2438.6240234375,2900.7489999999916,32161.3
https://www.milanuncios.com/,https://segundamano.es,2026-01-28 23:45:01,1267.0214527299365,1067.0107877154626,1677.5000000000002,0,4518.6486896270835,2419.174098514027,236,127,2436.4423828125,2986.852999999993,32456.9
https://www.wallapop.com/,https://wallapop.com,2026-01-28 23:45:31,970.9125940469456,970.9125940469456,414.49999999999955,0.004055311086303009,3258.496983030894,2669.9524822670865,3,89,1821.1376953125,981.4999999999983,25254
https://mercadolibre.com/,https://mercadolibre.com,2026-01-28 23:46:25,863.0164795623946,256.01002234454063,0,0,863.0164795623946,529.9746943300922,2,7,179.8359375,0,7809.599999999999
https://www.mercadolibre.com.mx/,https://mercadolibre.com.mx,2026-01-28 23:46:45,1405.3274791397557,896.1073339489202,451,9.522783049994583e-07,2326.674525955506,1639.1122123037374,188,122,2057.8916015625,792.9599999999998,16372.199999999999
https://www.mercadolibre.com.ar/,https://mercadolibre.com.ar,2026-01-28 23:47:06,1653.3805355188451,898.0895377691401,111.50000000000045,0,1828.360209994288,1722.4627000509013,193,124,2118.03125,368.86699999999973,16495.3
https://www.mercadolibre.com.co/,https://mercadolibre.com.co,2026-01-28 23:47:27,1340.3875650908137,961.134148757489,49,0.019924832148614135,2425.055783948685,1716.3892730957173,186,106,1708.703125,391.3060000000004,16531.8
https://www.mercadolibre.com.pe/,https://mercadolibre.com.pe,2026-01-28 23:47:50,1112.2669244349113,877.1112185145464,58,0.002054843888362115,2573.860976297227,1999.9973565508215,364,136,2263.005859375,623.779,19697.6
https://www.mercadolibre.com.ve/,https://mercadolibre.com.ve,2026-01-28 23:48:08,1141.6701265567203,909.5746314573073,0.5,0.011370136182270368,1290.4985029497902,1671.2540165812106,180,83,802.5693359375,190.4250000000002,13812.6
https://www.mercadolibre.com.ec/,https://mercadolibre.com.ec,2026-01-28 23:48:30,1105.2919417226406,840.1329982106973,69.5,0.06738465216351901,2195.9462591801403,1458.760787579457,17,101,1233.3212890625,447.9630000000004,17924.5
https://www.mercadolibre.com.uy/,https://mercadolibre.com.uy,2026-01-28 23:48:52,1725.2954462183989,832.075477115656,25.000000000000227,0.06775385716455913,2043.510225301835,2378.672858293358,368,104,1375.7861328125,491.2350000000007,17784.4
https://www.mercadolibre.com.py/,https://mercadolibre.com.py,2026-01-28 23:49:10,1183.276429255988,886.1205766696057,101,0,1519.9499133766008,1620.2258084294606,189,68,777.82421875,371.5780000000001,13758.4
https://www.mercadolibre.com.bo/,https://mercadolibre.com.bo,2026-01-28 23:49:29,1369.757349561543,889.2251542579593,12.5,0.0005403537235161762,1825.8841154453062,1668.8400392521257,195,65,730.9609375,208.83900000000014,15340.800000000001
https://www.mercadolibre.cl/,https://mercadolibre.cl,2026-01-28 23:49:53,1500.6445646038899,875.0361411509726,268.96024473393027,0,1896.2726437134552,1686.0820659626045,192,155,2617.3359375,1056.9039999999989,19611.5
https://www.mercadolivre.com.br/,https://mercadolibre.com.br,2026-01-28 23:50:14,1462.4762264291212,1008.1587421430404,0,0.0026961738076627263,1494.4973920481934,2376.762826701507,181,108,1859.14453125,144.24800000000025,17004.1
https://www.mercadolibre.com.pa/,https://mercadolibre.com.pa,2026-01-28 23:50:33,1169.1411983608175,926.0592272417987,53.499999999999886,0,1381.9190097311061,1959.4956739302093,191,64,725.630859375,274.40900000000016,14549.9
https://www.mercadolibre.com.gt/,https://mercadolibre.com.gt,2026-01-28 23:51:11,1244.9094177127436,915.6520824968089,8,0,1286.7642735085415,1690.0150117867329,194,66,731.5068359375,202.86000000000016,14252.4
https://www.mercadolibre.com.sv/,https://mercadolibre.com.sv,2026-01-28 23:51:28,1127.2058155134466,887.0936172810932,12.499999999999886,0,1286.3485625526805,1698.2717718179165,192,65,726.2978515625,211.7960000000001,13216.2
https://www.mercadolibre.com.hn/,https://mercadolibre.com.hn,2026-01-28 23:51:45,1125.218093424858,885.0991333749353,43.50000000000023,0,1480.4239157551733,1636.6424046721268,188,69,774.30859375,287.6320000000003,13091.099999999999
https://www.mercadolibre.com.ni/,https://mercadolibre.com.ni,2026-01-28 23:52:03,1127.5793952800777,911.5360887636717,42.500118486457154,1.7019127715982563e-05,1459.8468913376792,1915.900626294312,193,67,773.2587890625,270.5590000000003,14599.800000000001
https://www.olx.com.br/,https://olx.com.br,2026-01-28 23:53:14,1979.6523472182882,1075.8612758359295,520.5322335915616,1,6165.71065323828,4073.4240351824697,5,256,8617.236328125,2690.121999999936,47166.9
https://olx.com/,https://olx.com.uy,2026-01-29 09:52:22,1249.0038522726586,486.0038522726586,54.5,0.009539933740635585,1278.1538522726587,1613.3645511014054,26,23,614.0341796875,240.9370000000001,11403.6
https://olx.com/,https://olx.com.py,2026-01-29 09:52:35,1137.0107221969006,481.00465793672447,14,0.009539933740635585,1238.0046579367245,1284.4053328643747,11,23,614.0322265625,149.09700000000004,10136.8
https://olx.com/,https://olx.com.bo,2026-01-29 09:52:49,1174.0127381737457,481.0046572881629,25,0.009539933740635585,1259.8082936866754,1058.6575208327272,7,23,614.0341796875,197.79400000000007,10029.4
https://olx.com/,https://olx.com.pa,2026-01-29 09:53:04,1153.0122859394428,483.00258777507474,28.500000000000114,0.009539933740635585,1244.502587775075,1231.8981460306156,25,23,614.1201171875,200.29600000000005,10434.300000000001
https://olx.com/,https://olx.com.gt,2026-01-29 09:53:38,1186.5067844939288,483.0067844939288,24.5,0.009539933740635585,1220.606784493929,1322.1111699453443,25,23,613.9345703125,189.98099999999994,10500.6
https://olx.com/,https://olx.com.hn,2026-01-29 09:54:13,1167.0172862745349,486.50758891239036,35.5,0.009539933740635585,1235.0075889123905,1186.652429374025,18,23,614.189453125,214.64200000000005,10733.5
https://olx.com/,https://olx.com.ni,2026-01-29 09:54:29,1283.006784601832,499.0067846018319,75,0.009482648243604173,1306.1067846018318,1364.5756452654718,6,23,613.96484375,292.405,11854.9
https://olx.com/,https://olx.com.pr,2026-01-29 09:55:03,1172.0063241757919,483.0063241757918,11.5,0.009482648243604173,1203.906324175792,1186.94096207529,11,23,614.01953125,169.29000000000002,9937.7
https://olx.com/,https://olx.com.ve,2026-01-29 09:55:16,1164.5127375680786,482.0046569498694,39.5,0.009539933740635585,1286.0046569498695,1186.4086573471316,5,23,613.9345703125,218.78600000000012,10038.4
https://www.dafiti.com.br/,https://dafiti.com.br,2026-01-29 09:56:00,1313.0045308122085,1120.3026040371346,275.5,0.4839883346607142,4057.20559409582,3074.189087424911,162,109,2464.283203125,1059.192,19798.5
https://dafiti.com.ar/,https://dafiti.com.ar,2026-01-29 09:56:28,2348.064220510591,1297.70627587579,497.357944634801,0.1198936218898323,2348.064220510591,2282.0349839285436,678,21,577.421875,873.5830000000001,23895.7
https://www.dafiti.com.co/,https://dafiti.com.co,2026-01-29 09:57:11,1672.1106667747688,1230.1888156102634,192.5,0.2873783783404665,4386.635157241302,2707.4117763598206,190,102,2144.5947265625,952.2560000000003,19009.699999999997
https://www.lamoda.ru/,https://lamoda.ru,2026-01-29 09:58:13,3863.1128868142778,1102.1960038201546,1071.6163304660517,0.006925915877923334,4710.9131112167815,6861.171342589892,294,293,1856.02734375,2787.14199999999,36809.1
https://www.wildberries.ru/,https://wildberries.ru,2026-01-29 09:59:27,4812.636365482882,931.5594125345822,2904.9999999999977,0.2661127267254684,8549.695031910902,10455.919066297847,52,252,25850.73046875,4286.782000000031,70110.6
https://www.ozon.ru/,https://ozon.ru,2026-01-29 10:00:03,1299.0076928084895,529.0023268124173,182.997843721221,0.01143976510953467,2217.8147497208583,3179.7776977685126,578,215,1704.099609375,637.4230000000002,32182.7
https://www.avito.ru/,https://avito.ru,2026-01-29 10:01:31,5244.07786928308,1051.0109786477244,1560.9999999999905,0.011973199887900106,12370.8029260867,8519.292013945116,721,833,6443.640625,6282.381999999948,81402.09999999999
https://youla.ru/,https://youla.ru,2026-01-29 10:02:38,4809.871037456049,2509.0136664274833,910.0000000000005,0.4721089313505291,7451.977836766615,10370.604375296245,300,223,4778.08984375,3423.16999999998,62346.7
https://www.drom.ru/,https://drom.ru,2026-01-29 10:03:37,955.7322213390465,875.7868727573306,198.49999999999977,0.17220316583710954,3357.4498227020836,6403.171605347155,222,115,2000.0654296875,947.2469999999964,34219.6
https://auto.ru/,https://auto.ru,2026-01-29 10:04:14,1900.665507792831,1568.000038626123,399.5000000000002,0,3595.4013195845723,4940.259466590379,1841,133,2623.14453125,1054.0279999999957,33265.3
https://youla.ru/all/auto,https://am.ru,2026-01-29 10:05:27,6628.61610794749,3802.610733429339,1139.500000000001,0.4811082322091409,8562.063497248098,12843.532292551798,299,219,5377.06640625,4344.046999999983,68261.3
https://www.cars.com/,https://cars.com,2026-01-29 10:06:18,1926.02983076642,924.0052495757,1776.494750424299,0.017390711407537136,8488.381064620862,4023.4373923993617,35,364,4615.3681640625,6474.079999999982,46822.9
https://www.autotrader.com/,https://autotrader.com,2026-01-29 10:08:16,2478.0240761551645,779.1034618460187,2936.500000000002,0.10208130728667218,14187.398804741304,4948.647410449443,20,317,5128.8486328125,14168.803999999991,112510.7
https://www.cargurus.com/,https://cargurus.com,2026-01-29 10:09:44,8392.407903534966,1484.9195002275526,1373.5000000000018,0,14521.0314903398,5011.38707553229,799,729,11834.9208984375,6990.873999999963,63353.700000000004
https://www.edmunds.com/,https://edmunds.com,2026-01-29 10:10:17,804.2636321659312,544.0020423244255,2517.9999999999995,0.0016853932584269661,6243.118748437844,1643.6404769863598,19,152,2502.6884765625,3260.193999999991,28517.8
https://kbb.com/,https://kbb.com,2026-01-29 10:10:27,234,234,0,0,234,234,1,1,0.9775390625,0,6283.4
https://www.autotrader.ca/,https://autotrader.ca,2026-01-29 10:11:28,4327.00850874806,1117.8557646680008,602.5000000000005,0.015742495840897135,6241.683194577496,3425.961765119856,254,266,4728.57421875,3385.0999999999826,56969.700000000004
https://www.kijiji.ca/b-cars-trucks/c174l0,https://kijiji.ca/cars,2026-01-29 10:12:22,3758.201451578111,1082.776420242786,1814.9999999999945,1.5550726545201238e-05,11132.299065208965,4779.091089841403,356,429,5956.796875,6160.191000000063,49191.5
https://www.autoscout24.com/,https://autoscout24.com,2026-01-29 10:12:51,1716.0041141690062,631,65.00205708450335,0,1728.0041141690065,2778.4080456079287,267,83,1127.1376953125,572.5539999999987,24490.699999999997
https://www.autoscout24.de/,https://autoscout24.de,2026-01-29 10:13:24,1051.5029661194426,711.001841039654,219.50000000000068,6.0017540231058305e-05,1969.6561572548437,2668.245728861407,371,121,1759.830078125,853.3649999999955,28250.3
https://www.autoscout24.at/,https://autoscout24.at,2026-01-29 10:13:56,1292.0011763794964,631.00134443371,102.49999999999977,0.00016004677394948879,2087.106024743562,2375.1196518629295,317,116,1827.4794921875,704.602999999998,26846.7
https://www.autoscout24.ch/de,https://autoscout24.ch,2026-01-29 10:14:25,2398.990562670475,644.5683265909234,1203.5,0.000889127056395857,3548.8500000000004,2684.0316432064683,27,118,2433.119140625,2457.421999999987,22000.7
https://www.autoscout24.it/,https://autoscout24.it,2026-01-29 10:14:55,1031.0019340639174,711.0010744799541,49,0,1866.653449080652,2539.506611699383,309,119,2263.427734375,704.422999999999,25319.3
https://www.autoscout24.fr/,https://autoscout24.fr,2026-01-29 10:15:28,1538,661,82,0,1848.6000000000004,2796.8836981000904,308,86,1359.8134765625,802.2459999999976,27643.899999999998
https://www.autoscout24.es/,https://autoscout24.es,2026-01-29 10:15:53,1679.001883567359,655,14.5,0,1690.2018835673591,2370.4930990888283,267,92,1186.921875,504.67899999999923,21497.8
https://www.autoscout24.nl/,https://autoscout24.nl,2026-01-29 10:16:25,811,671,56.500000000000114,0,1793.9000000000003,2715.3373355010935,460,94,1692.6015625,659.1109999999965,26546.399999999998
https://www.autoscout24.be/,https://autoscout24.be,2026-01-29 10:16:37,649,473,6,0,649,1373.6231783343753,3,6,155.4677734375,65.592,8821.5
https://www.autoscout24.lu/,https://autoscout24.lu,2026-01-29 10:17:05,931,656,17.5,4.00116934873722e-05,1521.2500000000005,2559.3353700991884,288,90,1346.400390625,500.68199999999945,23790.300000000003
https://www.autoscout24.se/,https://autoscout24.se,2026-01-29 10:17:34,1705.0027379223966,631,102,0.006303380635549098,1719.0027379223968,2966.2655827111384,286,83,1138.6298828125,618.5169999999974,24272.8
https://autoscout24.fi/,https://autoscout24.fi,2026-01-29 10:18:28,1466.2112524072963,1466.2112524072963,0,0.01882741272190541,1466.2112524072963,2264.398206780491,2,15,815.423828125,117.97000000000004,10518.4
https://www.autoscout24.pl/,https://autoscout24.pl,2026-01-29 10:18:55,925.3785426918027,631,21,0.006303380635549098,1422.7,2471.8994182258807,273,83,1111.4638671875,415.9989999999988,22738.8
https://www.autoscout24.cz/,https://autoscout24.cz,2026-01-29 10:19:24,907.757740813536,631,33.5,0.006303380635549098,1556.0000000000005,2677.851008273574,275,83,1159.4775390625,474.12699999999836,24552.6
https://www.autoscout24.hu/,https://autoscout24.hu,2026-01-29 10:20:14,931,591,46.5,0.0001200350804621166,1568.0000000000005,2504.383642588201,275,83,1137.6875,554.7499999999987,25620.3
https://www.autoscout24.ro/,https://autoscout24.ro,2026-01-29 10:20:41,905.7967305708016,631,22.5,0,1444.9999999999998,3099.6492979831255,412,83,1144.62109375,430.5849999999996,22731.2
https://www.autoscout24.bg/,https://autoscout24.bg,2026-01-29 10:21:08,911.5167942888179,653,42,0,1490.7,2640.9083866828482,290,83,1155.5126953125,481.6739999999984,22941.2
https://www.autoscout24.hr/,https://autoscout24.hr,2026-01-29 10:21:36,1686.003182819357,631,72.5015914096781,0.006303380635549098,1700.0031828193573,2904.963287306636,283,83,1147.4541015625,561.1939999999979,23624.4
https://autoscout24.lt/,https://autoscout24.lt,2026-01-29 10:22:13,603.421115,436.4605575,2,0.005278678031554509,603.4211150000001,1351.3100669322919,1,11,127.3388671875,67.44200000000001,12312.4
https://autoscout24.am/,https://autoscout24.am,2026-01-29 10:28:51,563.526091315845,284.5244604925466,519,0.00023963948960524186,3409.347118404008,900.3263615984765,4,70,1720.279296875,1391.4649999999945,49765
https://generalinteresttopics.com/?d=autoscout24.uk&pkAId=2143526812,https://autoscout24.uk,2026-01-29 10:31:05,744.2383365802173,744.2383365802173,0,0,744.2383365802173,1329.164657151666,1,9,161.2724609375,0,10548.7
https://www.autotrader.co.uk/?refresh=true,https://autotrader.co.uk,2026-01-29 10:31:35,4391.096738908688,1851.0365141959264,210.9999999999999,0.002691452036108343,5045.971369514931,2519.63826890509,235,188,4702.16015625,2190.428999999982,26297.5
https://www.carwow.co.uk/,https://carwow.co.uk,2026-01-29 10:32:03,2765.5154591474075,1425.0107709660863,324,0.03340238739089625,3552.883446607898,2950.96476543514,102,166,4491.81640625,1423.9399999999978,23540.5
https://www.cinch.co.uk/,https://cinch.co.uk,2026-01-29 10:32:34,1356.0047883215152,1236.0047883215152,390.5,0.003553935091296052,3220.4047883215153,3734.5469638920886,405,77,1988.5751953125,1316.4259999999936,27092.4
https://www.cazoo.co.uk/,https://cazoo.co.uk,2026-01-29 10:33:14,1391.0043626215902,779.1998137212288,590.0000000000005,0.022274612046526684,4757.055765404908,3649.996340608114,631,177,7675.76953125,2656.5519999999906,35263.6
https://www.motors.co.uk/,https://motors.co.uk,2026-01-29 10:33:43,1196.0050287119705,835.0050114549333,884.0000000000002,0.008564825882540442,3952.367558343497,3185.6243734275286,504,51,1537.1201171875,1965.5479999999961,24061.6
https://www.vroom.com/,https://vroom.com,2026-01-29 10:33:56,1169.2212678699595,476.6974269133063,20,0,1169.2212678699598,1265.7935045959916,2,9,247.1962890625,133.76100000000017,9613.6
https://www.carvana.com/,https://carvana.com,2026-01-29 10:34:33,3184.020284311355,978.0043992069911,862.4999999999986,0.0019119977497199742,7364.3034726717015,4494.732550765566,140,219,5435.173828125,4464.695999999993,32969.6
https://shift.com/,https://shift.com,2026-01-29 10:34:52,781.0051573092803,332.00147351693727,472,0,2377.5571318219763,1193.3249944734496,15,69,1734.6181640625,1045.271999999999,14950.1
https://getaround.com/,https://getaround.com,2026-01-29 10:35:06,861.0638750702913,428.02620515704257,72,0.01076526610337682,1600.59536767813,931.7282904820606,3,44,895.818359375,408.64199999999994,10712.2
https://turo.com/,https://turo.com,2026-01-29 10:35:30,1244.322333714682,398,294.5000000000001,0.0009428138326971755,2423.5863813152887,1121.436415108046,49,136,1449.869140625,1935.476999999919,19473.2
https://www.zipcar.com/,https://zipcar.com,2026-01-29 10:36:13,1034.6989943414242,947.9275847320121,2363.4515084878653,0.04506282649168816,7155.9795400770545,3136.2704279928107,7,183,4928.7958984375,4946.873999999982,38673.399999999994
https://www.searchhounds.com/articles/smart-car-listings-compare-and-buy.html?psystem=PW&domain=drivenow.com&oref=https%3A%2F%2Fdrivenow.com%2F,https://drivenow.com,2026-01-29 10:37:18,2225.109600165333,1604.319511485382,21,0.3078348472489713,2352.490354046744,2336.701696169165,2,73,1050.244140625,484.09000000000015,17443.399999999998
https://enjoy.eni.com/it/station-based/home,https://enjoy.eni.com,2026-01-29 10:37:55,6270.996735290819,2740.217706162236,181.49999999999955,0.004148353987395074,6329.47548171995,7240.766750127636,277,209,10692.3427734375,807.8799999999995,32770.6
https://blablacar.com/,https://blablacar.com,2026-01-29 10:38:08,834.0032024686464,674.0032024686464,27.5,0,1084.0032024686464,960.8489078283233,136,7,394.8671875,133.50099999999998,9214.300000000001
https://www.uber.com/us/en/ride/,https://uber.com/ride,2026-01-29 10:38:41,3133.7491011142492,2064.786646058536,3100.0000000000014,0.06444304170348861,6631.496838406189,4659.506692803098,74,153,2308.5517578125,5205.623000000018,28430.2
https://www.grab.com/sg/,https://grab.com,2026-01-29 10:39:03,2112.5852097221746,1031,9.5,0.05062562318445775,2668,2007.0231962034975,130,117,5941.2294921875,367.2290000000004,17976
https://gojek.com/en-id,https://gojek.com,2026-01-29 10:39:30,2088.0651935325773,624.5651935325773,65.5,0.004050770977767153,4374.231094985296,4888.778456190883,57,103,3778.7802734375,631.2680000000003,22789.2
https://www.ebay.com/str/Knepper-Time-Watches-Jewelry,https://ola.com,2026-01-29 10:40:04,3030.7016494121654,1055.002408708544,592.5,0.0017111605092307814,4341.160076430742,6822.086855110858,408,93,3038.76171875,1626.5170000000016,30166.7
https://didi.co/filter/,https://didi.com,2026-01-29 10:40:26,1405.4481851307316,1093.7519699960728,0,0,1405.4481851307319,4736.108333812635,185,39,2172.8974609375,46.73100000000002,18080.3
https://99app.com/,https://99app.com,2026-01-29 10:40:52,2635.052456143374,361.0118449356005,145.99999999999977,0,3198.763486850915,1181.1360247881744,7,141,2172.57421875,728.7279999999995,21807
https://cabify.com/es,https://cabify.com,2026-01-29 10:41:11,1992.0250493787917,578.3344659521846,262,0.07730797589926887,1998.0250493787917,1988.3087771638952,175,56,1057.2626953125,572.2649999999986,14896.4
https://venture.com/domains/beat.com,https://beat.com,2026-01-29 10:41:28,2111.0076305821776,1431.0047479177992,66.04403661931701,0.09140144079030427,2183.1061413829493,1868.783933253529,114,60,2020.4541015625,498.5029999999999,12994.4
https://www.careem.com/,https://careem.com,2026-01-29 10:41:53,2724.359898220937,1111.0455834302363,290.9886041424411,0.12841767000542073,4505.504043229359,1464.4609371524025,20,92,8579.0048828125,1344.5379999999998,21444.899999999998
https://www.hugedomains.com/domain_profile.cfm?d=inwai.com,https://inwai.com,2026-01-29 10:42:09,1146.0324778280574,949.4845985764662,122.5,0.008801119088827228,2630.948077787108,1527.985346039176,3,64,1626.6865234375,705.5489999999984,12210.3
https://www.free-now.com/uk/,https://free-now.com,2026-01-29 10:42:53,1484.0029199999994,924.8156799999999,319.4720599999996,0.0036564048704359805,2415.7954139999997,2170.0399812651203,60,77,2253.5595703125,1060.0469999999973,19848.8
https://taxify.com/,https://taxify.com,2026-01-29 10:43:05,503,385,0,0,503,769.2095439687173,2,2,98.4912109375,0,7826.2
https://www.dropcatch.com/domain/yandex-taxi.com,https://yandex-taxi.com,2026-01-29 10:43:31,2465.0991529965777,2328.304342455054,540.5,0.005035387115839243,3835.093309289086,4183.975374172868,5,89,2816.28515625,1892.754999999989,22049.6
https://citymapper.com/,https://citymapper.com,2026-01-29 10:43:57,2163.525563786723,1830.0199198338103,234.00000000000045,0.13576897044857564,3045.0404372626354,3388.3260791200955,24,44,3299.4189453125,748.6209999999987,22688
https://moovit.com/,https://moovit.com,2026-01-29 10:44:13,1224.0529912504949,681,12,0.001304667829046064,1409.1476921254455,1298.6364268797158,7,51,1404.9130859375,175.79599999999996,12339.6
https://transitapp.com/,https://transit.app,2026-01-29 10:44:40,2216.010265791291,996.0024142938693,241.99999999999955,0.0013100078802206463,3581.260868356288,1699.0367453266354,74,125,3465.3818359375,1796.704999999995,22213.8
https://www.thetrainline.com/,https://trainline.com,2026-01-29 10:45:03,2456.0088220202865,671.0016893230336,732.498434720007,0.04794007490636704,3968.2769474384386,3210.391267292712,42,94,3002.126953125,1884.6109999999949,19583.1
https://www.thetrainline.com/?redirected=true,https://trainline.eu,2026-01-29 10:45:37,2697,1306,1498.009109794405,0.04794007490636704,4009.0976709453444,4269.9473755842055,43,95,3002.958984375,3295.607999999985,28742.8
https://www.bahn.de/,https://bahn.de,2026-01-29 11:14:07,1091.185036211824,791.1138684380453,523.924087707971,0.15510088502047792,3365.3876007254285,3535.5543261112352,4,215,2781.2158203125,2274.763999999993,24520.1
https://www.trenitalia.com/it.html,https://trenitalia.com,2026-01-29 11:14:41,3191.3062856638953,1135.0813627742914,200.50000000000068,0.04984728616273692,3388.936675958622,5417.71362896711,368,72,3075.0556640625,872.3849999999992,29813
https://www.renfe.com/es/en,https://renfe.com,2026-01-29 11:15:21,3735.445297852569,1596.495498539017,35.499999999999545,0,3837.7072070358154,4494.306500088338,4,98,4321.7197265625,555.8089999999972,36215.2
https://www.ns.nl/,https://ns.nl,2026-01-29 11:15:57,3796.9177066422035,861.5389282302145,2203.8026106621437,0.02431672338813872,5569.377905745579,4953.842289836947,27,96,4078.1435546875,3653.708999999973,30563.5
https://www.sbb.ch/de,https://sbb.ch,2026-01-29 11:16:23,2766.1053462272384,783.0102320757461,809.9999999999998,0.03510319547374293,2985.884843744946,5078.9858730948035,26,79,1339.4365234375,1663.091999999995,21989.8
https://www.oebb.at/,https://oebb.at,2026-01-29 11:16:56,1575.00530521779,552.0010105176743,227.9999999999999,0.03263172230026834,1605.105431532499,4574.7418617254725,273,107,2552.9580078125,508.70900000000006,28950.5
https://www.dsb.dk/,https://dsb.dk,2026-01-29 11:17:25,4162.227572124279,2971.160143346714,300.5,0.001660848437089572,6846.362159832264,6672.130967821057,202,83,5141.51953125,1376.021999999999,24928.100000000002
https://www.sj.se/,https://sj.se,2026-01-29 11:17:53,2381.1642163163233,1015.0547387721078,238,0,2390.364946166618,4957.638655636676,1,182,1563.791015625,1141.2309999999927,23800.6
https://www.vr.fi/,https://vr.fi,2026-01-29 11:19:03,1093.0022209844008,631.0029613125346,58.49999999999977,0,2006.6135665130498,2599.6584683471096,209,149,3806.28125,667.0669999999961,19224.2
https://pkp.pl/,https://pkp.pl,2026-01-29 11:19:23,1707.933115,694.044805,0,0,1707.933115,4454.27708953399,1,8,1450.7353515625,0,16470.3
https://www.cd.cz/,https://cd.cz,2026-01-29 11:20:03,4050.643308112445,956.7395032189933,27.5,0.0004110389147202143,4082.100744068006,9032.47105324945,4,81,3408.201171875,549.4980000000005,35158.3
https://www.zssk.sk/,https://zssk.sk,2026-01-29 11:20:44,3146.51322273653,1544.0129823231389,262.49999999999955,0.0017946704629462993,5450.281235202382,7516.4929161349455,548,153,5485.169921875,1294.2220000000004,37759.2
https://www.mavcsoport.hu/,https://mav.hu,2026-01-29 11:21:20,1820.5067649565349,1456.7144390656074,0,0.6372954020240656,1822.5067649565349,8610.192167963394,5,51,1157.1865234375,140.90700000000052,31544.5
https://cfr.ro/,https://cfr.ro,2026-01-29 11:22:06,1843.0216715071556,884.3124324721799,86.5,0.005195180062693568,2280.8230259763523,5500.0447388792045,293,106,9764.3076171875,923.4609999999927,40020.9
https://www.bdz.bg/bg,https://bdz.bg,2026-01-29 11:22:37,4074.244931596814,2971.5504340778953,34,0.04428894911721333,4536.695758068117,8786.822216010729,575,35,1677.3876953125,216.67100000000005,27338
https://hzpp.hr/,https://hzpp.hr,2026-01-29 11:23:12,1700.5001562745674,1123.9042285147834,122.49999999999977,0.003562355566180572,4259.637354974884,6530.11955321106,1397,39,7542.9501953125,909.0629999999989,30881.100000000002
https://potniski.sz.si/,https://slo-zeleznice.si,2026-01-29 11:23:45,2202.807331202192,722.0088329332095,99.99999999999977,0.013376550924122757,2206.807419531524,5949.998810460457,246,55,1315.193359375,499.4000000000002,27899.6
https://www.ldz.lv/,https://ldz.lv,2026-01-29 11:24:37,2732.027140700424,1685.0162844202541,3,0.45002925399823795,2740.027412107428,5917.92547176479,256,107,3374.4716796875,237.78800000000018,28112.2
https://elron.ee/,https://elron.ee,2026-01-29 11:25:05,3341.113084720607,446.703892853211,114.5,0.020842832072060294,3992.684522253532,3315.9455172427215,14,85,4233.359375,868.1800000000001,23401.5
https://zugzugzug.com/rail-lv/,https://rail.lv,2026-01-29 11:25:22,591,591,0,0,591,2754.8201275157926,9,35,268.6689453125,57.34800000000003,12986
https://www.tutu.ru/,https://tutu.ru,2026-01-29 11:26:17,2605.2354963585312,1245.7145940622615,546.2417294140137,0.0009229075115435134,6962.449579076556,4579.988842301906,294,219,8606.1689453125,2169.1069999999886,50131.6
https://www.booking.com/?aid=2436563,https://booking.uz,2026-01-29 11:27:16,1775.5016815573968,1223.4958701457201,1532.4999999999995,0,6990.3338458047965,3789.4287190055575,24,236,4873.3798828125,3451.5309999999768,36025.899999999994
https://kazrail.kz/login_up.php,https://kazrail.kz,2026-01-29 11:27:42,4702.778600000001,4090.4312750000004,308,0.009885112531162487,4702.778600000001,6654.016554884947,94,23,1691.802734375,899.3529999999998,21458.9
https://railway.kg/,https://railway.kg,2026-01-29 11:28:17,2643.9303479359032,1060.2648089196082,82,0.05105570702173323,2651.5281608505647,4085.290689835717,1,70,3371.666015625,592.3819999999985,30981.7
https://railway.uz/uz/,https://railway.uz,2026-01-29 11:28:56,1722.5,1398,84,0.007226038647602522,2717.9500000000003,6220.908097500753,400,101,3592.0830078125,264.06000000000006,34191
https://domains.atom.com/lpd/name/railway.tm,https://railway.tm,2026-01-29 11:29:15,856.1432476336042,542.0020135680229,63.5,0.03389527246079265,1691.201049117209,1607.585679955886,16,67,776.4228515625,302.70800000000133,14694.9
https://ticket.ady.az/,https://ady.az,2026-01-29 11:30:19,4018.1777432345484,871.3262811464215,1072.500000000001,0.0023965778756648935,5706.6565731640485,5554.841235272084,914,108,3919.6845703125,3213.31799999999,37440.2
https://www.railway.am/,https://railway.am,2026-01-29 11:30:46,4415.11920673105,1161.5092299075543,58,0.012264311016918548,4451.475959195756,6639.04842443393,4,73,12583.7294921875,372.6990000000003,22721.7
https://www.railway.ge/,https://railway.ge,2026-01-29 11:31:20,4462.739218673495,1374.1721469387908,128.99999999999955,0.7760299625468166,4609.567916791974,9603.752105448464,318,46,13992.453125,554.3740000000004,29766.1
https://rail.is/,https://rail.is,2026-01-29 11:32:34,213,213,0,0,213,801.6157750427723,2,1,0.42578125,0,8046.5
https://www.nationalrail.co.uk/,https://nationalrail.co.uk,2026-01-29 11:33:16,2337.032322327146,512.0038478960888,431.5000000000002,0.017287709034517276,3763.328671445848,3105.385645731459,14,116,3589.3359375,1393.4419999999975,17702.9
https://www.traintickets.com/,https://traintickets.com,2026-01-29 11:33:35,1365.5090656557595,727.0044222711022,81,0,1765.0049087209234,2129.0951638185143,218,21,1439.33203125,333.0110000000001,15042.099999999999
https://redspottedhanky.com/,https://redspottedhanky.com,2026-01-29 11:33:57,904.5018273952005,765.2027732433438,44.5,0,1574.6518273952006,3924.761593726018,451,36,1095.7001953125,262.43700000000024,17837.2
https://www.flixbus.com/,https://flixbus.com,2026-01-29 11:34:45,1247.5824297908869,783.8703852404757,321.4999999999998,0.07078777753005969,3724.1803795946817,3384.2852851930484,7,133,2492.3583984375,1564.6139999999937,22062.6
https://www.greyhound.com/,https://greyhound.com,2026-01-29 11:35:11,1278.610409369689,748.8468868646381,380.5,0.07521480023028829,4766.189611102539,3084.4032132001576,5,161,2966.2060546875,1784.1539999999954,22309.100000000002
https://www.flixbus.com/boltbus?utm_source=boltbus&utm_medium=referral/,https://boltbus.com,2026-01-29 11:35:38,1067.7363725801276,760.2527228760681,671.0107803910535,0.0040531885707614625,4107.244220884531,3211.5557020248466,4,108,1919.6171875,1817.8139999999958,22180.8
https://peterpan.com/,https://peterpan.com,2026-01-29 11:35:54,1316.0230973985626,401.0063716961553,8,0.005589793067355742,1328.5234956295724,1009.5895949862162,5,92,1870.630859375,33.08800000000002,12410.2
https://trailways.com/,https://trailways.com,2026-01-29 11:36:22,1273.6933126329147,657.5563683041795,331,0,2181.923870820104,1654.3090459227828,187,84,1442.5390625,1350.2109999999975,21946.300000000003
https://bonanza.com/,https://bonanza.com,2026-01-29 11:36:55,637.4578811647089,211.67472869882528,59,0.005298106995884773,666.7078811647089,406.2251442674468,1,18,335.6923828125,387.0390000000005,9623.5
https://www.cttransit.com/,https://cttransit.com,2026-01-29 11:37:29,2538.419730372159,1366.5202782865863,353.4999999999998,0.007373353187713899,4033.120493112495,5094.490755996229,192,63,2542.95703125,1096.607,28694.5
https://www.go-metro.com/,https://go-metro.com,2026-01-29 11:37:59,2031.0201332257548,1237.004231631879,249,0.010961901257184195,6727.015365544843,2268.8762109614477,26,272,4547.8212890625,1884.380999999999,25537.4
https://marta.com/,https://marta.com,2026-01-29 11:38:22,7310.154806504967,1900.018019804811,0,0.011394091658824747,7551.660458171022,6372.7445258249845,180,77,5010.255859375,72.179,19007.6
https://www.metro.net/,https://metro.net,2026-01-29 11:38:55,1463.509137706951,1025.2047455081997,254.99999999999977,0.034584429038170376,3670.638368057284,4815.385367123461,147,163,2454.98046875,1267.770000000001,28292.1
https://wmata.com/,https://wmata.com,2026-01-29 11:39:19,6162.601309566936,2217.0066959011065,75.50000000000045,0.02401098678200182,6261.051356059797,4327.809097732868,358,108,5392.1044921875,672.1910000000001,20334.3
https://www.septa.org/,https://septa.org,2026-01-29 11:39:41,4444.180659050188,1481.4373868456162,223.50324415915588,0.7381263570915388,4534.159224554212,2288.8553973203752,1,172,5214.09375,1357.9369999999851,17448.5
https://www.mbta.com/,https://mbta.com,2026-01-29 11:40:35,17005.12233852119,4585.031025754773,277.9999999999982,0.002544359593539393,17642.025735179646,4585.031025754773,8,299,22714.302734375,4913.070999999977,50173.299999999996
https://www.njtransit.com/,https://njtransit.com,2026-01-29 11:41:01,3431.0172250947217,1271.0071845467974,131.50000000000045,0.0036082497620563343,5009.775014680636,2035.3297643193516,34,264,3458.9140625,1126.3719999999994,21901
https://www.mta.info/,https://mta.info,2026-01-29 11:41:48,1853.297288469701,1103.509982990531,282.5,0.18956711283528863,3789.7347383375977,2349.0286783613683,13,135,3245.1513671875,890.4059999999987,21843.4
https://www.caltrain.com/,https://caltrain.com,2026-01-29 11:42:17,3873.0893724070247,1273.0241004243665,256.00000000000045,0.000634207796522848,3957.091481194157,1728.4985835995158,26,99,4822.2890625,1022.1540000000003,24433.399999999998
https://bart.gov/,https://bart.gov,2026-01-29 11:42:35,659.7686257226068,214.66117543356407,135.49999999999994,0.005298106995884773,954.3731745520936,696.2705972865845,1,37,367.3525390625,728.0110000000003,14722
https://www.vta.org/,https://vta.org,2026-01-29 11:43:01,2459.066903726028,1344.7209641328539,52,0.005926982856416331,2814.7747788521137,2126.701491327877,8,144,4602.630859375,452.2370000000004,21761.1
https://www.samtrans.com/,https://samtrans.com,2026-01-29 11:43:28,3914.558929890251,1200.5124407546086,249,0.0007555724723876412,3914.5589298902514,2064.171909791838,19,104,5731.8916015625,889.0990000000004,22323.1
https://www.actransit.org/,https://actransit.org,2026-01-29 11:44:05,5641.874933583405,1323.994947741467,192.00000000000045,0.05023176381729687,6232.241994166727,4931.659970091739,165,196,6255.5859375,1012.8349999999997,31901.7
https://511.org/,https://511.org,2026-01-29 11:44:50,1496.0918267137804,929.0890431934365,236.50481314559062,0.35626291138712546,3253.1541739056256,2224.6494076673,5,149,2023.75,1377.9759999999992,21329.5
https://www.rome2rio.com/,https://rome2rio.com,2026-01-29 11:45:11,1255.0060357196317,845.004133250153,167.75036106163907,0,2325.3361209463355,868.9775510531475,14,131,1134.54296875,402.182,16500.3
https://www.kayak.com/,https://kayak.com,2026-01-29 11:46:56,3591,2631,625.9999999999986,0.11507052354769304,7836.935633396619,3885.993738424114,888,1319,7194.732421875,3279.171000000036,100308.8
https://www.expedia.co.uk/,https://expedia.co.uk,2026-01-29 11:47:26,1103.0028031754514,943.0028031754512,692.5,2.7104536732861122e-05,4572.403593938265,3148.1140968484287,595,116,3158.8388671875,1816.0779999999722,25674.4
https://www.booking.com/flights/index.html?label=gen173nr-10EgdmbGlnaHRzKIICOOgHSDNYBGiVAogBAZgBM7gBB8gBDNgBA-gBAfgBAYgCAagCAbgC-O_rywbAAgHSAiQ0M2I4YmIwMS1iYTBkLTRjODMtOGQ1MC1mMGNhMGMxMDVmNjLYAgHgAgE&sid=8ab11d318c570dbba4cac4ca1749a9a7&keep_landing=1&,https://booking.com/flights,2026-01-29 11:48:04,1527.3407422155774,1228.3369261703344,1329.9982666807289,5.0015176463319964e-05,5481.445032224141,3781.007954143426,40,136,3406.1259765625,2717.7679999999796,32518.2
https://www.skyscanner.com/,https://skyscanner.com,2026-01-29 11:48:25,2148.0488065938034,499.0057798140804,246.5,0,3174.3623967379863,1986.8721213587055,78,131,2050.90234375,1480.0629999999942,16589.899999999998
https://www.momondo.com/,https://momondo.com,2026-01-29 11:49:14,7492.001069141478,2391,486,0.00017480633221143903,7561.900962227331,3236.4314967083346,546,1279,6997.2451171875,2098.148999999985,44664.6
https://www.cheapflights.com/,https://cheapflights.com,2026-01-29 12:02:18,2091,1991,496.00012528416255,0.0010902520546424309,4483.500967472147,2114.9776818182368,426,718,2840.2529296875,1531.6029999999969,41004.9
https://www.orbitz.com/,https://orbitz.com,2026-01-29 12:03:05,994.0016570544446,794.0023101077662,334.9999999999998,0.004357092780569829,3918.1105238722475,2496.8721965166797,380,112,2605.0048828125,1315.8259999999798,22869.4
https://www.travelocity.com/,https://travelocity.com,2026-01-29 12:03:41,1116.0017045457992,896.0017045457992,737.9999999999995,0,4597.170327806559,2610.710554209135,529,114,2676.599609375,1630.647999999978,31971.5
https://www.priceline.com/,https://priceline.com,2026-01-29 12:04:25,3310.063746031057,1042.023689497421,1571.9882315793286,0.0046612020952771505,6436.383787077888,3077.4458451991813,183,209,3928.2607421875,3739.143999999982,39680.1
https://www.hotwire.com/,https://hotwire.com,2026-01-29 12:05:00,3205.5186607968735,754.8175793773149,1367.1824206226852,0.0005584259049096829,5485.4006251973005,4458.545709765389,1,170,3979.1943359375,4043.344999999989,29761.5
https://www.onetravel.com/,https://onetravel.com,2026-01-29 12:05:50,1105.001697634399,1060.1257206255705,2588.0000000000023,0.2987735137437275,7695.503960061165,2797.307300404709,16,393,5080.3447265625,6031.464999999986,45799.3
https://www.cheapoair.com/,https://cheapoair.com,2026-01-29 12:06:24,1373.6954984638692,963.5505787373004,1406.9763847241434,0.0003129306153585809,8134.561758282261,1723.3477702192645,13,346,7088.5498046875,3400.181999999993,28811.6
https://www.flightcentre.com.au/about-us/international-websites,https://flightcentre.com,2026-01-29 12:07:30,956.8812825787536,894.666964909842,564.5000000000011,0.0737823166893642,5336.322393601133,2984.319083705304,16,163,2586.525390625,1701.960999999999,21207.100000000002
https://www.lastminute.com/,https://lastminute.com,2026-01-29 12:08:09,1179.2062708694716,790.4808036172683,936.0000000000007,0.18421571257624847,5097.8608829065,3472.495250871736,26,194,3245.7802734375,3962.125999999989,34098.299999999996
https://www.opodo.com/,https://opodo.com,2026-01-29 12:08:48,6789.599890985295,551.009938162349,2147.9999999999914,0.16969245519950404,7229.30254116192,5918.761045131077,229,235,6200.7431640625,4170.3519999999735,35137.5
https://www.edreams.com/,https://edreams.com,2026-01-29 12:09:17,1137.7459432641524,673.6639621761014,210.50000000000045,0.1307995217790698,2583.4964261164982,2213.8913487841155,234,77,2352.845703125,498.1669999999999,23677.7
https://www.gotogate.com/,https://gotogate.com,2026-01-29 12:10:16,5008.234416577401,783.7002731115366,1277.000000000001,0.49332875585611197,5008.234416577401,4087.243957352941,100,115,2980.6748046875,2528.9699999999793,54879.2
https://tripsta.com/,https://tripsta.com,2026-01-29 12:10:28,428.95964499999997,208.95964499999997,0,0,428.959645,783.0991170701636,2,3,8.841796875,0,7725.9
https://www.bravofly.com/,https://bravofly.com,2026-01-29 12:10:54,1655.4102401632224,927.2055105534405,439.5000000000007,0.056268348103524074,3948.1800682214325,2569.3966699876237,23,137,2275.478515625,1912.9909999999923,21401.2
https://www.volagratis.com/,https://volagratis.com,2026-01-29 12:11:27,1300.6693699822067,885.8760871340767,858.1768652388116,0.0036040905418549545,4374.954632350506,2707.8167051988826,20,147,2681.017578125,2932.1969999999947,28758.6
https://www.vayama.com/,https://vayama.com,2026-01-29 12:12:08,1096.5082086845314,750.0065604144681,437.5,7.482969967603537e-05,2524.7565604144684,2735.5476748075735,265,66,1633.146484375,834.8919999999988,17425.3
https://www.kiwi.com/en/,https://kiwi.com,2026-01-29 12:14:07,2139.2099542638375,939.2091768624894,729.0000000000005,0.19680235469469046,4534.158865348948,2286.9311759172133,182,165,2786.318359375,2261.086999999977,54194.8
https://www.dohop.com/,https://dohop.com,2026-01-29 12:14:25,1753.041552734669,915.0333379945143,133.5,0.06681318602799871,2932.003006518571,2444.8576513921103,3,40,1475.7109375,1408.2730000000004,13535
https://wayaway.com/login_up.php,https://wayaway.com,2026-01-29 12:15:13,4348.526205,4235.526205,278.03629,0.0006708951845096809,4613.562495,7466.878432964747,266,23,2360.546875,1181.6269999999972,22456.2
https://www.farecompare.com/,https://farecompare.com,2026-01-29 12:16:12,2138.7066579864413,671.0179528166751,326.1698374852929,0.09532575226460588,3033.415169061105,1934.8986959431247,271,148,2113.6064453125,1561.5269999999982,53857
https://www.airfarewatchdog.com/,https://airfarewatchdog.com,2026-01-29 12:17:03,2328.050894624873,1273.0718545832726,759.2742863275262,0.010386189168975025,8557.835782932329,4958.283039070982,255,786,5605.248046875,3357.0359999999905,46387.5
https://www.secretflying.com/,https://secretflying.com,2026-01-29 12:17:32,1299.2553064789959,901.0037521641196,417.97357466453605,0.30369704451434276,5333.653508179507,2375.795901816103,364,157,3850.501953125,1812.6809999999969,24419.5
https://scottsflights.com/,https://scottsflights.com,2026-01-29 12:17:51,1471.3105820367305,1110.8774443404961,0,0.01587962962962963,1471.3105820367305,2147.3203108245257,1,18,201.08984375,53.331,15272.900000000001
https://www.theflightdeal.com/,https://theflightdeal.com,2026-01-29 12:18:24,2801.706321703664,948.4287276375019,482.00000000000114,0.8582932343416056,3913.3761382450693,2617.937309338818,86,129,1771.05859375,1695.6379999999904,28546.8
https://www.flyertalk.com/,https://flyertalk.com,2026-01-29 12:19:05,2193.0432015219494,1025.617954206495,2132.5,0.026063780215637104,7827.076728813383,3023.5603035229124,156,291,5281.8623046875,5356.224999999979,35581.299999999996
https://deltanews.com/,https://deltanews.com,2026-01-29 12:19:18,204,204,0,0,204,538.412245539844,1,3,10.57421875,0,8327.9
https://www.travelcodex.com/,https://travelcodex.com,2026-01-29 12:20:44,2068.0359829509325,1083.7317888292528,2346.0000000000064,0.006692865092433168,12743.700170409578,4694.296641793127,7,1377,4884.23828125,10115.538999999902,80932.8
https://onemileatatime.com/,https://onemileatatime.com,2026-01-29 12:21:59,3302.056224766723,474.20157436204113,1179.4999999999968,0.0001750979046034675,15343.779269349121,3068.2915181502012,8,1611,4833.0234375,3301.884999999994,70292.4
https://viewfromthewing.com/,https://viewfromthewing.com,2026-01-29 12:23:33,1741.1149220112056,841.0526148966966,2436.500000000007,0.009743223791202906,15623.605989140822,3915.894764951755,198,1738,3936.4541015625,6266.499999999944,88497.2
https://liveandletsfly.com/,https://liveandletsfly.com,2026-01-29 12:25:19,1449.2150412937265,885.7090507385777,1937.9999999999982,0.014782372985537143,17543.00960443796,3407.253851654429,8,2094,5382.4287109375,5727.649999999963,99889.1
https://thepointsguy.com/,https://thepointsguy.com,2026-01-29 12:26:02,1217.0064729993433,676.3984854847743,2104.999999999999,0.02714247162359506,9584.970730762372,3597.671209287837,67,226,8194.73046875,4257.60699999998,38143.299999999996
https://awardwallet.com/,https://awardwallet.com,2026-01-29 12:26:20,825.4247709888778,660.6574144756028,345.3081608716816,0.00031149802885050153,2306.3409678795897,1225.9255411468475,183,76,1919.42578125,686.6080000000819,14511.7
https://www.americanexpress.com/en-us/travel/lounges/the-platinum-card/,https://loungebuddy.com,2026-01-29 12:26:52,1555.0286463532632,1028.5093071372103,394.98603929418414,0.044773313610646265,2834.40444675268,2193.5762357188473,393,87,2781.3603515625,1020.4089999999923,26965.7
https://prioritypass.com/,https://prioritypass.com,2026-01-29 12:27:21,4478.483539497156,1636.0155483141402,480.49999999999955,0.033347927808384394,4561.63350290489,4747.143030983077,235,119,3894.80078125,2136.392000000027,25108.3
https://www.aa.com/homePage.do?locale=en_US,https://aa.com,2026-01-29 12:28:40,3542.2707445840397,2798.2082650646453,3518.32778881802,0.008911752293999728,10688.86498930394,9539.107388929498,6,299,5069.724609375,9730.0509999999,74529.4
https://www.united.com/,https://united.com,2026-01-29 12:30:04,7117.540683826774,2176.396783839905,6108.603834585067,0.21085842508602232,16584.50677221239,9541.615281505314,3,369,8870.201171875,13641.151000000205,58903.7
https://www.southwest.com/,https://southwest.com,2026-01-29 12:30:48,4210.14059735884,977.89382638869,1935.600561237391,0.23549681725107408,6568.358937776742,6288.989049768179,1,232,3519.31640625,6275.957999999982,39266
https://www.jetblue.com/,https://jetblue.com,2026-01-29 12:31:54,1393.0162329454072,777.0042346814105,230,0.013808294239390579,3518.897778649394,2870.0811069840165,27,97,4463.2099609375,2722.3239999999546,60921.700000000004
https://www.spirit.com/,https://spirit.com,2026-01-29 12:33:05,2585.9972604344935,845.9516867594566,2626.7519432509102,0.44617794475991196,7942.069711923663,4137.357990414552,2,290,4437.2109375,6862.412999999983,66175
https://frontier.com/,https://frontier.com,2026-01-29 12:34:56,5858.253007732268,309.0015623629582,941.2322562883573,0.08561251478474045,9385.11113495635,6868.086269565803,173,387,7173.806640625,4720.8699999999835,46912.200000000004
https://www.allegiantair.com/,https://allegiant.com,2026-01-29 12:35:52,5367.981247532916,1995.6581229697927,678.9999999999991,0.40824672137516677,5371.981247532917,4952.452828040504,8,224,3647.0810546875,3404.966999999984,50632.8
https://www.aircanada.com/home/us/en/aco/flights,https://aircanada.com,2026-01-29 12:36:29,3077.1999928126265,1294.3919541414384,1412.1092245939585,0.0008673898878195229,7767.594206301926,4444.854261508022,3,184,4636.591796875,3701.688999999975,32643.5
https://www.westjet.com/en-ca,https://westjet.com,2026-01-29 12:37:36,6135.524422680902,2645.5339193234613,1431.0000000000002,0.003335462847022659,9746.755649259867,4880.1183309249,5,208,9702.0927734375,6740.247999999935,62769.7
https://www.britishairways.com/travel/home/public/en_us/,https://britishairways.com,2026-01-29 12:38:02,4482.79925166218,1085.7511097208226,554.5,0.1231445145516467,4650.952734704571,5744.978941245952,6,108,3635.0712890625,1637.6809999999887,22350.800000000003
https://www.lufthansa.com/tw/en/homepage,https://lufthansa.com,2026-01-29 12:38:55,3437.8275461307067,2138.5913795966444,2905.259330611965,0.06935958354113299,6961.620659598034,3616.6298556142356,13,499,11631.8505859375,4881.879000000033,48444.2
https://wwws.airfrance.fr/splash,https://airfrance.com,2026-01-29 12:39:56,4455.766095035277,932.0034454004833,919.000000000001,0.036000576569477284,4993.033630936938,6726.395893187022,335,362,3549.4033203125,3029.3869999999647,55779.899999999994
https://www.klm.com/,https://klm.com,2026-01-29 12:40:43,1072.005772385804,825.0068143516014,2671.9965928241986,0.06482142719551703,6759.744634002988,3414.806945009636,39,374,4006.4814453125,5796.908999999973,42817.4
https://www.emirates.com/english/,https://emirates.com,2026-01-29 12:41:05,1174.0847812374593,887.7903881499743,971.4999999999991,9.384075845905025e-05,4639.611250720561,2455.46001495552,7,95,3006.3349609375,2935.044999999993,18195.5
https://www.qatarairways.com/en/homepage.html,https://qatarairways.com,2026-01-29 12:42:35,2693.396522444485,989.6966805151903,8715.949051575772,0.1360431883137504,13152.536902735876,7771.026740651646,48,128,4424.4033203125,10336.319000000027,65660.5
https://www.turkishairlines.com/,https://turkishairlines.com,2026-01-29 12:43:11,2302.1927572749796,932.5148473683098,547.9073978328502,0.09491319868810891,2905.7689756343784,3958.0004126589183,1,124,1862.3095703125,2330.2719999999968,31078.4
https://www.iberia.com/,https://iberia.com,2026-01-29 12:44:12,2026.1068288195215,656.0049697886989,2134.499290030186,0.00030905977780583264,6338.944103682217,4464.75279539036,247,121,3707.0390625,5027.21599999998,36300
https://www.swiss.com/xx/en/homepage,https://swiss.com,2026-01-29 12:44:48,4199.531312614654,1115.846368329504,1231.3177008792081,0.08718921098955017,5099.825564812673,5300.616217981218,14,479,10981.9033203125,3298.915999999852,31336.7
https://www.austrian.com/xx/en/homepage,https://austrian.com,2026-01-29 12:45:31,2505.3168268279273,803.8374191015914,1717.2438713476104,0.07446836446075206,5319.73832123843,5168.43939404008,11,501,11416.2265625,3566.2439999999574,38953.7
https://www.brusselsairlines.com/xx/en/homepage,https://brusselsairlines.com,2026-01-29 12:46:12,1689.8360856735776,1115.892108292477,1305.203322824219,0.06419641264669462,4777.156407948032,4565.498061066317,12,479,12375.228515625,3361.728999999993,36693.299999999996
https://www.finnair.com/,https://finnair.com,2026-01-29 12:46:31,3004.439917083617,799.5143161943537,168.99999999999977,0,3004.439917083617,3472.376827196689,30,51,2040.583984375,1027.8030000000035,14970.9
https://www.sas.com/en_us/home.html,https://sas.com,2026-01-29 12:47:43,1798.8745355989597,1158.1852142187508,2338.9468979647054,0.11349509921109252,9474.1993814792,2734.5837589683256,76,232,6125.294921875,4945.733999999973,67276.4
https://norwegianair.com/,https://norwegianair.com,2026-01-29 12:49:33,746.012429294468,613.0108068349807,2403.500000000001,0.08990712209816178,8757.010806834982,5075.340298830166,4,167,2596.783203125,5669.052999999987,103521.3
https://www.ryanair.com/us/en,https://ryanair.com,2026-01-29 12:49:55,2587.2247240420866,1575.474091083127,264.99999999999966,0.054027845201284536,2591.310896948295,2655.3524209460943,2,94,1767.62109375,979.8019999999943,17718.8
https://www.easyjet.com/,https://easyjet.com,2026-01-29 12:50:23,3230.056524669544,2263.033993857209,547.9711249617981,0.004875559855178123,3894.157919209104,3639.9219150648937,45,127,4022.0986328125,1773.901999999989,23721
https://www.vueling.com/en,https://vueling.com,2026-01-29 12:51:11,6756.040056012851,907.7276194792844,2806.138696684858,0.038444378373853144,9156.134470756322,9913.846035836463,267,208,7321.7080078125,6489.181999999994,43372.3
https://www.eurowings.com/en.html,https://eurowings.com,2026-01-29 13:11:14,3466.3704462093065,1179.3486668492385,364.38377771692103,0,3566.0482907206933,4440.320224723094,14,82,2692.0986328125,967.804999999983,21811.600000000002
https://www.flytap.com/pt-pt,https://tap.pt,2026-01-29 12:53:11,7100.3987733962695,4155.927624111313,868.0118862358822,0.500374531835206,9326.694008367002,7956.676682405614,779,86,10439.353515625,2581.648999999992,33324.7
https://en.aegeanair.com/,https://aegeanair.com,2026-01-29 12:53:52,6870.564027868061,1181.0020365809783,1839.9999999999998,0.02487126865309709,6915.1731110225,6919.126038908151,614,162,10081.5302734375,4168.744999999992,37081
https://www.olympicair.com/,https://olympicair.com,2026-01-29 12:54:26,3250.2527552578817,947.0084550555304,1824.3828804947616,0.08464959984202747,4278.807585252801,5248.175969440242,226,114,6710.0263671875,3850.1060000000193,29796
https://www.adria.si/,https://adria.si,2026-01-29 12:55:05,1795.6364800000003,961.1846700000001,0,5.069509545055294e-05,1795.6364800000006,2668.363286471201,3,55,1270.626953125,104.73500000000001,14967.7
https://www.lot.com/pl/en/,https://lot.com,2026-01-29 12:55:39,2410.628792460717,1909.3856780254198,1620.0056865941601,0.00017633946092366612,5853.125609730176,2640.584764643543,58,138,3985.0234375,3000.604000000127,29277.4
https://www.tarom.ro/,https://tarom.ro,2026-01-29 12:56:16,9112.11972515742,1552.016870363091,511.99945579473865,0.039054191352047816,13363.743368962916,6144.046911082076,637,142,23973.005859375,2147.9019999999978,32485.7
https://sedo.com/search/details/?partnerid=324561&language=us&domain=bulgariaair.bg&origin=sales_lander_15&utm_medium=Parking&utm_campaign=offerpage,https://bulgariaair.bg,2026-01-29 12:56:30,847.9683834840905,439.68103009045427,24,0.004361166272655634,847.9683834840905,1053.2624264753426,2,49,330.75,342.53700000000066,9969.3
https://www.airbaltic.com/en/index,https://airbaltic.com,2026-01-29 12:57:00,1640.2334851857727,1128.9898370373985,362.0502540740647,0.18286529157562456,2869.7896390372275,2030.9587753404116,16,319,2464.5703125,1556.5909999999922,25931.3
https://www.aeroflot.ru/,https://aeroflot.com,2026-01-29 12:57:56,7629.003706516372,785.0001035339769,855.5000000000023,0.014081427721227778,8229.004017118305,10970.630323496034,68,118,8278.5849609375,1940.1919999999886,51665.6
https://www.s7.ru/ru/,https://s7.ru,2026-01-29 13:00:05,6016.898536343218,790.2392132557482,2140.999999999999,0.8072993864052913,8010.541040535883,16720.065191805625,2,257,5090.6171875,5185.251999999978,60995.3
https://www.utair.ru/,https://utair.ru,2026-01-29 13:00:40,2814.2178357041803,717.9480607513142,1137.6910601444902,0.0470391272205464,4248.747578144072,5089.959350121114,1,65,1963.40625,2087.6529999999866,31240.1
https://www.rossiya-airlines.ru/,https://rossiya-airlines.com,2026-01-29 13:01:11,3132.145799037689,968.0300247865522,14,0.02290019888889486,3134.2463673744005,5112.007027684949,4,119,1636.8056640625,282.7779999999998,26974.100000000002
https://www.flypobeda.ru/,https://pobeda.aero,2026-01-29 13:01:47,1221.6844470113751,551.0018808201036,356.4999999999991,0.027981685771177735,3485.2748001465343,4257.872735480259,73,103,3249.5595703125,2001.6409999999858,30979
https://nordstar.ru/,https://nordstar.ru,2026-01-29 13:02:29,3268.4661854230417,2409.8863113244774,1455.8525938305957,0.0016904580536855503,8006.31630975578,6653.580417926958,83,169,8847.5751953125,2288.1499999999687,37495.6
https://www.yakutia.aero/,https://yakutia.aero,2026-01-29 13:02:59,4539.118738186727,967.7858726391395,278.00000000000045,0.47449798206759836,4608.1835601203,5736.647452235395,2,61,6931.62890625,744.4869999999987,26190.300000000003
https://iraero.ru/,https://iraero.ru,2026-01-29 13:03:35,3960.217464894432,2213.681589991616,701.4999999999991,0.06015667124198983,7993.459866310925,8329.973879684008,36,94,13007.7373046875,1835.42499999998,31273.600000000002
https://azimuth.aero/,https://azimuth.aero,2026-01-29 13:03:46,454.83709999999996,208.83709999999996,0,0,454.83709999999996,731.702249180924,1,3,9.3505859375,0,7337.8
https://www.hugedomains.com/domain_profile.cfm?d=smartavia.com,https://smartavia.com,2026-01-29 13:04:22,1122.5772715372682,919.9800639309518,176,0,2624.068093392858,1390.5547082052262,2,66,1668.43359375,761.7449999999994,12084.3
https://belavia.by/,https://belavia.by,2026-01-29 13:05:48,4042.3475520149686,797.0377773929313,196,0.029781496794736913,4134.356240815343,4881.352710163686,288,52,4927.123046875,1122.9989999999934,26029.2
https://www.uai.news/,https://ukraineintl.com,2026-01-29 13:06:06,1878.1737833310917,1878.1737833310917,0,0,1878.1737833310917,4124.651078928875,1,16,1014.1572265625,375.73100000000056,14337.8
https://skyup.aero/uk,https://skyup.aero,2026-01-29 13:06:57,4918.876005993245,1349.338547718888,523.500208156504,2.8905816770276974e-05,5075.626349451473,5037.7815434435415,648,203,3784.0595703125,1682.7619999999981,25046.9
https://www.ifly.com/,https://ifly.com,2026-01-29 13:08:25,1309.7437581643048,757.5999412409317,1796.3790508459977,0,12355.89618952752,4303.755487713525,189,1198,5119.0439453125,5633.977999999985,62350.6
https://nordwind.ru/,https://nordwind.ru,2026-01-29 13:09:14,2165.41694824719,767.2054112936999,249.9998678646018,0.012037862925646074,2252.004934021326,4813.192573024755,293,95,1269.662109375,786.912,24529.4
https://www.vim-avia.com/,https://vim-avia.com,2026-01-29 13:09:50,2231,591,0,0.0012054828685783938,2231,1144.9381621074658,5,31,2171.2978515625,9.776,10818
https://aviastar.com/,https://aviastar.com,2026-01-29 13:10:08,1456.0927167524214,1092.5282439315856,0,0.01587962962962963,1456.0927167524214,2228.1550563875526,1,18,201.033203125,1.7140000000000002,14758.6
https://www.smartwings.com/,https://smartwings.com,2026-01-29 13:10:49,4490.176237002183,892.4696095314652,352.5,0.015749145652413327,4593.205094907442,5765.908300656993,10,145,4936.7744140625,1973.642999999997,35735.799999999996
https://www.volotea.com/en/,https://volotea.com,2026-01-29 13:11:56,2092.742278622927,1145.702926015268,1966.985501670863,0.0772262506758261,7017.839682431068,5293.304188150121,134,102,5134.51953125,3452.281999999988,36859.600000000006
https://www.transavia.com/,https://transavia.com,2026-01-29 13:12:15,1172.1376718945953,678.0512267514773,412.4999999999999,0.0009351171817996089,2125.630125776638,2894.3312967368856,3,31,1135.158203125,1057.358999999999,14448.1
https://www.tui.com/,https://tui.com,2026-01-29 13:13:13,2619.225088913653,1087.6157474429253,81.50000000000068,0.006451510080484502,3084.4399239188433,3559.785836949451,242,170,3360.470703125,520.8810000000001,53720.9
https://www.condor.com/de/,https://condor.de,2026-01-29 13:13:56,8351.827683374004,991.0700030714324,1003.9999999999993,0.2971973190246129,9425.771538239343,5637.248256195462,6,147,9372.220703125,5054.126999999858,38968.4
https://mediaoptions.com/,https://pegasus.com,2026-01-29 13:14:40,933.5033671342285,718.5067668264624,3,0,1002.1033671342285,4815.865697989422,13,58,435.7451171875,166.94300000000035,19728.1
https://www.tuifly.be/nl,https://jetairfly.com,2026-01-29 13:15:58,4414.13659982031,1205.0163088788518,578.0272364830466,0.005902443936622373,4460.106057229002,6898.591714661174,12,136,3367.7451171875,1668.0439999999958,33131.1
https://www.thomascook.com/,https://thomascook.com,2026-01-29 13:17:02,1918.020270502303,1024.6016908853894,225.00000000000023,0.007320484533469692,3400.977884934579,6179.146883221743,348,128,3336.2607421875,1329.2029999999947,59184.700000000004
https://www.flybe.com/,https://flybe.com,2026-01-29 13:17:32,5584.798046202279,877.4951321080424,37,0.000993292809042486,5626.090486699843,2156.116353265287,104,209,22980.97265625,756.8530000000002,18473.399999999998
https://www.loganair.co.uk/,https://loganair.co.uk,2026-01-29 13:18:50,1433.503667201554,995.7810463629764,2271.999999999997,0.03953382258384024,10162.295958526774,6000.494624480594,562,292,6978.71484375,7518.974999999899,73269.8
https://www.cityjet.com/,https://cityjet.com,2026-01-29 13:19:29,2561.9544760592553,1163.400685439838,58.051825243029725,0,2582.74933925609,2828.761597688153,2,47,1691.4658203125,471.8720000000003,14522.6
https://www.icelandair.com/,https://icelandair.com,2026-01-29 13:20:19,4400.400431727582,591.0038478529269,1517.999999999999,0.0013704392493360184,5558.2077576393995,4115.8553516695465,25,149,3724.8017578125,3672.5679999999725,32869.9
https://wowair.com/,https://wowair.com,2026-01-29 13:20:36,1466.017029749722,889.5093974316222,134.5,0.0275522597112204,2098.0232776069197,1197.552102633044,60,50,1542.7900390625,504.88999999999953,13596.9
https://www.papaya.is/,https://play.is,2026-01-29 13:20:49,1083.0339350301022,1083.0339350301022,0,0.00031872646878557045,1083.0339350301022,1799.695556171412,1,6,111.2080078125,0,9055.3
https://www.airnorth.com.au/,https://airnorth.com.au,2026-01-29 13:21:52,1111.0337275356453,915.7056393920695,113.5,0.034666609335226146,1880.8567455071293,2099.8820480710433,7,101,6273.9580078125,753.4169999999966,18156.7
https://www.jetstar.com/us/en/home,https://jetstar.com,2026-01-29 13:23:02,4099.01501600383,1163.8227321223724,2639.497497332696,0.03105873336073155,7853.503904750487,3430.296617955749,19,222,5808.1962890625,5751.839999999942,65019.4
https://www.virginaustralia.com/au/en/,https://virginaustralia.com,2026-01-29 13:24:26,8699,1364,2695.5000000000014,0.2575224936561713,9765.00713067008,5873.665057338767,317,312,7230.798828125,7672.068999999954,79325.3
https://www.afternic.com/forsale/scoot.com?utm_source=TDFS_DASLNC&utm_medium=parkedpages&utm_campaign=x_corp_tdfs-daslnc_base&traffic_type=TDFS_DASLNC&traffic_id=daslnc&,https://scoot.com,2026-01-29 13:25:15,835.055931828045,835.055931828045,644.9999999999998,0.0063526019203225224,2802.9483706334145,1829.338814773002,9,85,2861.2705078125,2282.8119999999967,23837
https://cebu-pacific.com/,https://cebu-pacific.com,2026-01-29 13:26:10,604.0184112858113,264.0167450390053,342.0000000000001,0.03799629139167721,3344.507469140435,1042.4189250646023,5,69,1756.552734375,1315.9279999999976,50742.1
https://www.philippineairlines.com/ph/en/home.html,https://philippineairlines.com,2026-01-29 13:26:40,3392.737762816824,1317.9941130103127,773.4999999999991,0.009850431333535359,5909.154182108292,4982.338210425425,1,188,3696.970703125,3132.890999999987,26198.600000000002
https://www.airasia.com/zh/tw,https://airasia.com,2026-01-29 13:27:26,1258.4043087839277,1136.4029852662236,2778.500000000001,0.20252914224181284,15536.085234617822,7137.357927812892,31,233,12710.2880859375,5596.40499999997,41300.7
https://www.garuda-indonesia.com/oc/en/,https://garuda-indonesia.com,2026-01-29 13:28:36,5800.376886948159,1184.4396996182013,1076.4999999999986,0.03918896884029419,5910.8638214101065,4123.08400397796,1,311,11462.3515625,3408.417999999979,25362.899999999998
https://www.citilink.co.id/,https://citilink.co.id,2026-01-29 13:28:47,698.5373289931928,437.0373289931928,0,0.11119057000262673,698.9373289931928,1020.0656055061517,1,4,49.4736328125,0,6993.3
https://www.sriwijayaair.co.id/new/,https://sriwijayaair.co.id,2026-01-29 13:29:17,5223.202531029614,3004.10950659053,779.4999999999991,0.14633141294925392,6525.7393406906485,3004.10950659053,6,210,9843.869140625,3305.8489999999965,24934.399999999998
https://www.batikair.com.my/,https://batikair.com,2026-01-29 13:30:24,8828.11084743512,1481.558913926981,2513.3045494269372,1.7982714317022506,8842.0282647123,9433.951968971378,2,171,8242.3134765625,5872.523999999996,60254.7
https://nokair.com/,https://nokair.com,2026-01-29 13:33:52,16172.089812904062,645.3310391911652,4830.94976912997,0.0043376904855065524,16596.38223085626,5219.747620809663,8,219,30590.32421875,9908.079999999985,44033.8
https://www.bangkokair.com/,https://bangkokair.com,2026-01-29 13:34:38,969.6142491066901,591.0093741880636,372.5,0.029258266788943894,3396.651393633489,1987.0775007603768,4,161,11438.294921875,1345.3429999999983,20409.8
https://domains.atom.com/lpd/name/orientthai.com,https://orientthai.com,2026-01-29 13:34:57,1259.617986332747,540.0016643116413,43,0.02556738243389285,1730.5084372279312,1901.966393670981,17,63,1018.4140625,206.1100000000011,15347
https://valuair.com/lander,https://valuair.com,2026-01-29 13:35:47,1410.4281289873038,1145.1177680175156,6,0,1420.0375903947597,1898.175322743908,1,24,384.462890625,450.01699999999994,25174
https://www.flightlist.io/silkair.php,https://silkair.com,2026-01-29 13:36:04,683,683,0,0.0012214543707766677,683,3002.38882370945,2,30,436.8818359375,51.86200000000002,12614.300000000001
https://www.singaporeair.com/en_UK/np/home,https://singaporeair.com,2026-01-29 13:36:49,5826.177797604012,1251.8953017595727,1579.5000000000014,0.0008933890385643334,7047.710040449878,5041.053371243655,268,219,5841.91015625,4145.082999999986,39598.4
https://www.malaysiaairlines.com/tw/en/home.html,https://malaysiaairlines.com,2026-01-29 13:38:07,3871.3780847611206,2028.4370613896435,3469.7165497039055,0.05678624884087336,12725.815005809174,8021.867754859759,3,323,10253.162109375,7201.066999999973,73556.9
https://www.boldcontenthub.com/navigating-brunei-air-flights-tickets-and-airport-services/?cmp=cid-98081&dark=true&ra=organic&rp=bruneiair.com,https://bruneiair.com,2026-01-29 13:38:30,1484.6965435885081,1121.87904970412,3,0.014646424349881795,1494.4924613707274,1475.0557977148426,2,55,658.24609375,291.21400000000006,18804.899999999998
https://royalbrunei.com/,https://royalbrunei.com,2026-01-29 13:38:45,421.59891,227.59891,0,0.008554383520718635,421.59891,1120.3252146951652,2,21,196.4326171875,3.639,10845.7
https://laoairlines.com/en/,https://laoairlines.com,2026-01-29 13:39:46,4863.269283074291,1387.1641179898622,117.5,0.004922709383710238,4962.949979064154,4052.3498786604987,69,118,9215.9609375,845.354,17724.8
https://bambooairways.com/vn/vi,https://bambooairways.com,2026-01-29 13:41:21,7575.085218404735,2301.0254966116586,318.9889744382001,0.020088911315044113,10097.153489946948,6180.990071287272,119,391,15201.6357421875,3222.1609999999923,51199.1
https://www.spicejet.com/,https://spicejet.com,2026-01-29 13:43:02,3781.0199133580318,2311.3781,1137.4451100000015,0.02743908746627079,5306.832419000001,5885.426786037746,272,105,4746.3681640625,3567.481000000003,30608.1
https://www.airindia.com/,https://airvistara.com,2026-01-29 13:44:06,4205.819783519582,1143.051821158497,1587.9999999999995,0.025206835963721794,6215.20537535483,5219.73010628117,10,186,6190.86328125,3922.2399999999725,39749.299999999996
https://allianceair.in/,https://allianceair.in,2026-01-29 13:45:52,3171.2064027648767,1360.1217867624214,10,0.1768127951434492,6692.493579795743,2968.7190331815027,1,93,12208.345703125,439.55800000000005,18085.1
https://www.afternic.com/forsale/nok-air.com?utm_source=TDFS_DASLNC&utm_medium=parkedpages&utm_campaign=x_corp_tdfs-daslnc_base&traffic_type=TDFS_DASLNC&traffic_id=daslnc&,https://nok-air.com,2026-01-29 13:47:41,1034.9689428554784,946.964496521188,660.4999999999998,0.005236378266110704,2979.605897841602,2313.17683289676,209,87,2863.7177734375,2187.512999999997,22113.2
https://www.skymark.co.jp/ja/,https://skymark.co.jp,2026-01-29 13:48:52,5857.011811111919,1122.9317349156395,764.9999999999989,0.12472050673718574,9902.602060948531,3474.0746937884323,5,225,10527.8916015625,1983.4829999999995,25769.7
https://www.virginaustralia.com/au/en/,https://virginaustralia.com.au,2026-01-29 13:50:49,8235.902611304382,1336.9860873291973,1065.5,0.25975405418611613,9099.558493153825,5459.841389669485,330,306,7050.46875,4885.4279999999835,71546.7
https://rex.com.au/,https://rex.com.au,2026-01-29 13:51:15,3719.3197418268483,906.0247393637117,453.49999999999955,0.2542955078452019,3945.055085256207,3185.7100885680147,138,107,3222.5576171875,1330.8249999999987,21045.7
https://www.dot-shopping.org/articles/stacking-travel-deals-a-smart-savers-guide.html?psystem=PW&domain=jetconnect.com&oref=https%3A%2F%2Fjetconnect.com%2F,https://jetconnect.com,2026-01-29 13:52:01,1643.1037033157063,1381.776423167963,88.00446678622302,0.2879205386047741,2301.5323689249963,2015.3656790735058,2,73,1036.6708984375,613.2900000000003,20680.9
https://www.airnewzealand.com/,https://airnz.com,2026-01-29 13:52:42,10051.097376096004,5871.058639602107,621.4954011289392,0.9314731625842024,10594.74139756362,5871.058639602107,216,402,10775.341796875,6298.830999999929,36662.299999999996
https://www.airnewzealand.co.nz/,https://airnz.co.nz,2026-01-29 13:53:31,9351.090363849136,5931.06396612945,1624.493602559358,0.6028114819022359,10700.888204712923,5931.06396612945,265,289,9662.462890625,8505.705999999938,42703.6
https://www.hugedomains.com/domain_profile.cfm?d=originpacific.com,https://originpacific.com,2026-01-29 13:54:08,1162.2089454850493,923.3614312292576,115.13456682942592,0,2580.1620017285422,1592.750760775667,4,64,1626.5947265625,644.9649999999995,11390.199999999999
https://www.soundsair.com/,https://soundsair.com,2026-01-29 13:54:49,2508.8331022173306,1101.4426379926276,192.99999999999977,0.005759599560733162,2517.626436255875,2537.052090426779,204,65,1630.01171875,647.73,16243.300000000001
https://www.qantas.com/en-au,https://qantas.com.au,2026-01-29 13:57:41,3320.0365642344386,1069.496044386064,567.5,0.008029646283892246,8471.836581811265,3608.1435912394354,2,354,8774.3505859375,2672.9239999999954,36625.799999999996
https://www.jetconnect.co.nz/,https://jetconnect.co.nz,2026-01-29 13:58:28,1761.8775291758886,858.995678687671,2.4999999999997726,0.00041947923689698185,2149.7844483218337,1585.917238817914,98,144,1603.97265625,672.28,21406.4
https://www.aircalin.asia/en?acr=com-to-asia&rd=1,https://aircalin.com,2026-01-29 13:59:03,3494.3027956362607,1809.5351348188753,214.49999999999955,0.1350494933486755,5787.822725277538,4021.699960695889,10,138,3078.3564453125,836.6770000000007,31345.7
https://www.polynesianblue.com/,https://polynesianblue.com,2026-01-29 14:00:07,865.5977685950533,656.8499880959941,0,0,865.5977685950534,2813.8286324801247,7,45,590.048828125,4.632999999999999,18791.399999999998
https://www.airvanuatu.com/,https://airvanuatu.com,2026-01-29 14:00:57,3094.338547933151,995.1440685187806,595.0734372019349,0.07405258963026493,4505.619194848663,3992.6197307798316,4,151,3983.48828125,2572.915999999999,25003.5
https://airmarshalls.com/,https://airmarshalls.com,2026-01-29 14:02:34,693.5104971135966,341.51574567039484,59,0.0002046163309489722,853.5604971135966,1998.1002561008402,208,20,516.81640625,272.57999999999964,11621.7
https://cheapskat.com/,https://cheapskat.com,2026-01-29 14:03:30,762.1096692249539,762.1096692249539,0,0.009811789955658462,762.1096692249539,762.1096692249539,21,41,506.3271484375,14.284999999999975,11373.2
https://www.dmv.ca.gov/portal/,https://dmv.ca.gov,2026-01-30 13:31:04,2023.3273809560146,913.5318104010937,179.5,0.02032563586695211,2491.0392779866343,2402.311216564243,16,81,1970.6171875,583.0939999999947,17577.5
https://www.ssa.gov/,https://ssa.gov,2026-01-30 13:31:26,1629.023112468699,561.0100665403689,98.99999999999977,0.0008189914262682046,2885.305432175113,2293.4592148208044,7,77,2143.119140625,565.1720000000001,17057.7
https://www.usps.com/,https://usps.com,2026-01-30 13:32:24,1710.0555190675632,551.009655490011,806.0000000000002,0.0026405137367138797,4167.656436993342,2175.5523853465324,9,199,2977.7392578125,1839.4399999999841,53749.3
https://www.healthcare.gov/,https://healthcare.gov,2026-01-30 13:33:15,1502.0152324932578,907.7613073622207,516.5000000000005,0.10786466742550273,4652.521369027924,9013.99710941109,24,176,3100.189453125,2566.0419999999935,46735
https://www.va.gov/,https://va.gov,2026-01-30 13:33:50,1149.2798003831467,825.2774960207976,773.5,0.15631733156587974,4736.5131424835745,4074.850829562845,2,59,2319.2509765625,1698.8209999999965,29964.2
https://www.epa.gov/,https://epa.gov,2026-01-30 13:34:32,2551.383933608271,591.0479917010339,248.0000000000001,0.21068132918957685,2551.383933608271,2185.7024700036536,14,96,2192.375,666.5829999999997,16657.9
https://www.nasa.gov/,https://nasa.gov,2026-01-30 13:34:56,3261.052810522922,723.6715235296213,163.5,0,8404.93457701963,2770.7262327333983,23,89,17325.21484375,708.749,19152.600000000002
https://www.nist.gov/,https://nist.gov,2026-01-30 13:35:41,1438.0057518999802,981.0057518999806,1082.4999999999995,0.017435599929549572,3032.5557518999804,2206.2379213478007,8,83,2562.5830078125,2821.923999999993,40708.8
https://www.nyc.gov/main,https://nyc.gov,2026-01-30 13:36:12,3054.2613524649287,751.0948085400651,224.00000000000114,0.05416298712045038,3740.394758874171,4056.866971592198,50,115,4371.2685546875,1272.0189999999861,27317.4
https://www.chicago.gov/city/en.html,https://chicago.gov,2026-01-30 13:36:37,3090.333926181227,1418.3161044606086,129,0.02312325672129298,4135.217874390232,4017.7390831428593,24,93,3321.1474609375,925.9579999999987,20245.7
https://www.boston.gov/,https://boston.gov,2026-01-30 13:36:57,1185.5216840941532,792.0191066461759,127.49999999999977,0.0008992739472503741,2093.2724068972916,1760.299532130636,138,107,1955.0498046875,484.20300000000066,16480.2
https://seattle.gov/,https://seattle.gov,2026-01-30 13:37:22,2209.6066504974515,711.8267833263567,176,0.7555441082473557,2735.5398725676014,2891.4666127516366,126,40,1606.9091796875,642.7759999999998,20021.2
https://www.miami.gov/Home,https://miami.gov,2026-01-30 13:37:54,4194.9535949062665,1878.7654570231505,241.59940319184034,0,4450.881840415986,6504.174278915041,499,76,3826.8935546875,967.0750000000002,27737.9
https://www.phoenix.gov/,https://phoenix.gov,2026-01-30 13:38:27,3622.03560136307,1243.325808075314,781.5,0.16702315703341777,5492.325766983311,3796.315382303001,12,163,8426.4248046875,1931.9249999999993,27985.399999999998
https://dallascityhall.com/Pages/default.aspx,https://dallas.gov,2026-01-30 13:39:09,5145.021767513039,2524.9901928094873,1411.0029400073627,0,5439.77270225271,8592.876941150658,638,121,9805.65234375,3559.5370000000044,37771.7
https://www.berkeley.edu/,https://berkeley.edu,2026-01-30 13:39:25,2353.2312065472333,1128.3784469480158,44.99999999999977,0.0032293788685431755,2353.2312065472333,1492.4511162791514,9,54,15219.375,177.96300000000022,11992.1
https://www.columbia.edu/,https://columbia.edu,2026-01-30 13:39:59,9712.110722711095,1538.01024307019,490,0.000994839183331798,10012.11438095045,6644.1420213191395,11,136,19937.4443359375,1708.1760000000008,29339.100000000002
https://www.nyu.edu/,https://nyu.edu,2026-01-30 13:40:27,9899.582560892162,1087.0596718247496,1089,0.0009623074551503425,9899.582560892162,5854.119726801277,260,143,21206.185546875,2255.0229999999733,24465.4
https://www.ucla.edu/,https://ucla.edu,2026-01-30 13:40:51,3095.0306535847058,1533.0117233076423,18.5,0.030369023241626908,3289.578206341883,3713.043334637493,182,120,9913.3583984375,365.1069999999999,19338.899999999998
https://umich.edu/,https://umich.edu,2026-01-30 13:41:08,1710.117232674552,581.6514562075545,19.5,1.003827592932627,2034.1498054849299,794.3056921290417,6,82,2786.06640625,337.4199999999999,12777.2
https://www.wisc.edu/,https://wisc.edu,2026-01-30 13:43:30,1192.530107375768,807.5208516476803,22.5,0.0004095707094108697,1883.3554740683214,1722.1921462757678,3,40,4282.1689453125,264.24200000000053,13858.5
https://twin-cities.umn.edu/,https://umn.edu,2026-01-30 13:44:00,1871.0497894652783,1114.5249798263465,887.5,0.010360667886006704,7462.894464507243,4109.200829562354,12,120,7714.296875,2775.366999999991,25687.7
https://www.foxnews.com/,https://foxnews.com,2026-01-30 13:45:59,2254.2856638017643,1113.0035772291358,6574.000000000004,0.0017136134219029942,20490.636792804886,6841.8313416249,68,1314,11414.7802734375,12783.971999999985,111803.9
https://www.ms.now/,https://msnbc.com,2026-01-30 13:46:49,4491.050227598696,1711.0168226407122,832.000000000002,0.1865008605218853,7934.81917739311,4510.401635988336,12,263,8205.9189453125,2449.49399999999,44204.200000000004
https://www.dailymail.co.uk/home/index.html,https://dailymail.co.uk,2026-01-30 13:48:38,1042.0040020735044,939.5707583174182,1330.999999999999,0,18413.169095716294,10787.868805423479,55,2004,9952.666015625,6688.650999999929,103525.5
https://www.thesun.co.uk/,https://thesun.co.uk,2026-01-30 13:49:44,1231.009212779728,1038.703330624454,1040.999999999999,0.011957263904480165,12678.153917555235,3601.579527599543,34,869,5244.7265625,3796.6479999999838,60812.200000000004
https://nypost.com/,https://nypost.com,2026-01-30 13:51:30,1217.7036230332503,975.004339944323,2726.500000000001,0.26233376175690915,17277.428050423336,4596.375521865647,1586,1383,18346.388671875,8376.991999999978,98237
https://www.usatoday.com/,https://usatoday.com,2026-01-30 13:52:19,1342.2091987273486,832.0074114619104,741.377821826806,0.101197793786932,7625.139888261678,3034.778422542129,19,570,3979.6767578125,2588.0129999999954,44516.299999999996
https://www.latimes.com/,https://latimes.com,2026-01-30 13:53:15,1552.0162662271355,832.0051118313031,981.0000000000002,0.005716653357208449,4691.61490354212,3053.020119484463,25,129,3010.2470703125,2223.514999999998,31158.3
https://www.overstock.com/,https://overstock.com,2026-01-30 13:54:07,1252.8179098920355,557.0030967222677,2550,0,5635.769046314744,4004.870738687071,154,121,3208.6689453125,4767.125999999978,44838.1
https://www.wayfair.com/,https://wayfair.com,2026-01-30 13:55:33,1965.613632777296,843.6854547525452,4985.715286258896,0.003736225009199891,15352.64178585734,10265.85800749851,493,1316,51306.3798828125,12453.207999999944,80840.9
https://www.zappos.com/,https://zappos.com,2026-01-30 13:56:09,2850.0562743089195,620.0000043929108,436.00000000000114,0.00015080838170551214,4406.053429506177,2885.26378757022,428,160,3089.9345703125,2275.062999999994,30869.3
https://www.kohls.com/,https://kohls.com,2026-01-30 13:57:22,2477.8165664740195,998.0038183637141,1100.0000000000002,0.01981387477940406,10685.851347600146,3272.537056066154,13,449,6039.98828125,7452.119000000064,68985.3
https://jcpenney.com/,https://jcpenney.com,2026-01-30 13:57:34,482,242,0,0.02672724279835391,482,294.9495483363767,1,4,160.1279296875,0,6915.1
https://www.macys.com/,https://macys.com,2026-01-30 13:58:34,1673.038444459844,1193.0237608069815,2833.489702363957,0.0021178210095438225,11346.767817321248,7589.391994703274,23,395,12600.673828125,7538.381999999974,55177.3
https://siteclosed.nordstrom.com/invitation.html,https://nordstrom.com,2026-01-30 13:58:46,654.4351997375488,654.4351997375488,0,0.0005337536117677961,654.4351997375488,654.4351997375488,62,7,200.798828125,417.88999999999965,8522.3
https://www.anthropologie.com/,https://anthropologie.com,2026-01-30 13:59:07,1200.7589836802272,703.6965579461545,495.7796400000001,2.324637728745294e-05,2119.5804133721504,3513.0075340210237,1,25,491.744140625,1483.6119999999958,15926.3
https://www.urbanoutfitters.com/,https://urbanoutfitters.com,2026-01-30 13:59:25,1199.0208070202425,674.6999053649083,258.8512238224305,3.681522341884832e-05,1590.3208070202427,3295.7620839487477,1,30,489.330078125,1221.9549999999972,14790.400000000001
https://www.forever21.com/,https://forever21.com,2026-01-30 13:59:53,1175,657,58.500000000000455,0.049246193265097445,3109.122059332268,1312.056012558226,36,137,2600.859375,586.5579999999998,22880.5
https://lifehacker.com/,https://lifehacker.com,2026-01-30 14:00:46,2942.0516936490408,817.5053775629358,1250.4999999999984,0.021323370687945868,9794.622255210363,3077.823287873636,16,424,10711.8349609375,5407.06799999999,48089.3
https://www.jalopnik.com/,https://jalopnik.com,2026-01-30 14:02:02,973.0102899416555,483.00870520431874,1859.4478652082994,0,13313.90536223886,3778.366830117381,6,1328,4467.1845703125,5573.014999999993,69966
https://deadspin.com/,https://deadspin.com,2026-01-30 14:02:57,1402.0118760728708,725.7078947103191,868.999999999998,0.007947398605574856,11146.51378498058,2774.9460065474805,15,794,6157.58984375,4337.991999999997,50167.7
https://www.zillow.com/,https://zillow.com,2026-01-30 14:03:33,1279.2050488969198,1008.2045166872097,1897.0000000000018,0.0006316531332009981,8289.611587987576,3561.5682152390546,135,246,5389.98828125,4368.739999999987,29763.300000000003
https://www.realtor.com/,https://realtor.com,2026-01-30 14:04:53,1168.0125857531827,752.0122932137017,2184.993232238917,0.0002880841931090798,12879.345281560885,5007.788291757401,73,1312,5289.771484375,5651.944999999934,75389.7
https://www.redfin.com/,https://redfin.com,2026-01-30 14:05:59,1530.0013802202388,774.0377833465453,1719.0728151825165,0.27242735974978083,7421.918581287628,4166.060940642806,200,207,6254.7138671875,5199.199999999967,61214.9
https://www.trulia.com/,https://trulia.com,2026-01-30 14:06:55,2499.5442919385814,848.0095199943778,1090.4999999999993,0,3800.5718687453855,2683.57190652689,25,90,2249.4912109375,1706.2399999999952,50722.200000000004
https://www.apartments.com/,https://apartments.com,2026-01-30 14:08:04,2515.7473231281765,835.5584581939328,423.00000000000034,0.00020860157023419506,5707.494527881039,2045.4008682162198,6,188,3846.1748046875,1769.1939999999993,62827.200000000004
https://www.rent.com/,https://rent.com,2026-01-30 14:09:02,1600.018549879174,772.0208498002612,988.9791501997372,0,4884.62747650752,1638.750178347503,121,275,2628.7353515625,2393.561000000031,52822.9
https://www.padmapper.com/,https://padmapper.com,2026-01-30 14:09:27,1605.5215715099114,864.0287579832299,480.9958078905636,0,2777.0693016702025,2040.2298150850156,10,66,1210.75,1072.7540000000001,19832.399999999998
https://www.hotels.com/,https://hotels.com,2026-01-30 14:10:13,956.0028370724326,856.5046287346111,1695.4996268740397,0.006781340515963937,6840.498348167177,4519.816892787268,320,241,9098.14453125,3895.070999999988,40882.5
https://www.yelp.com/,https://yelp.com,2026-01-30 14:10:53,2492.507533291354,1720.307950652929,1848.999999999999,0.0009136051845305727,5324.800603786979,3192.4517755096504,394,126,3070.353515625,3674.193999999986,35026.2
https://www.yellowpages.com/,https://yellowpages.com,2026-01-30 14:11:09,1670.218021928009,733.5368862468517,30,0,1674.218021928009,2380.5090656582825,12,42,655.3232421875,198.9860000000004,12385.699999999999
https://www.superpages.com/,https://superpages.com,2026-01-30 14:11:35,1204.1263809506258,969.6377524054608,1.5,0.00014668104028463106,1315.7208461659616,2006.1579441674517,4,61,504.994140625,107.31100000000004,22102.7
https://citysearch.com/,https://citysearch.com,2026-01-30 14:11:51,1513.2081640911574,688.8932946802186,78,7.160067367380544e-05,1513.2081640911574,1638.7365312525149,1,26,460.6435546875,416.35999999999996,11238
https://foursquare.com/,https://foursquare.com,2026-01-30 14:12:38,1295.0227818517856,361.00540586313554,111.5,0.09196827293750072,2093.469483367389,989.6224636721503,19,114,3371.548828125,676.327999999999,21315.100000000002
https://www.allrecipes.com/,https://allrecipes.com,2026-01-30 14:13:25,1195.0120743408243,904.0034017570638,807.9999999999991,0.04057978141415986,7417.643683632636,2059.217779489889,83,480,3354.0869140625,2954.350999999996,42019.8
https://www.foodnetwork.com/,https://foodnetwork.com,2026-01-30 14:14:09,1142.5040854310662,882.5031198609681,606.9999999999977,0.055609600597939804,7391.279843610275,3514.605320947418,20,473,3786.662109375,2829.5759999999977,40085.2
https://www.epicurious.com/,https://epicurious.com,2026-01-30 14:15:40,4471.900140805439,831.0110389932394,4036.040805121682,0.09016814088772014,15199.66799361891,4906.430116635883,51,590,14758.4248046875,9859.43699999997,85403
https://www.bonappetit.com/,https://bonappetit.com,2026-01-30 14:17:33,3573.004406961003,991.0027786981215,3453.000000000001,0.07635827555980557,21838.940983943234,6064.176210308919,33,1284,16798.146484375,11907.382999999949,106791.20000000001
https://www.food.com/,https://food.com,2026-01-30 14:18:20,1202.0147697132459,626.0046994542145,717.4999999999991,0,6591.590930359969,4517.937283469911,10,428,3467.7646484375,3077.3979999999947,42699.5
https://www.delish.com/,https://delish.com,2026-01-30 14:19:02,3075.03293589285,766.0065060680151,1001.4999999999977,0.018344233525926686,8312.072250291227,3319.302625185912,32,338,7249.25390625,3550.911999999986,38148.1
https://www.eatingwell.com/,https://eatingwell.com,2026-01-30 14:19:58,4858.44227468727,896.5016062507408,1107.0000000000027,0.13061319627061918,12651.03231115167,4228.165706447859,32,750,6827.06640625,5707.282999999966,51816.6
https://www.tasteofhome.com/,https://tasteofhome.com,2026-01-30 14:20:20,1151,831,0,0,1151,831,21,112,1310.1318359375,65.95000000000002,17024
https://weibo.com/newlogin?url=https%3A%2F%2Fweibo.com%2F,https://weibo.com,2026-01-30 14:21:00,3914.9084730285786,2744.633602903008,855.5000000000005,0.014521923075071294,4834.3831018018955,6684.647237025048,2,69,3488.2138671875,2933.4249999999884,33792.9
https://vk.com/,https://vk.com,2026-01-30 14:21:36,4331.0000392596385,2660.5000314077106,1566.5,0.002921817704229052,5418.000031407711,5311.747335756891,133,147,3582.5166015625,3960.490999999958,29814.600000000002
https://ok.ru/,https://ok.ru,2026-01-30 14:22:08,1654.4415393064164,1288.0304623475113,178,0.0025968040415316816,4222.093678001285,3375.3380548766436,497,229,2833.373046875,1024.7270000000008,28471.5
https://dzen.ru/?yredirect=true&is_autologin_ya=true,https://yandex.ru,2026-01-30 14:23:23,7459.819326780584,952.5813860829223,1347.872348338683,0.0025651356793728137,8300.491833032469,7151.785336902731,610,208,5410.2021484375,4701.158999999905,64962.3
https://mail.ru/?autologin=no,https://mail.ru,2026-01-30 14:24:36,4016.79181120065,1424.1789685195708,421.50000000000045,0.024079541791682226,9353.573927656455,8223.57938365136,868,315,6655.9765625,2789.582999999956,68869.5
https://www.mygov.in/,https://mygov.in,2026-01-30 14:26:18,5969.930144870883,998.0204836583965,383.9999999999998,0.414755754931306,17170.15034978304,8605.210543495159,28,784,30784.775390625,3771.3669999999906,58309.5
https://cabinet.gov.pk/,https://cabinet.gov.pk,2026-01-30 14:27:30,3563.0316457370054,1446.0112760672089,84.5,0.2326433874630377,3743.432846092547,5629.767336997222,801,151,8288.0849609375,731.8240000000001,28379.4
